{
    "k": 19,
    "inertia_score": -93265.546875,
    "silhouette_score": 0.181979238986969,
    "cluster_counts": [
        49,
        67,
        40,
        27,
        24,
        28,
        41,
        57,
        28,
        39,
        16,
        55,
        24,
        44,
        21,
        36,
        26,
        41,
        18
    ],
    "centroids": [
        "index19_frame_004",
        "index104_frame_015",
        "index2_frame_015",
        "index88_frame_009",
        "index8_frame_023",
        "Screenshot (2)",
        "Screenshot (422)",
        "Alto 40",
        "index32_frame_008",
        "index57_frame_013",
        "index113_frame_001",
        "index20_frame_017",
        "index80_frame_013",
        "index100_frame_009",
        "index62_frame_001",
        "index71_frame_002",
        "index82_frame_016",
        "index15_frame_019",
        "index31_frame_013"
    ],
    "samples": [
        [
            "index19_frame_012",
            "index19_frame_014",
            "index19_frame_024",
            "index19_frame_028",
            "index19_frame_025",
            "index107_frame_007",
            "index66_frame_008",
            "index107_frame_002",
            "index66_frame_003",
            "index66_frame_014",
            "index107_frame_004",
            "index108_frame_002",
            "index107_frame_018",
            "index107_frame_017",
            "index107_frame_013",
            "index26_frame_015"
        ],
        [
            "index104_frame_019",
            "index102_frame_014",
            "index102_frame_004",
            "index102_frame_011",
            "index102_frame_013",
            "index102_frame_007",
            "index6_frame_006",
            "index104_frame_004",
            "index6_frame_004",
            "index6_frame_012",
            "Screenshot (637)",
            "Screenshot (641)",
            "Screenshot (646)",
            "index102_frame_009",
            "Screenshot (631)",
            "Screenshot (643)"
        ],
        [
            "index2_frame_016",
            "index83_frame_003",
            "index83_frame_013",
            "index83_frame_012",
            "index83_frame_014",
            "index83_frame_009",
            "index83_frame_006",
            "index83_frame_007",
            "index83_frame_010",
            "index69_frame_007",
            "index2_frame_009",
            "index69_frame_010",
            "index2_frame_018",
            "index69_frame_001",
            "index69_frame_003",
            "index86_frame_024"
        ],
        [
            "index88_frame_008",
            "index88_frame_017",
            "index88_frame_011",
            "index88_frame_013",
            "index88_frame_024",
            "index88_frame_021",
            "index88_frame_010",
            "index88_frame_018",
            "index88_frame_027",
            "index88_frame_001",
            "index88_frame_030",
            "index88_frame_026",
            "index88_frame_012",
            "index88_frame_029",
            "index88_frame_028",
            "index88_frame_002"
        ],
        [
            "index8_frame_021",
            "index8_frame_005",
            "index8_frame_025",
            "index8_frame_029",
            "index8_frame_008",
            "index8_frame_001",
            "index8_frame_007",
            "index8_frame_027",
            "index8_frame_002",
            "index8_frame_030",
            "index8_frame_011",
            "index8_frame_022",
            "index8_frame_028",
            "index8_frame_006",
            "DataSetVari 58",
            "DataSetVari 62"
        ],
        [
            "Screenshot (11)",
            "Screenshot (14)",
            "Screenshot (24)",
            "Screenshot (8)",
            "Screenshot (25)",
            "Screenshot (16)",
            "Screenshot (21)",
            "Screenshot (20)",
            "Screenshot (23)",
            "Screenshot (17)",
            "Screenshot (7)",
            "Screenshot (18)",
            "Screenshot (15)",
            "Screenshot (13)",
            "Screenshot (12)",
            "Screenshot (22)"
        ],
        [
            "Screenshot (428)",
            "Screenshot (409)",
            "Screenshot (419)",
            "Screenshot (414)",
            "DataSetVari 21",
            "Screenshot (453)",
            "Screenshot (408)",
            "Screenshot (417)",
            "Screenshot (410)",
            "Screenshot (461)",
            "Screenshot (455)",
            "Screenshot (442)",
            "Screenshot (440)",
            "index106_frame_002",
            "index106_frame_004",
            "DataSetVari 22"
        ],
        [
            "Alto 34",
            "DataSetVari 33",
            "Alto 39",
            "Alto 35",
            "DataSetVari 36",
            "Alto 42",
            "DataSetVari 39",
            "DataSetVari 44",
            "Alto 52",
            "DataSetVari 83",
            "DataSetVari 37",
            "index81_frame_002",
            "Alto 46",
            "index81_frame_013",
            "DataSetVari 73",
            "Alto 45"
        ],
        [
            "index32_frame_007",
            "index32_frame_006",
            "index32_frame_009",
            "index32_frame_017",
            "index32_frame_018",
            "index32_frame_011",
            "index32_frame_003",
            "index32_frame_010",
            "index108_frame_016",
            "index32_frame_001",
            "index32_frame_004",
            "DataSetVari 46",
            "index32_frame_019",
            "index108_frame_008",
            "index32_frame_002",
            "index108_frame_005"
        ],
        [
            "index57_frame_009",
            "index57_frame_015",
            "index57_frame_020",
            "index74_frame_004",
            "index74_frame_011",
            "index57_frame_012",
            "index74_frame_010",
            "index74_frame_006",
            "index57_frame_017",
            "index57_frame_010",
            "index74_frame_012",
            "index74_frame_019",
            "index74_frame_014",
            "index57_frame_005",
            "index74_frame_008",
            "index57_frame_002"
        ],
        [
            "index113_frame_003",
            "index113_frame_012",
            "index113_frame_007",
            "index113_frame_005",
            "index113_frame_013",
            "index113_frame_008",
            "index113_frame_011",
            "index113_frame_004",
            "index113_frame_018",
            "index113_frame_009",
            "index113_frame_017",
            "index113_frame_015",
            "index113_frame_019",
            "index113_frame_020",
            "index113_frame_002"
        ],
        [
            "index20_frame_014",
            "index95_frame_004",
            "index95_frame_003",
            "index95_frame_001",
            "index95_frame_009",
            "index20_frame_005",
            "index33_frame_010",
            "index33_frame_004",
            "index33_frame_011",
            "index20_frame_026",
            "index33_frame_003",
            "index20_frame_024",
            "index20_frame_001",
            "index20_frame_006",
            "index14_frame_017",
            "index20_frame_012"
        ],
        [
            "index80_frame_009",
            "index80_frame_004",
            "index80_frame_017",
            "index80_frame_015",
            "index80_frame_012",
            "index80_frame_014",
            "index80_frame_006",
            "index80_frame_007",
            "index80_frame_011",
            "index80_frame_008",
            "index80_frame_016",
            "index2_frame_006",
            "index2_frame_004",
            "index80_frame_018",
            "index2_frame_001",
            "index80_frame_005"
        ],
        [
            "index100_frame_013",
            "index100_frame_010",
            "index18_frame_012",
