{
    "k": 14,
    "inertia_score": -122652.265625,
    "silhouette_score": 0.13222157955169678,
    "cluster_counts": [
        93,
        83,
        63,
        44,
        89,
        49,
        107,
        39,
        34,
        16,
        58,
        26,
        20,
        17
    ],
    "centroids": [
        "index2_frame_016",
        "index104_frame_015",
        "index100_frame_009",
        "Screenshot (422)",
        "index28_frame_001",
        "Foto 77",
        "index72_frame_013",
        "index57_frame_013",
        "index20_frame_014",
        "index32_frame_018",
        "Alto 9",
        "Screenshot (2)",
        "index70_frame_008",
        "index113_frame_001"
    ],
    "samples": [
        [
            "index2_frame_006",
            "index80_frame_012",
            "index80_frame_006",
            "index2_frame_013",
            "index2_frame_001",
            "index80_frame_007",
            "index80_frame_003",
            "Screenshot (369)",
            "index2_frame_012",
            "Screenshot (355)",
            "index69_frame_005",
            "Screenshot (361)",
            "index69_frame_002",
            "index71_frame_009",
            "index83_frame_008",
            "index71_frame_011",
            "index86_frame_021",
            "index71_frame_015",
            "index71_frame_017",
            "index86_frame_034"
        ],
        [
            "index102_frame_003",
            "index104_frame_019",
            "index102_frame_014",
            "index102_frame_010",
            "index102_frame_008",
            "index102_frame_007",
            "index102_frame_012",
            "index6_frame_006",
            "Screenshot (677)",
            "index108_frame_004",
            "index108_frame_009",
            "index108_frame_001",
            "index6_frame_013",
            "DataSetVari 46",
            "Screenshot (624)",
            "index102_frame_009",
            "Screenshot (675)",
            "index108_frame_011",
            "Screenshot (674)",
            "Screenshot (522)"
        ],
        [
            "index65_frame_007",
            "index65_frame_015",
            "index65_frame_006",
            "index41_frame_017",
            "index41_frame_019",
            "index65_frame_020",
            "index65_frame_019",
            "index100_frame_019",
            "index65_frame_002",
            "index41_frame_005",
            "index100_frame_001",
            "index100_frame_017",
            "index41_frame_020",
            "index66_frame_009",
            "index25_frame_005",
            "index18_frame_012",
            "index65_frame_030",
            "index18_frame_002",
            "index18_frame_013",
            "Screenshot (521)"
        ],
        [
            "Screenshot (428)",
            "Screenshot (409)",
            "Screenshot (480)",
            "Screenshot (419)",
            "DataSetVari 21",
            "Screenshot (469)",
            "Screenshot (408)",
            "Screenshot (417)",
            "Screenshot (447)",
            "Screenshot (461)",
            "Screenshot (455)",
            "Screenshot (442)",
            "Screenshot (445)",
            "index106_frame_002",
            "index106_frame_004",
            "index106_frame_005",
            "index106_frame_007",
            "index106_frame_001",
            "index106_frame_011",
            "Screenshot (481)"
        ],
        [
            "index28_frame_004",
            "index28_frame_005",
            "index28_frame_009",
            "index28_frame_010",
            "index66_frame_014",
            "index59_frame_002",
            "index83_frame_012",
            "index59_frame_006",
            "index83_frame_004",
            "index59_frame_009",
            "index108_frame_003",
            "index25_frame_006",
            "index83_frame_011",
            "DataSetVari 62",
            "index25_frame_002",
            "index108_frame_002",
            "DataSetVari 55",
            "DataSetVari 27",
            "index33_frame_003",
            "index16_frame_004"
        ],
        [
            "Foto 84",
            "Foto 141",
            "Foto 92",
            "Foto 165",
            "Foto 100",
            "Foto 122",
            "Foto 20",
            "Foto 113",
            "Foto 66",
            "Foto 126",
            "Foto 34",
            "Foto 79",
            "Foto 204",
            "Foto 196",
            "Foto 38",
            "Foto 89",
            "Foto 56",
            "Foto 75",
            "Foto 200",
            "Foto 207"
        ],
        [
            "index72_frame_025",
            "index72_frame_001",
            "index72_frame_023",
            "index88_frame_020",
            "index72_frame_019",
            "index88_frame_002",
            "index88_frame_006",
            "index62_frame_027",
            "index107_frame_011",
            "index62_frame_013",
            "index95_frame_008",
            "index62_frame_023",
            "index9_frame_011",
            "index107_frame_009",
            "index88_frame_013",
            "index107_frame_014",
            "index107_frame_016",
            "index107_frame_013",
            "index9_frame_012",
            "index9_frame_010"
        ],
        [
            "index57_frame_009",
            "index57_frame_007",
            "index57_frame_015",
            "index57_frame_006",
            "index57_frame_020",
            "index57_frame_018",
            "index74_frame_004",
            "index57_frame_004",
            "index74_frame_011",
            "index57_frame_016",
            "index57_frame_012",
            "index74_frame_007",
            "index74_frame_010",
            "index74_frame_018",
            "index74_frame_006",
            "index74_frame_016",
            "index57_frame_017",
            "index57_frame_011",
            "index57_frame_010",
            "index57_frame_003"
        ],
        [
            "index20_frame_005",
            "index20_frame_026",
            "index20_frame_009",
            "index20_frame_006",
            "index20_frame_013",
            "index20_frame_021",
            "index20_frame_004",
            "index20_frame_024",
            "index20_frame_022",
            "index20_frame_012",
            "index20_frame_025",
            "index20_frame_017",
            "index20_frame_011",
            "index20_frame_019",
            "index20_frame_008",
            "index20_frame_018",
            "index20_frame_016",
            "index20_frame_001",
            "index14_frame_007",
            "index20_frame_002"
        ],
        [
            "index32_frame_017",
            "index32_frame_008",
            "index32_frame_010",
            "index32_frame_007",
            "index32_frame_009",
            "index32_frame_004",
            "index32_frame_011",
            "index32_frame_001",
            "index32_frame_003",
            "index32_frame_006",
            "index32_frame_016",
            "index32_frame_002",
            "index32_frame_019",
            "index32_frame_005",
            "index32_frame_020"
        ],
        [
            "Alto 33",
            "Alto 35",
            "Alto 39",
            "Alto 44",
            "Alto 43",
            "DataSetVari 28",
            "DataSetVari 34",
            "Alto 37",
            "DataSetVari 33",
            "Alto 42",
            "DataSetVari 36",
            "Alto 4",
            "DataSetVari 1",
            "Alto 12",
            "index81_frame_017",
            "DataSetVari 12",
            "DataSetVari 29",
            "Alto 53",
            "index81_frame_009",
            "Alto 50"
        ],
        [
            "Screenshot (16)",
            "Screenshot (14)",
            "Screenshot (24)",
            "Screenshot (25)",
            "Screenshot (23)",
            "Screenshot (8)",
            "Screenshot (11)",
            "Screenshot (20)",
            "Screenshot (22)",
