{
    "k": 20,
    "inertia_score": -91885.7578125,
    "silhouette_score": 0.19045087695121765,
    "cluster_counts": [
        26,
        39,
        31,
        81,
        16,
        45,
        54,
        17,
        34,
        25,
        28,
        17,
        25,
        29,
        18,
        72,
        24,
        48,
        29,
        23
    ],
    "centroids": [
        "index82_frame_016",
        "index57_frame_013",
        "index100_frame_009",
        "index102_frame_006",
        "index20_frame_014",
        "index88_frame_017",
        "Screenshot (422)",
        "index113_frame_001",
        "index19_frame_004",
        "index32_frame_017",
        "Screenshot (2)",
        "index69_frame_009",
        "index80_frame_013",
        "index62_frame_001",
        "index31_frame_013",
        "index2_frame_015",
        "DataSetVari 32",
        "index8_frame_021",
        "index95_frame_020",
        "Alto 34"
    ],
    "samples": [
        [
            "index82_frame_023",
            "index82_frame_021",
            "index82_frame_018",
            "index82_frame_015",
            "index82_frame_011",
            "index82_frame_022",
            "index82_frame_026",
            "index82_frame_019",
            "index82_frame_027",
            "index82_frame_010",
            "index82_frame_009",
            "index82_frame_003",
            "index82_frame_024",
            "index82_frame_028",
            "index82_frame_025"
        ],
        [
            "index57_frame_009",
            "index57_frame_015",
            "index57_frame_020",
            "index74_frame_004",
            "index74_frame_011",
            "index57_frame_012",
            "index74_frame_010",
            "index74_frame_006",
            "index57_frame_017",
            "index57_frame_010",
            "index74_frame_012",
            "index74_frame_019",
            "index74_frame_014",
            "index57_frame_005",
            "index74_frame_008"
        ],
        [
            "index100_frame_013",
            "index100_frame_010",
            "index100_frame_001",
            "index100_frame_006",
            "index100_frame_005",
            "index100_frame_015",
            "index18_frame_012",
            "index18_frame_008",
            "index18_frame_010",
            "index25_frame_004",
            "index18_frame_004",
            "index25_frame_005",
            "index18_frame_013",
            "Screenshot (573)",
            "Screenshot (520)"
        ],
        [
            "index102_frame_004",
            "index104_frame_015",
            "index104_frame_011",
            "index104_frame_002",
            "index102_frame_020",
            "index6_frame_003",
            "index6_frame_020",
            "index108_frame_005",
            "index99_frame_014",
            "index99_frame_019",
            "index99_frame_023",
            "index99_frame_013",
            "index108_frame_011",
            "index108_frame_012",
            "Screenshot (517)"
        ],
        [
            "index20_frame_009",
            "index20_frame_005",
            "index20_frame_021",
            "index20_frame_004",
            "index20_frame_024",
            "index20_frame_013",
            "index20_frame_006",
            "index20_frame_025",
            "index20_frame_026",
            "index20_frame_017",
            "index20_frame_001",
            "index20_frame_012",
            "index20_frame_011",
            "index20_frame_018",
            "index23_frame_020"
        ],
        [
            "index88_frame_009",
            "index88_frame_024",
            "index88_frame_018",
            "index88_frame_027",
            "index88_frame_030",
            "index88_frame_025",
            "index88_frame_023",
            "index88_frame_007",
            "index15_frame_028",
            "index15_frame_003",
            "index15_frame_017",
            "DataSetVari 55",
            "DataSetVari 20",
            "index14_frame_017",
            "index14_frame_016"
        ],
        [
            "Screenshot (428)",
            "DataSetVari 21",
            "Screenshot (469)",
            "Screenshot (476)",
            "Screenshot (408)",
            "Screenshot (439)",
            "Screenshot (413)",
            "Screenshot (440)",
            "index106_frame_002",
            "index106_frame_014",
            "index106_frame_005",
            "Screenshot (639)",
            "Screenshot (673)",
            "DataSetVari 5",
            "Screenshot (637)"
        ],
        [
            "index113_frame_003",
            "index113_frame_012",
            "index113_frame_007",
            "index113_frame_005",
            "index113_frame_013",
            "index113_frame_008",
            "index113_frame_011",
            "index113_frame_004",
            "index113_frame_017",
            "index113_frame_018",
            "index113_frame_009",
            "index113_frame_015",
            "index113_frame_019",
            "index113_frame_020",
            "index113_frame_002"
        ],
        [
            "index19_frame_012",
            "index19_frame_018",
            "index19_frame_022",
            "index19_frame_024",
            "index19_frame_019",
            "index107_frame_006",
            "index19_frame_003",
            "index107_frame_002",
            "index107_frame_016",
            "index107_frame_004",
            "index19_frame_011",
            "index107_frame_020",
            "index107_frame_018",
            "index107_frame_017",
            "index107_frame_013"
        ],
        [
            "index32_frame_018",
            "index32_frame_001",
            "index32_frame_016",
            "index32_frame_008",
            "index32_frame_003",
            "index32_frame_006",
            "index32_frame_019",
            "index32_frame_004",
            "index32_frame_010",
            "index32_frame_007",
            "index32_frame_002",
            "index32_frame_005",
            "index32_frame_009",
            "index32_frame_011",
            "index32_frame_020"
        ],
        [
            "Screenshot (11)",
            "Screenshot (14)",
            "Screenshot (24)",
            "Screenshot (8)",
            "Screenshot (25)",
            "Screenshot (16)",
            "Screenshot (21)",
            "Screenshot (20)",
            "Screenshot (23)",
            "Screenshot (17)",
            "Screenshot (7)",
            "Screenshot (18)",
            "Screenshot (15)",
            "Screenshot (13)",
            "Screenshot (12)"
        ],
        [
            "index69_frame_011",
            "index69_frame_008",
            "index69_frame_010",
            "index69_frame_003",
            "index69_frame_005",
            "index69_frame_002",
            "index69_frame_007",
            "index69_frame_001",
            "index69_frame_004",
            "index86_frame_067",
            "index86_frame_024",
            "index86_frame_062",
            "index86_frame_034",
            "index86_frame_060",
            "index86_frame_035"
        ],
        [
            "index80_frame_009",
            "index80_frame_004",
            "index80_frame_017",
            "index80_frame_012",
            "index80_frame_015",
            "index80_frame_014",
            "index80_frame_006",
            "index80_frame_007",
            "index80_frame_011",
            "index80_frame_008",
            "index2_frame_004",
            "index2_frame_006",
            "index80_frame_016",
            "index80_frame_018",
            "index2_frame_001"
        ],
        [
            "index62_frame_018",
            "index62_frame_025",
            "index62_frame_024",
            "index62_frame_002",
            "index62_frame_006",
            "index62_frame_021",
            "index62_frame_027",
            "index62_frame_017",
            "index62_frame_014",
            "index62_frame_013",
