{
    "k": 10,
    "inertia_score": -115978.5859375,
    "silhouette_score": 0.1331285685300827,
    "cluster_counts": [
        64,
        99,
        69,
        87,
        71,
        83,
        49,
        39,
        102,
        18
    ],
    "centroids": [
        "index88_frame_017",
        "index2_frame_016",
        "index19_frame_018",
        "DataSetVari 28",
        "Screenshot (422)",
        "index102_frame_006",
        "index82_frame_021",
        "index57_frame_013",
        "index8_frame_005",
        "index31_frame_013"
    ],
    "samples": [
        [
            "index88_frame_009",
            "index88_frame_021",
            "index88_frame_024",
            "index88_frame_013",
            "index88_frame_012",
            "index88_frame_028",
            "index88_frame_001",
            "index88_frame_022",
            "index15_frame_011",
            "index88_frame_014",
            "index88_frame_007",
            "index15_frame_007",
            "index88_frame_019",
            "index15_frame_018",
            "index15_frame_003",
            "index15_frame_012",
            "index15_frame_005",
            "index20_frame_014",
            "DataSetVari 55",
            "index20_frame_009",
            "index14_frame_007",
            "DataSetVari 5",
            "index14_frame_017"
        ],
        [
            "index2_frame_015",
            "index2_frame_006",
            "index2_frame_009",
            "index83_frame_003",
            "index80_frame_009",
            "index2_frame_012",
            "index80_frame_003",
            "index2_frame_001",
            "index113_frame_011",
            "index83_frame_012",
            "index80_frame_013",
            "index71_frame_014",
            "index71_frame_001",
            "index69_frame_010",
            "index69_frame_005",
            "index71_frame_004",
            "index71_frame_016",
            "index83_frame_011",
            "index113_frame_001",
            "index71_frame_013",
            "index113_frame_015",
            "index113_frame_002",
            "index71_frame_005"
        ],
        [
            "index19_frame_012",
            "index19_frame_004",
            "index19_frame_024",
            "index19_frame_025",
            "index66_frame_016",
            "index19_frame_019",
            "index66_frame_007",
            "index19_frame_026",
            "index19_frame_011",
            "index100_frame_009",
            "index100_frame_013",
            "index107_frame_002",
            "index107_frame_006",
            "index100_frame_005",
            "index107_frame_020",
            "index18_frame_012",
            "index100_frame_017",
            "index18_frame_013",
            "index18_frame_006",
            "index66_frame_002",
            "index18_frame_014",
            "index107_frame_017",
            "index107_frame_013"
        ],
        [
            "Alto 36",
            "Alto 9",
            "DataSetVari 33",
            "Alto 41",
            "Screenshot (8)",
            "DataSetVari 34",
            "Alto 35",
            "Alto 8",
            "Screenshot (2)",
            "Screenshot (25)",
            "Alto 11",
            "Alto 51",
            "Alto 4",
            "Screenshot (12)",
            "DataSetVari 35",
            "DataSetVari 29",
            "Alto 10",
            "Alto 47",
            "Alto 53",
            "Alto 50",
            "index81_frame_018",
            "DataSetVari 77",
            "Alto 49"
        ],
        [
            "Screenshot (428)",
            "Screenshot (453)",
            "Screenshot (469)",
            "Screenshot (439)",
            "index104_frame_002",
            "index104_frame_011",
            "index106_frame_002",
            "Screenshot (438)",
            "index104_frame_018",
            "index106_frame_014",
            "Screenshot (639)",
            "index104_frame_003",
            "index104_frame_020",
            "index106_frame_005",
            "Screenshot (670)",
            "index106_frame_007",
            "index104_frame_001",
            "index104_frame_016",
            "index106_frame_011",
            "DataSetVari 23",
            "index106_frame_018",
            "index106_frame_003",
            "Screenshot (643)"
        ],
        [
            "index102_frame_017",
            "index102_frame_002",
            "index102_frame_018",
            "index102_frame_001",
            "index108_frame_009",
            "index102_frame_012",
            "index102_frame_011",
            "index32_frame_008",
            "index6_frame_003",
            "index108_frame_019",
            "index32_frame_006",
            "index108_frame_012",
            "index6_frame_012",
            "index99_frame_008",
            "index6_frame_004",
            "index6_frame_005",
            "index99_frame_020",
            "Screenshot (631)",
            "index32_frame_004",
            "index99_frame_019",
            "index6_frame_009",
            "index99_frame_012",
            "index32_frame_009"
        ],
        [
            "index82_frame_018",
            "index82_frame_011",
            "index82_frame_015",
            "index82_frame_009",
            "index82_frame_003",
            "index82_frame_019",
            "index82_frame_028",
            "index82_frame_027",
            "index82_frame_025",
            "index82_frame_017",
            "index82_frame_029",
            "index62_frame_013",
            "index62_frame_024",
            "index82_frame_012",
            "index82_frame_013",
            "index62_frame_022",
            "index62_frame_003",
            "index62_frame_010",
            "index62_frame_014",
            "index62_frame_017",
            "index62_frame_012",
            "index62_frame_027",
            "index62_frame_030"
        ],
        [
            "index57_frame_009",
            "index57_frame_007",
            "index57_frame_015",
            "index57_frame_006",
            "index57_frame_020",
            "index57_frame_018",
            "index74_frame_004",
            "index57_frame_004",
            "index74_frame_011",
            "index57_frame_016",
            "index57_frame_012",
            "index74_frame_007",
            "index74_frame_010",
            "index74_frame_018",
            "index74_frame_006",
            "index74_frame_016",
            "index57_frame_017",
            "index57_frame_011",
            "index57_frame_010",
            "index57_frame_003",
            "index74_frame_012",
            "index74_frame_003",
            "index74_frame_019"
        ],
        [
            "index8_frame_021",
            "DataSetVari 60",
            "index8_frame_008",
            "index25_frame_004",
            "index59_frame_002",
            "DataSetVari 54",
            "index26_frame_004",
            "index95_frame_002",
            "index26_frame_018",
            "index8_frame_006",
            "DataSetVari 48",
            "index59_frame_012",
            "index59_frame_005",
            "index26_frame_015",
            "index33_frame_006",
            "index9_frame_012",
            "index9_frame_011",
            "index33_frame_002",
            "index33_frame_009",
            "index16_frame_004",
            "index33_frame_008",
            "Foto 209",
            "index16_frame_010"
        ],
        [
            "index31_frame_028",
            "index31_frame_017",
            "index31_frame_021",
            "index31_frame_003",
            "index31_frame_012",
            "index31_frame_001",
            "index31_frame_010",
            "index31_frame_024",
            "index31_frame_005",
            "index31_frame_009",
            "index31_frame_019",
            "index31_frame_007",
            "index31_frame_026",
            "index31_frame_004",
            "index31_frame_022",
            "index31_frame_030",
            "index31_frame_015"
        ]
    ]
}