{
    "k": 6,
    "inertia_score": -131422.953125,
    "silhouette_score": 0.10208543390035629,
    "cluster_counts": [
        132,
        189,
        142,
        100,
        39,
        79
    ],
    "centroids": [
        "index2_frame_016",
        "index8_frame_021",
        "index104_frame_011",
        "Alto 9",
        "index57_frame_013",
        "index88_frame_017"
    ],
    "samples": [
        [
            "index2_frame_015",
            "index2_frame_013",
            "index2_frame_006",
            "index80_frame_012",
            "index71_frame_002",
            "index59_frame_002",
            "index2_frame_004",
            "index80_frame_003",
            "index80_frame_019",
            "index71_frame_009",
            "index69_frame_007",
            "index71_frame_014",
            "index83_frame_010",
            "index80_frame_018",
            "index80_frame_008",
            "index71_frame_003",
            "index59_frame_009",
            "index59_frame_006",
            "index71_frame_007",
            "index113_frame_008",
            "index59_frame_010",
            "index71_frame_006",
            "index113_frame_001",
            "index69_frame_004",
            "index95_frame_003",
            "index113_frame_002",
            "index59_frame_014"
        ],
        [
            "index8_frame_005",
            "index19_frame_004",
            "index19_frame_022",
            "index66_frame_004",
            "index66_frame_005",
            "index8_frame_008",
            "index8_frame_027",
            "index25_frame_001",
            "index82_frame_008",
            "index19_frame_009",
            "index18_frame_012",
            "index100_frame_013",
            "index26_frame_004",
            "index107_frame_004",
            "index62_frame_013",
            "index100_frame_001",
            "index62_frame_006",
            "DataSetVari 62",
            "index100_frame_003",
            "index33_frame_004",
            "DataSetVari 46",
            "index62_frame_003",
            "index62_frame_027",
            "index99_frame_012",
            "index33_frame_010",
            "index16_frame_001",
            "Foto 166"
        ],
        [
            "index104_frame_015",
            "index104_frame_020",
            "index102_frame_018",
            "index102_frame_016",
            "index104_frame_004",
            "Screenshot (625)",
            "index6_frame_020",
            "Screenshot (439)",
            "Screenshot (453)",
            "Screenshot (639)",
            "index108_frame_004",
            "index108_frame_009",
            "Screenshot (665)",
            "index6_frame_009",
            "Screenshot (420)",
            "Screenshot (646)",
            "index108_frame_006",
            "DataSetVari 23",
            "index6_frame_017",
            "index31_frame_012",
            "Screenshot (533)",
            "index31_frame_017",
            "index31_frame_013",
            "index31_frame_021",
            "index31_frame_009",
            "index31_frame_007",
            "index31_frame_010"
        ],
        [
            "DataSetVari 28",
            "Screenshot (9)",
            "Alto 36",
            "Alto 8",
            "Alto 41",
            "Screenshot (6)",
            "Screenshot (16)",
            "DataSetVari 40",
            "Screenshot (2)",
            "Screenshot (25)",
            "Alto 37",
            "Alto 52",
            "Alto 39",
            "Screenshot (19)",
            "Screenshot (7)",
            "Screenshot (12)",
            "DataSetVari 30",
            "Alto 47",
            "Alto 50",
            "Alto 53",
            "index81_frame_002",
            "index32_frame_002",
            "index32_frame_005",
            "index32_frame_019",
            "Alto 12",
            "index81_frame_017",
            "DataSetVari 83"
        ],
        [
            "index57_frame_009",
            "index57_frame_007",
            "index57_frame_015",
            "index57_frame_006",
            "index57_frame_020",
            "index57_frame_018",
            "index74_frame_004",
            "index57_frame_004",
            "index74_frame_011",
            "index57_frame_016",
            "index57_frame_012",
            "index74_frame_007",
            "index74_frame_010",
            "index74_frame_018",
            "index74_frame_006",
            "index74_frame_016",
            "index57_frame_017",
            "index57_frame_011",
            "index57_frame_010",
            "index57_frame_003",
            "index74_frame_012",
            "index74_frame_003",
            "index74_frame_019",
            "index74_frame_013",
            "index74_frame_014",
            "index74_frame_020",
            "index57_frame_005"
        ],
        [
            "index88_frame_009",
            "index88_frame_011",
            "index88_frame_018",
            "index88_frame_013",
            "index88_frame_012",
            "index15_frame_011",
            "index88_frame_030",
            "index88_frame_029",
            "index88_frame_007",
            "index88_frame_026",
            "index15_frame_007",
            "index15_frame_001",
            "index15_frame_018",
            "index15_frame_028",
            "index15_frame_003",
            "index15_frame_009",
            "index20_frame_014",
            "index88_frame_020",
            "DataSetVari 56",
            "DataSetVari 55",
            "DataSetVari 20",
            "index14_frame_007",
            "index20_frame_005",
            "index15_frame_027",
            "index14_frame_017",
            "Screenshot (480)",
            "index108_frame_014"
        ]
    ]
}