{
    "k": 12,
    "inertia_score": -126516.484375,
    "silhouette_score": 0.12359976768493652,
    "cluster_counts": [
        58,
        82,
        82,
        39,
        58,
        58,
        119,
        45,
        26,
        81,
        20,
        63
    ],
    "centroids": [
        "Foto 77",
        "index2_frame_015",
        "index104_frame_015",
        "index57_frame_013",
        "Alto 9",
        "Screenshot (422)",
        "index65_frame_015",
        "index62_frame_001",
        "Screenshot (2)",
        "index72_frame_001",
        "index70_frame_008",
        "index2_frame_006"
    ],
    "samples": [
        [
            "index107_frame_006",
            "index107_frame_007",
            "Foto 27",
            "Foto 165",
            "Foto 206",
            "index30_frame_016",
            "index107_frame_016",
            "index107_frame_003",
            "Foto 129",
            "Foto 122",
            "index107_frame_017",
            "Foto 100",
            "Foto 130",
            "Foto 123",
            "Foto 66",
            "Foto 22",
            "Foto 54",
            "Foto 11",
            "Foto 196",
            "Foto 204",
            "Foto 111",
            "Foto 29"
        ],
        [
            "index2_frame_016",
            "index66_frame_007",
            "index83_frame_013",
            "index59_frame_002",
            "index83_frame_003",
            "index71_frame_002",
            "index83_frame_012",
            "index66_frame_003",
            "index66_frame_009",
            "index83_frame_008",
            "index113_frame_011",
            "index59_frame_009",
            "index59_frame_013",
            "index2_frame_018",
            "index71_frame_004",
            "index113_frame_003",
            "index71_frame_016",
            "index71_frame_010",
            "index71_frame_003",
            "index71_frame_013",
            "index59_frame_005",
            "index113_frame_018"
        ],
        [
            "index102_frame_003",
            "index104_frame_019",
            "index104_frame_020",
            "index102_frame_017",
            "index104_frame_003",
            "index102_frame_018",
            "index102_frame_013",
            "index102_frame_005",
            "index102_frame_020",
            "index104_frame_016",
            "index6_frame_005",
            "index104_frame_018",
            "Screenshot (636)",
            "index6_frame_010",
            "Screenshot (665)",
            "index108_frame_009",
            "index6_frame_009",
            "Screenshot (670)",
            "index108_frame_018",
            "Screenshot (673)",
            "Screenshot (631)",
            "Screenshot (632)"
        ],
        [
            "index57_frame_009",
            "index57_frame_007",
            "index57_frame_015",
            "index57_frame_006",
            "index57_frame_020",
            "index57_frame_018",
            "index74_frame_004",
            "index57_frame_004",
            "index74_frame_011",
            "index57_frame_016",
            "index57_frame_012",
            "index74_frame_007",
            "index74_frame_010",
            "index74_frame_018",
            "index74_frame_006",
            "index74_frame_016",
            "index57_frame_017",
            "index57_frame_011",
            "index57_frame_010",
            "index57_frame_003",
            "index74_frame_012",
            "index74_frame_003"
        ],
        [
            "Alto 33",
            "Alto 35",
            "Alto 39",
            "Alto 44",
            "Alto 43",
            "DataSetVari 28",
            "DataSetVari 34",
            "Alto 37",
            "DataSetVari 33",
            "Alto 42",
            "DataSetVari 36",
            "Alto 4",
            "DataSetVari 1",
            "Alto 12",
            "index81_frame_017",
            "DataSetVari 12",
            "DataSetVari 29",
            "Alto 53",
            "index81_frame_009",
            "Alto 50",
            "index81_frame_013",
            "index81_frame_008"
        ],
        [
            "Screenshot (428)",
            "Screenshot (476)",
            "Screenshot (433)",
            "Screenshot (414)",
            "Screenshot (466)",
            "Screenshot (408)",
            "Screenshot (453)",
            "Screenshot (417)",
            "Screenshot (413)",
            "Screenshot (439)",
            "Screenshot (455)",
            "Screenshot (442)",
            "index106_frame_002",
            "Screenshot (445)",
            "index20_frame_005",
            "index106_frame_005",
            "DataSetVari 22",
            "index20_frame_006",
            "Screenshot (482)",
            "index20_frame_013",
            "index20_frame_001",
            "index20_frame_024"
        ],
        [
            "index65_frame_006",
            "index65_frame_028",
            "index65_frame_011",
            "index28_frame_006",
            "index41_frame_016",
            "index41_frame_017",
            "index41_frame_008",
            "index65_frame_010",
            "index100_frame_004",
            "index100_frame_019",
            "index100_frame_003",
            "index28_frame_020",
            "index26_frame_012",
            "DataSetVari 58",
            "index65_frame_022",
            "index18_frame_004",
            "index18_frame_002",
            "index28_frame_018",
            "DataSetVari 46",
            "index28_frame_012",
            "DataSetVari 57",
            "index32_frame_003"
        ],
        [
            "index62_frame_018",
            "index62_frame_006",
            "index62_frame_027",
            "index62_frame_021",
            "index62_frame_013",
            "index62_frame_028",
            "index62_frame_010",
            "index62_frame_012",
            "index62_frame_022",
            "index62_frame_030",
            "index62_frame_029",
            "index23_frame_002",
            "index20_frame_017",
            "index9_frame_010",
            "index9_frame_012",
            "index9_frame_009",
            "index23_frame_001",
            "DataSetVari 49",
            "index23_frame_018",
            "index23_frame_030",
            "index14_frame_019",
            "index23_frame_016"
        ],
        [
            "Screenshot (16)",
            "Screenshot (14)",
            "Screenshot (24)",
            "Screenshot (25)",
            "Screenshot (23)",
            "Screenshot (8)",
            "Screenshot (11)",
            "Screenshot (20)",
            "Screenshot (22)",
            "Screenshot (6)",
            "Screenshot (17)",
            "Screenshot (7)",
            "Screenshot (15)",
            "Screenshot (21)",
            "Screenshot (9)",
            "Screenshot (13)",
            "Screenshot (18)",
            "Screenshot (12)",
            "Screenshot (19)",
            "DataSetVari 32",
            "DataSetVari 44",
            "DataSetVari 35"
        ],
        [
            "index72_frame_013",
            "index72_frame_022",
            "index72_frame_015",
            "index72_frame_023",
            "index72_frame_005",
            "index72_frame_019",
            "index72_frame_006",
            "index88_frame_029",
            "index88_frame_002",
            "index88_frame_006",
            "index88_frame_007",
            "index95_frame_003",
            "index88_frame_028",
            "index95_frame_005",
            "index33_frame_001",
            "index88_frame_013",
            "index95_frame_012",
            "index14_frame_017",
            "index88_frame_001",
            "DataSetVari 27",
            "index108_frame_014",
            "index16_frame_004"
        ],
        [
            "index70_frame_016",
            "index70_frame_010",
            "index70_frame_003",
            "index70_frame_015",
            "index70_frame_021",
            "index70_frame_001",
            "index70_frame_030",
