{
    "k": 20,
    "inertia_score": -107975.03125,
    "silhouette_score": 0.15818077325820923,
    "cluster_counts": [
        48,
        68,
        22,
        39,
        51,
        42,
        90,
        16,
        44,
        28,
        36,
        16,
        20,
        33,
        26,
        21,
        19,
        57,
        42,
        13
    ],
    "centroids": [
        "Foto 77",
        "index2_frame_016",
        "Alto 53",
        "index57_frame_013",
        "index104_frame_011",
        "index102_frame_004",
        "index28_frame_007",
        "index32_frame_018",
        "index88_frame_020",
        "index62_frame_001",
        "Alto 35",
        "index113_frame_001",
        "index70_frame_008",
        "Screenshot (422)",
        "Screenshot (2)",
        "index72_frame_013",
        "index18_frame_010",
        "index83_frame_003",
        "index20_frame_017",
        "index95_frame_018"
    ],
    "samples": [
        [
            "Foto 84",
            "Foto 27",
            "Foto 92",
            "Foto 130",
            "Foto 163",
            "Foto 113",
            "Foto 54",
            "Foto 44",
            "Foto 53",
            "Foto 22",
            "Foto 31",
            "Foto 110",
            "Foto 89",
            "Foto 207",
            "Foto 9"
        ],
        [
            "index2_frame_014",
            "index80_frame_004",
            "index2_frame_009",
            "index66_frame_011",
            "index80_frame_019",
            "index66_frame_007",
            "index2_frame_018",
            "index66_frame_004",
            "index2_frame_001",
            "index2_frame_011",
            "index80_frame_007",
            "index59_frame_009",
            "index71_frame_004",
            "index59_frame_013",
            "index71_frame_012"
        ],
        [
            "Alto 52",
            "Alto 48",
            "DataSetVari 1",
            "DataSetVari 12",
            "Alto 47",
            "Alto 51",
            "Alto 45",
            "Alto 50",
            "Alto 12",
            "Alto 4",
            "Alto 10",
            "Alto 7",
            "Alto 6",
            "Alto 5",
            "Alto 46"
        ],
        [
            "index57_frame_009",
            "index57_frame_015",
            "index57_frame_020",
            "index74_frame_004",
            "index74_frame_011",
            "index57_frame_012",
            "index74_frame_010",
            "index74_frame_006",
            "index57_frame_017",
            "index57_frame_010",
            "index74_frame_012",
            "index74_frame_019",
            "index74_frame_014",
            "index57_frame_005",
            "index74_frame_008"
        ],
        [
            "index104_frame_015",
            "index104_frame_010",
            "index104_frame_019",
            "index104_frame_004",
            "Screenshot (621)",
            "Screenshot (670)",
            "index104_frame_016",
            "index106_frame_004",
            "Screenshot (636)",
            "Screenshot (644)",
            "index106_frame_001",
            "Screenshot (517)",
            "Screenshot (533)",
            "index104_frame_005",
            "index106_frame_018"
        ],
        [
            "index102_frame_017",
            "index102_frame_002",
            "index102_frame_003",
            "index102_frame_014",
            "index102_frame_005",
            "index102_frame_018",
            "index102_frame_020",
            "index102_frame_011",
            "index102_frame_013",
            "index108_frame_018",
            "index6_frame_006",
            "index6_frame_003",
            "index6_frame_005",
            "index108_frame_005",
            "index6_frame_004"
        ],
        [
            "index28_frame_001",
            "index65_frame_028",
            "index65_frame_014",
            "index41_frame_005",
            "index41_frame_002",
            "index65_frame_010",
            "index28_frame_002",
            "index100_frame_005",
            "index100_frame_003",
            "index66_frame_009",
            "DataSetVari 66",
            "index28_frame_014",
            "index25_frame_002",
            "DataSetVari 3",
            "Foto 24"
        ],
        [
            "index32_frame_017",
            "index32_frame_008",
            "index32_frame_010",
            "index32_frame_007",
            "index32_frame_009",
            "index32_frame_004",
            "index32_frame_011",
            "index32_frame_001",
            "index32_frame_003",
            "index32_frame_006",
            "index32_frame_016",
            "index32_frame_002",
            "index32_frame_019",
            "index32_frame_005",
            "index32_frame_020"
        ],
        [
            "index88_frame_002",
            "index88_frame_006",
            "index88_frame_014",
            "index107_frame_018",
            "index107_frame_020",
            "index107_frame_016",
            "index107_frame_017",
            "index88_frame_028",
            "index107_frame_013",
            "index108_frame_003",
            "index88_frame_001",
            "index107_frame_007",
            "DataSetVari 27",
            "index108_frame_002",
            "index107_frame_003"
        ],
        [
            "index62_frame_018",
            "index62_frame_025",
            "index62_frame_024",
            "index62_frame_006",
            "index62_frame_002",
            "index62_frame_021",
            "index62_frame_027",
            "index62_frame_017",
            "index62_frame_013",
            "index62_frame_003",
            "index62_frame_014",
            "index62_frame_010",
            "index62_frame_012",
            "index62_frame_016",
            "index62_frame_028"
        ],
        [
            "Alto 34",
            "Alto 44",
            "Alto 39",
            "Alto 36",
            "Alto 9",
            "Alto 37",
            "DataSetVari 34",
            "DataSetVari 28",
            "Alto 8",
            "Alto 11",
            "index81_frame_017",
            "index81_frame_008",
            "index81_frame_013",
            "index81_frame_002",
            "index81_frame_003"
        ],
        [
            "index113_frame_003",
            "index113_frame_012",
            "index113_frame_007",
            "index113_frame_005",
            "index113_frame_013",
            "index113_frame_008",
            "index113_frame_011",
            "index113_frame_004",
            "index113_frame_018",
            "index113_frame_009",
            "index113_frame_017",
            "index113_frame_015",
            "index113_frame_019",
            "index113_frame_020",
            "index113_frame_002"
        ],
        [
            "index70_frame_016",
            "index70_frame_010",
            "index70_frame_003",
            "index70_frame_015",
            "index70_frame_021",
            "index70_frame_001",
            "index70_frame_030",
            "index70_frame_022",
            "index70_frame_006",
            "index70_frame_009",
            "index70_frame_019",
            "index70_frame_018",
            "index70_frame_011",
            "index70_frame_024",
            "index70_frame_027"
        ],
        [
            "Screenshot (428)",
            "Screenshot (419)",
            "Screenshot (453)",
            "Screenshot (480)",
            "Screenshot (414)",
            "DataSetVari 21",
            "Screenshot (417)",
            "Screenshot (420)",
            "Screenshot (439)",
            "Screenshot (442)",
            "Screenshot (461)",
            "Screenshot (444)",
            "Screenshot (445)",
            "Screenshot (463)",
            "Screenshot (482)"
        ],
        [
            "Screenshot (16)",
            "Screenshot (14)",
            "Screenshot (24)",
            "Screenshot (25)",
            "Screenshot (23)",
            "Screenshot (8)",
