{
    "k": 10,
    "inertia_score": -131939.421875,
    "silhouette_score": 0.11204265058040619,
    "cluster_counts": [
        39,
        66,
        99,
        56,
        94,
        26,
        57,
        114,
        78,
        102
    ],
    "centroids": [
        "index57_frame_013",
        "Foto 77",
        "index72_frame_001",
        "index62_frame_018",
        "index65_frame_006",
        "Screenshot (2)",
        "Screenshot (422)",
        "index2_frame_016",
        "Alto 35",
        "index102_frame_006"
    ],
    "samples": [
        [
            "index57_frame_009",
            "index57_frame_007",
            "index57_frame_015",
            "index57_frame_006",
            "index57_frame_020",
            "index57_frame_018",
            "index74_frame_004",
            "index57_frame_004",
            "index74_frame_011",
            "index57_frame_016",
            "index57_frame_012",
            "index74_frame_007",
            "index74_frame_010",
            "index74_frame_018",
            "index74_frame_006",
            "index74_frame_016",
            "index57_frame_017",
            "index57_frame_011",
            "index57_frame_010",
            "index57_frame_003",
            "index74_frame_012",
            "index74_frame_003",
            "index74_frame_019"
        ],
        [
            "index18_frame_002",
            "index18_frame_010",
            "index18_frame_015",
            "Foto 141",
            "index18_frame_008",
            "Foto 206",
            "index30_frame_016",
            "Foto 27",
            "index18_frame_004",
            "Foto 163",
            "index16_frame_004",
            "Foto 130",
            "index16_frame_003",
            "index16_frame_010",
            "Foto 100",
            "Foto 22",
            "index16_frame_013",
            "Foto 79",
            "Foto 196",
            "Foto 44",
            "Foto 66",
            "Foto 54",
            "Foto 207"
        ],
        [
            "index72_frame_008",
            "index72_frame_007",
            "index72_frame_023",
            "index88_frame_020",
            "index88_frame_002",
            "index95_frame_001",
            "index88_frame_014",
            "index72_frame_006",
            "index88_frame_008",
            "index88_frame_023",
            "index9_frame_016",
            "index9_frame_015",
            "index33_frame_001",
            "index95_frame_011",
            "index14_frame_017",
            "index95_frame_012",
            "index33_frame_004",
            "index33_frame_003",
            "DataSetVari 55",
            "index108_frame_014",
            "index33_frame_002",
            "index9_frame_003",
            "Foto 26"
        ],
        [
            "index62_frame_024",
            "index62_frame_003",
            "index62_frame_006",
            "index62_frame_013",
            "index62_frame_002",
            "index62_frame_017",
            "index62_frame_011",
            "index62_frame_014",
            "index62_frame_023",
            "index107_frame_007",
            "index62_frame_030",
            "index107_frame_002",
            "index107_frame_016",
            "index107_frame_018",
            "index71_frame_014",
            "index107_frame_017",
            "index107_frame_014",
            "index107_frame_013",
            "index71_frame_015",
            "index71_frame_007",
            "index23_frame_022",
            "index23_frame_015",
            "index9_frame_009"
        ],
        [
            "index28_frame_001",
            "index65_frame_028",
            "index28_frame_004",
            "index28_frame_006",
            "index65_frame_009",
            "index65_frame_010",
            "index41_frame_017",
            "index41_frame_016",
            "index28_frame_002",
            "index65_frame_001",
            "DataSetVari 60",
            "index100_frame_010",
            "index66_frame_016",
            "index100_frame_015",
            "index100_frame_017",
            "index66_frame_003",
            "index26_frame_004",
            "index28_frame_017",
            "index28_frame_014",
            "index66_frame_005",
            "index25_frame_002",
            "DataSetVari 62",
            "DataSetVari 64"
        ],
        [
            "Screenshot (16)",
            "Screenshot (14)",
            "Screenshot (24)",
            "Screenshot (25)",
            "Screenshot (23)",
            "Screenshot (8)",
            "Screenshot (11)",
            "Screenshot (20)",
            "Screenshot (22)",
            "Screenshot (6)",
            "Screenshot (17)",
            "Screenshot (7)",
            "Screenshot (15)",
            "Screenshot (21)",
            "Screenshot (9)",
            "Screenshot (13)",
            "Screenshot (18)",
            "Screenshot (12)",
            "Screenshot (19)",
            "DataSetVari 32",
            "DataSetVari 44",
            "DataSetVari 35",
            "Foto 19"
        ],
        [
            "Screenshot (428)",
            "Screenshot (476)",
            "Screenshot (433)",
            "Screenshot (414)",
            "Screenshot (466)",
            "Screenshot (408)",
            "Screenshot (420)",
            "Screenshot (417)",
            "Screenshot (461)",
            "Screenshot (439)",
            "Screenshot (455)",
            "Screenshot (442)",
            "index106_frame_002",
            "Screenshot (445)",
            "index20_frame_005",
            "index106_frame_005",
            "index106_frame_001",
            "index20_frame_006",
            "Screenshot (482)",
            "Screenshot (463)",
            "DataSetVari 25",
            "index20_frame_024",
            "index106_frame_011"
        ],
        [
            "index2_frame_015",
            "index2_frame_010",
            "index80_frame_001",
            "index83_frame_015",
            "index83_frame_003",
            "index83_frame_013",
            "index83_frame_004",
            "index83_frame_014",
            "index80_frame_007",
            "index2_frame_002",
            "index80_frame_016",
            "index83_frame_008",
            "index69_frame_010",
            "index69_frame_005",
            "index83_frame_010",
            "index69_frame_002",
            "index113_frame_003",
            "index71_frame_009",
            "index71_frame_011",
            "Screenshot (349)",
            "index86_frame_026",
            "index71_frame_003",
            "index113_frame_018"
        ],
        [
            "Alto 34",
            "Alto 11",
            "Alto 44",
            "Alto 41",
            "DataSetVari 28",
            "DataSetVari 34",
            "DataSetVari 40",
            "index70_frame_008",
            "index70_frame_024",
            "index70_frame_027",
            "Alto 52",
            "index70_frame_030",
            "index70_frame_023",
            "DataSetVari 12",
            "index70_frame_025",
            "index70_frame_001",
            "index81_frame_009",
            "Alto 50",
            "index81_frame_018",
            "index81_frame_013",
            "DataSetVari 82",
            "DataSetVari 83",
            "index81_frame_003"
        ],
        [
            "index102_frame_003",
            "index102_frame_017",
            "index104_frame_019",
            "index102_frame_005",
            "index102_frame_002",
            "index104_frame_001",
            "index6_frame_003",
            "Screenshot (677)",
            "index108_frame_005",
            "index108_frame_009",
            "index6_frame_002",
            "Screenshot (636)",
            "index108_frame_006",
            "index32_frame_003",
            "index108_frame_008",
            "Screenshot (624)",
            "index108_frame_007",
            "index32_frame_017",
            "Screenshot (639)",
            "index6_frame_017",
            "index32_frame_018",
