{
    "k": 16,
    "inertia_score": -116276.4765625,
    "silhouette_score": 0.1455097794532776,
    "cluster_counts": [
        45,
        37,
        34,
        39,
        70,
        19,
        78,
        86,
        56,
        64,
        18,
        43,
        26,
        17,
        45,
        54
    ],
    "centroids": [
        "Foto 77",
        "index32_frame_008",
        "index72_frame_008",
        "index57_frame_013",
        "index2_frame_016",
        "index18_frame_010",
        "Alto 35",
        "index28_frame_007",
        "index66_frame_016",
        "index104_frame_015",
        "index86_frame_043",
        "Screenshot (422)",
        "Screenshot (2)",
        "index113_frame_001",
        "index20_frame_014",
        "index62_frame_001"
    ],
    "samples": [
        [
            "Foto 84",
            "Foto 27",
            "index30_frame_016",
            "Foto 92",
            "Foto 129",
            "Foto 122",
            "Foto 20",
            "Foto 113",
            "Foto 66",
            "Foto 209",
            "Foto 11",
            "Foto 44",
            "Foto 79",
            "Foto 30",
            "Foto 196",
            "Foto 31",
            "Foto 23",
            "Foto 89"
        ],
        [
            "index32_frame_007",
            "index32_frame_006",
            "index32_frame_009",
            "index32_frame_011",
            "index32_frame_003",
            "index32_frame_001",
            "index108_frame_008",
            "index108_frame_011",
            "index32_frame_002",
            "index108_frame_009",
            "index108_frame_018",
            "index32_frame_016",
            "index32_frame_005",
            "index108_frame_006",
            "Screenshot (521)",
            "Screenshot (517)",
            "Screenshot (572)",
            "Screenshot (533)"
        ],
        [
            "index72_frame_017",
            "index72_frame_016",
            "index72_frame_001",
            "index72_frame_013",
            "index72_frame_030",
            "index72_frame_007",
            "index72_frame_020",
            "index72_frame_012",
            "index72_frame_025",
            "index72_frame_015",
            "index72_frame_029",
            "index72_frame_005",
            "index72_frame_022",
            "index72_frame_019",
            "index72_frame_006",
            "index95_frame_004",
            "index72_frame_002",
            "index72_frame_023"
        ],
        [
            "index57_frame_009",
            "index57_frame_015",
            "index57_frame_020",
            "index74_frame_004",
            "index74_frame_011",
            "index57_frame_012",
            "index74_frame_010",
            "index74_frame_006",
            "index57_frame_017",
            "index57_frame_010",
            "index74_frame_012",
            "index74_frame_019",
            "index74_frame_014",
            "index57_frame_005",
            "index74_frame_008",
            "index57_frame_002",
            "index57_frame_014",
            "index74_frame_017"
        ],
        [
            "index80_frame_004",
            "index2_frame_014",
            "index80_frame_006",
            "index69_frame_011",
            "index80_frame_015",
            "index2_frame_013",
            "index83_frame_003",
            "index2_frame_001",
            "index83_frame_015",
            "index80_frame_005",
            "index2_frame_012",
            "index2_frame_009",
            "index80_frame_016",
            "index80_frame_019",
            "index80_frame_011",
            "Screenshot (374)",
            "index69_frame_007",
            "Screenshot (357)"
        ],
        [
            "index18_frame_015",
            "index18_frame_013",
            "index18_frame_002",
            "index18_frame_006",
            "index18_frame_014",
            "index18_frame_012",
            "index18_frame_008",
            "index18_frame_004",
            "index16_frame_016",
            "index18_frame_018",
            "index16_frame_011",
            "index16_frame_010",
            "index16_frame_004",
            "index16_frame_003",
            "index16_frame_013",
            "index16_frame_001",
            "Foto 38",
            "index16_frame_006"
        ],
        [
            "Alto 34",
            "Alto 39",
            "Alto 43",
            "DataSetVari 28",
            "DataSetVari 33",
            "index70_frame_026",
            "index70_frame_024",
            "Alto 47",
            "index70_frame_021",
            "index70_frame_023",
            "Alto 46",
            "index70_frame_016",
            "index81_frame_009",
            "index81_frame_019",
            "Alto 5",
            "DataSetVari 82",
            "index70_frame_011",
            "DataSetVari 24"
        ],
        [
            "index28_frame_001",
            "index28_frame_009",
            "index28_frame_004",
            "index28_frame_006",
            "index65_frame_016",
            "index65_frame_009",
            "index41_frame_017",
            "index65_frame_004",
            "index41_frame_013",
            "index65_frame_001",
            "index100_frame_010",
            "index100_frame_019",
            "index100_frame_003",
            "index100_frame_001",
            "index25_frame_004",
            "DataSetVari 66",
            "index28_frame_014",
            "index28_frame_018"
        ],
        [
            "index66_frame_013",
            "index66_frame_011",
            "index71_frame_001",
            "index66_frame_005",
            "index59_frame_009",
            "index71_frame_014",
            "index71_frame_012",
            "index66_frame_009",
            "index71_frame_015",
            "index71_frame_010",
            "index59_frame_005",
            "index107_frame_016",
            "index71_frame_013",
            "index59_frame_012",
            "index107_frame_018",
            "index107_frame_003",
            "index107_frame_014",
            "index59_frame_008"
        ],
        [
            "index104_frame_019",
            "index102_frame_006",
            "index104_frame_020",
            "index104_frame_010",
            "index102_frame_011",
            "index102_frame_018",
            "index104_frame_006",
            "index102_frame_007",
            "index6_frame_006",
            "index6_frame_020",
            "index102_frame_002",
            "Screenshot (640)",
            "index6_frame_012",
            "Screenshot (636)",
            "Screenshot (639)",
            "index6_frame_009",
            "Screenshot (646)",
            "index6_frame_017"
        ],
        [
            "index86_frame_024",
            "index86_frame_067",
            "index86_frame_005",
            "index86_frame_047",
            "index86_frame_037",
            "index86_frame_062",
            "index86_frame_026",
            "index86_frame_036",
            "index86_frame_070",
            "index86_frame_035",
            "index86_frame_049",
            "index86_frame_078",
            "index86_frame_082",
            "index86_frame_060",
            "index86_frame_021",
            "index86_frame_034",
            "index86_frame_011"
        ],
        [
            "Screenshot (428)",
            "Screenshot (409)",
            "Screenshot (480)",
            "Screenshot (433)",
            "DataSetVari 21",
            "Screenshot (469)",
            "Screenshot (408)",
            "Screenshot (417)",
            "Screenshot (447)",
            "Screenshot (455)",
            "Screenshot (413)",
            "Screenshot (442)",
            "Screenshot (445)",
            "index106_frame_002",
            "index106_frame_004",
            "index106_frame_005",
            "index106_frame_007",
            "index106_frame_001"
        ],
        [
            "Screenshot (16)",
            "Screenshot (14)",
            "Screenshot (24)",
