{
    "k": 16,
    "inertia_score": -100110.515625,
    "silhouette_score": 0.16611391305923462,
    "cluster_counts": [
        77,
        98,
        16,
        39,
        16,
        26,
        47,
        29,
        63,
        57,
        66,
        30,
        18,
        41,
        28,
        30
    ],
    "centroids": [
        "index104_frame_015",
        "index2_frame_015",
        "index20_frame_014",
        "index57_frame_013",
        "index32_frame_018",
        "index82_frame_016",
        "index80_frame_004",
        "index107_frame_016",
        "index100_frame_009",
        "Alto 40",
        "index8_frame_005",
        "index88_frame_009",
        "index31_frame_013",
        "Screenshot (422)",
        "Screenshot (2)",
        "index62_frame_001"
    ],
    "samples": [
        [
            "index104_frame_011",
            "index104_frame_002",
            "index104_frame_020",
            "index102_frame_011",
            "index102_frame_008",
            "index102_frame_017",
            "index6_frame_003",
            "index6_frame_020",
            "Screenshot (677)",
            "Screenshot (636)",
            "index6_frame_010",
            "Screenshot (641)",
            "index99_frame_019",
            "index99_frame_008",
            "index102_frame_009",
            "Screenshot (674)",
            "Screenshot (644)",
            "DataSetVari 23"
        ],
        [
            "index66_frame_007",
            "index66_frame_005",
            "index19_frame_004",
            "index59_frame_003",
            "index83_frame_012",
            "index19_frame_024",
            "index19_frame_025",
            "index83_frame_008",
            "index19_frame_019",
            "index71_frame_015",
            "index59_frame_009",
            "index83_frame_011",
            "index71_frame_003",
            "index113_frame_003",
            "index71_frame_006",
            "index113_frame_018",
            "index113_frame_020",
            "index113_frame_017"
        ],
        [
            "index20_frame_009",
            "index20_frame_005",
            "index20_frame_021",
            "index20_frame_004",
            "index20_frame_024",
            "index20_frame_013",
            "index20_frame_006",
            "index20_frame_025",
            "index20_frame_026",
            "index20_frame_017",
            "index20_frame_001",
            "index20_frame_012",
            "index20_frame_011",
            "index20_frame_018",
            "index23_frame_020"
        ],
        [
            "index57_frame_009",
            "index57_frame_015",
            "index57_frame_020",
            "index74_frame_004",
            "index74_frame_011",
            "index57_frame_012",
            "index74_frame_010",
            "index74_frame_006",
            "index57_frame_017",
            "index57_frame_010",
            "index74_frame_012",
            "index74_frame_019",
            "index74_frame_014",
            "index57_frame_005",
            "index74_frame_008",
            "index57_frame_002",
            "index57_frame_014",
            "index74_frame_017"
        ],
        [
            "index32_frame_017",
            "index32_frame_008",
            "index32_frame_010",
            "index32_frame_007",
            "index32_frame_009",
            "index32_frame_004",
            "index32_frame_011",
            "index32_frame_001",
            "index32_frame_003",
            "index32_frame_006",
            "index32_frame_016",
            "index32_frame_002",
            "index32_frame_019",
            "index32_frame_005",
            "index32_frame_020"
        ],
        [
            "index82_frame_023",
            "index82_frame_021",
            "index82_frame_018",
            "index82_frame_015",
            "index82_frame_011",
            "index82_frame_022",
            "index82_frame_026",
            "index82_frame_019",
            "index82_frame_027",
            "index82_frame_010",
            "index82_frame_009",
            "index82_frame_003",
            "index82_frame_024",
            "index82_frame_028",
            "index82_frame_025",
            "index82_frame_020",
            "index82_frame_017",
            "index82_frame_001"
        ],
        [
            "index2_frame_006",
            "index80_frame_009",
            "index80_frame_017",
            "index80_frame_013",
            "index80_frame_015",
            "index80_frame_001",
            "index2_frame_001",
            "index2_frame_014",
            "index80_frame_011",
            "index80_frame_005",
            "index80_frame_003",
            "index2_frame_020",
            "index69_frame_008",
            "index2_frame_002",
            "index69_frame_009",
            "index2_frame_011",
            "index69_frame_005",
            "index69_frame_007"
        ],
        [
            "index107_frame_004",
            "index107_frame_006",
            "index107_frame_020",
            "index107_frame_011",
            "index107_frame_007",
            "index107_frame_018",
            "index108_frame_016",
            "index107_frame_002",
            "DataSetVari 46",
            "index107_frame_013",
            "index108_frame_007",
            "index108_frame_011",
            "index108_frame_003",
            "index108_frame_008",
            "index107_frame_017",
            "index108_frame_002",
            "index107_frame_009",
            "index108_frame_005"
        ],
        [
            "index100_frame_013",
            "index25_frame_004",
            "index100_frame_005",
            "index100_frame_006",
            "index100_frame_003",
            "index100_frame_015",
            "index95_frame_001",
            "index18_frame_018",
            "index25_frame_006",
            "index9_frame_016",
            "index18_frame_002",
            "index18_frame_008",
            "index25_frame_002",
            "index95_frame_009",
            "index33_frame_010",
            "index95_frame_012",
            "index33_frame_006",
            "index18_frame_006"
        ],
        [
            "Alto 34",
            "DataSetVari 33",
            "Alto 39",
            "Alto 35",
            "DataSetVari 36",
            "Alto 42",
            "DataSetVari 39",
            "DataSetVari 44",
            "Alto 52",
            "DataSetVari 83",
            "DataSetVari 37",
            "index81_frame_002",
            "Alto 46",
            "index81_frame_013",
            "DataSetVari 73",
            "Alto 45",
            "DataSetVari 24",
            "DataSetVari 1"
        ],
        [
            "index8_frame_025",
            "index8_frame_008",
            "index8_frame_001",
            "index8_frame_030",
            "index8_frame_027",
            "DataSetVari 9",
            "index15_frame_011",
            "index8_frame_006",
            "index15_frame_018",
            "DataSetVari 56",
            "DataSetVari 54",
            "DataSetVari 62",
            "DataSetVari 66",
            "index26_frame_010",
            "DataSetVari 55",
            "DataSetVari 5",
            "Screenshot (517)",
            "index16_frame_004"
        ],
        [
            "index88_frame_008",
            "index88_frame_017",
            "index88_frame_024",
            "index88_frame_021",
            "index88_frame_011",
            "index88_frame_013",
            "index88_frame_010",
            "index88_frame_018",
            "index88_frame_027",
            "index88_frame_026",
            "index88_frame_001",
            "index88_frame_030",
            "index88_frame_012",
            "index88_frame_028",
            "index88_frame_029",
            "index88_frame_022",
            "index88_frame_025",
            "index88_frame_002"
        ],
        [
            "index31_frame_028",
            "index31_frame_017",
            "index31_frame_021",
