{
    "k": 14,
    "inertia_score": -104513.140625,
    "silhouette_score": 0.1540849804878235,
    "cluster_counts": [
        41,
        17,
        26,
        78,
        52,
        35,
        57,
        50,
        84,
        62,
        39,
        76,
        28,
        36
    ],
    "centroids": [
        "Screenshot (422)",
        "index113_frame_001",
        "index82_frame_016",
        "index2_frame_016",
        "index20_frame_017",
        "index32_frame_008",
        "Alto 40",
        "index88_frame_017",
        "index8_frame_005",
        "index19_frame_004",
        "index57_frame_013",
        "index104_frame_015",
        "Screenshot (2)",
        "index100_frame_009"
    ],
    "samples": [
        [
            "Screenshot (428)",
            "Screenshot (409)",
            "Screenshot (419)",
            "Screenshot (414)",
            "DataSetVari 21",
            "Screenshot (453)",
            "Screenshot (408)",
            "Screenshot (417)",
            "Screenshot (410)",
            "Screenshot (461)",
            "Screenshot (455)",
            "Screenshot (442)",
            "Screenshot (440)",
            "index106_frame_002",
            "index106_frame_004",
            "DataSetVari 22",
            "index106_frame_007",
            "index106_frame_001",
            "index106_frame_011",
            "index106_frame_018"
        ],
        [
            "index113_frame_003",
            "index113_frame_012",
            "index113_frame_007",
            "index113_frame_005",
            "index113_frame_013",
            "index113_frame_008",
            "index113_frame_011",
            "index113_frame_004",
            "index113_frame_017",
            "index113_frame_018",
            "index113_frame_009",
            "index113_frame_015",
            "index113_frame_019",
            "index113_frame_020",
            "index113_frame_002",
            "index73_frame_007"
        ],
        [
            "index82_frame_023",
            "index82_frame_021",
            "index82_frame_018",
            "index82_frame_015",
            "index82_frame_011",
            "index82_frame_022",
            "index82_frame_026",
            "index82_frame_019",
            "index82_frame_027",
            "index82_frame_010",
            "index82_frame_009",
            "index82_frame_003",
            "index82_frame_024",
            "index82_frame_028",
            "index82_frame_025",
            "index82_frame_020",
            "index82_frame_017",
            "index82_frame_001",
            "index82_frame_029",
            "index82_frame_014"
        ],
        [
            "index2_frame_014",
            "index2_frame_010",
            "index83_frame_015",
            "index83_frame_003",
            "index80_frame_006",
            "index83_frame_004",
            "index80_frame_017",
            "index69_frame_011",
            "index80_frame_014",
            "index80_frame_015",
            "index83_frame_012",
            "index83_frame_006",
            "index80_frame_007",
            "index83_frame_008",
            "index80_frame_016",
            "index80_frame_008",
            "index69_frame_007",
            "index83_frame_011",
            "index69_frame_002",
            "index59_frame_001"
        ],
        [
            "index20_frame_014",
            "index95_frame_020",
            "index20_frame_009",
            "index95_frame_002",
            "index20_frame_018",
            "index95_frame_017",
            "index95_frame_009",
            "index95_frame_005",
            "index95_frame_012",
            "index20_frame_004",
            "index33_frame_004",
            "index33_frame_008",
            "index33_frame_011",
            "index20_frame_013",
            "index20_frame_021",
            "index33_frame_009",
            "index33_frame_002",
            "index20_frame_001",
            "index9_frame_012",
            "index33_frame_016"
        ],
        [
            "index32_frame_007",
            "index108_frame_016",
            "index32_frame_006",
            "index32_frame_009",
            "index32_frame_017",
            "DataSetVari 46",
            "index32_frame_011",
            "index32_frame_018",
            "index32_frame_003",
            "index32_frame_010",
            "index32_frame_001",
            "index108_frame_008",
            "index108_frame_005",
            "index32_frame_004",
            "index108_frame_011",
            "index108_frame_019",
            "index32_frame_019",
            "index108_frame_007",
            "index108_frame_009",
            "index32_frame_002"
        ],
        [
            "Alto 34",
            "DataSetVari 34",
            "DataSetVari 28",
            "Alto 39",
            "Alto 36",
            "Alto 33",
            "DataSetVari 36",
            "Alto 43",
            "Alto 37",
            "DataSetVari 39",
            "DataSetVari 35",
            "DataSetVari 30",
            "Alto 52",
            "index81_frame_009",
            "Alto 47",
            "DataSetVari 37",
            "index81_frame_018",
            "Foto 19",
            "Alto 46",
            "Alto 53"
        ],
        [
            "index88_frame_008",
            "index88_frame_021",
            "index88_frame_013",
            "index88_frame_010",
            "index88_frame_012",
            "index88_frame_022",
            "index88_frame_030",
            "index88_frame_026",
            "index88_frame_025",
            "index88_frame_023",
            "index88_frame_002",
            "index15_frame_001",
            "index15_frame_007",
            "index15_frame_018",
            "index15_frame_019",
            "index15_frame_017",
            "index15_frame_005",
            "index15_frame_029",
            "DataSetVari 56",
            "DataSetVari 20"
        ],
        [
            "index8_frame_021",
            "index8_frame_007",
            "index8_frame_001",
            "index8_frame_030",
            "index62_frame_018",
            "DataSetVari 9",
            "index62_frame_030",
            "index62_frame_002",
            "index31_frame_024",
            "index62_frame_027",
            "DataSetVari 58",
            "index31_frame_028",
            "index26_frame_004",
            "index31_frame_009",
            "index31_frame_005",
            "index26_frame_010",
            "index16_frame_016",
            "index26_frame_015",
            "index16_frame_013",
            "index16_frame_010"
        ],
        [
            "index19_frame_018",
            "index19_frame_030",
            "index19_frame_022",
            "index19_frame_019",
            "index19_frame_015",
            "index66_frame_005",
            "index66_frame_008",
            "index66_frame_007",
            "index107_frame_007",
            "index19_frame_008",
            "index66_frame_009",
            "index71_frame_014",
            "index66_frame_002",
            "index107_frame_011",
            "index71_frame_015",
            "index71_frame_016",
            "index71_frame_004",
            "index71_frame_007",
            "index107_frame_009",
            "index107_frame_013"
        ],
        [
            "index57_frame_009",
            "index57_frame_007",
            "index57_frame_015",
            "index57_frame_006",
            "index57_frame_020",
            "index57_frame_018",
            "index74_frame_004",
            "index57_frame_004",
            "index74_frame_011",
            "index57_frame_016",
            "index57_frame_012",
            "index74_frame_007",
            "index74_frame_010",
            "index74_frame_018",
            "index74_frame_006",
            "index74_frame_016",
            "index57_frame_017",
            "index57_frame_011",
            "index57_frame_010",
            "index57_frame_003"
        ],
        [
            "index104_frame_019",
