{
    "k": 19,
    "inertia_score": -110195.1171875,
    "silhouette_score": 0.14983507990837097,
    "cluster_counts": [
        20,
        16,
        73,
        89,
        39,
        31,
        28,
        29,
        51,
        26,
        24,
        50,
        34,
        46,
        22,
        24,
        17,
        76,
        36
    ],
    "centroids": [
        "index70_frame_008",
        "index32_frame_018",
        "index62_frame_001",
        "index65_frame_015",
        "index57_frame_013",
        "index86_frame_043",
        "index107_frame_016",
        "index102_frame_014",
        "index104_frame_011",
        "index100_frame_004",
        "Screenshot (2)",
        "index88_frame_020",
        "index72_frame_008",
        "Screenshot (422)",
        "index80_frame_013",
        "Alto 52",
        "index113_frame_001",
        "index2_frame_015",
        "Alto 34"
    ],
    "samples": [
        [
            "index70_frame_016",
            "index70_frame_010",
            "index70_frame_003",
            "index70_frame_015",
            "index70_frame_021",
            "index70_frame_001",
            "index70_frame_030",
            "index70_frame_022",
            "index70_frame_006",
            "index70_frame_009",
            "index70_frame_019",
            "index70_frame_018",
            "index70_frame_011",
            "index70_frame_024",
            "index70_frame_027",
            "index70_frame_026"
        ],
        [
            "index32_frame_017",
            "index32_frame_008",
            "index32_frame_010",
            "index32_frame_007",
            "index32_frame_009",
            "index32_frame_004",
            "index32_frame_011",
            "index32_frame_001",
            "index32_frame_003",
            "index32_frame_006",
            "index32_frame_016",
            "index32_frame_002",
            "index32_frame_019",
            "index32_frame_005",
            "index32_frame_020"
        ],
        [
            "index62_frame_013",
            "index62_frame_017",
            "index62_frame_014",
            "index62_frame_002",
            "index62_frame_016",
            "Foto 92",
            "Foto 206",
            "Foto 100",
            "index23_frame_002",
            "Foto 30",
            "Foto 22",
            "Foto 123",
            "Foto 83",
            "Foto 196",
            "Foto 78",
            "Foto 166"
        ],
        [
            "index65_frame_006",
            "index65_frame_011",
            "index65_frame_026",
            "index65_frame_002",
            "index28_frame_006",
            "index28_frame_003",
            "index25_frame_004",
            "index18_frame_015",
            "index18_frame_012",
            "index26_frame_003",
            "DataSetVari 54",
            "index18_frame_004",
            "DataSetVari 48",
            "index18_frame_006",
            "DataSetVari 65",
            "index16_frame_016"
        ],
        [
            "index57_frame_009",
            "index57_frame_015",
            "index57_frame_020",
            "index74_frame_004",
            "index74_frame_011",
            "index57_frame_012",
            "index74_frame_010",
            "index74_frame_006",
            "index57_frame_017",
            "index57_frame_010",
            "index74_frame_012",
            "index74_frame_019",
            "index74_frame_014",
            "index57_frame_005",
            "index74_frame_008",
            "index57_frame_002"
        ],
        [
            "index86_frame_037",
            "Screenshot (355)",
            "index86_frame_067",
            "index86_frame_024",
            "Screenshot (369)",
            "Screenshot (353)",
            "index86_frame_078",
            "Screenshot (407)",
            "index86_frame_082",
            "index86_frame_005",
            "Screenshot (349)",
            "index86_frame_035",
            "index86_frame_021",
            "Screenshot (371)",
            "Screenshot (374)",
            "index86_frame_034"
        ],
        [
            "index107_frame_004",
            "index107_frame_006",
            "index107_frame_020",
            "index107_frame_011",
            "index107_frame_007",
            "index107_frame_002",
            "index107_frame_018",
            "index108_frame_016",
            "DataSetVari 46",
            "index107_frame_013",
            "index108_frame_007",
            "index108_frame_008",
            "index108_frame_011",
            "index107_frame_017",
            "index108_frame_003",
            "index107_frame_009"
        ],
        [
            "index102_frame_004",
            "index102_frame_006",
            "index102_frame_016",
            "index102_frame_003",
            "index102_frame_001",
            "index102_frame_007",
            "index102_frame_017",
            "index102_frame_002",
            "index102_frame_008",
            "index102_frame_018",
            "index102_frame_011",
            "index102_frame_010",
            "index102_frame_013",
            "index6_frame_006",
            "index102_frame_020",
            "index6_frame_005"
        ],
        [
            "index104_frame_020",
            "index104_frame_010",
            "index104_frame_019",
            "index104_frame_004",
            "Screenshot (621)",
            "Screenshot (670)",
            "index104_frame_006",
            "Screenshot (677)",
            "Screenshot (665)",
            "Screenshot (644)",
            "index106_frame_007",
            "Screenshot (517)",
            "Screenshot (534)",
            "Screenshot (522)",
            "DataSetVari 5",
            "Screenshot (631)"
        ],
        [
            "index100_frame_002",
            "index100_frame_009",
            "index100_frame_019",
            "index100_frame_015",
            "index100_frame_013",
            "index100_frame_010",
            "index100_frame_006",
            "index41_frame_017",
            "index41_frame_018",
            "index41_frame_019",
            "index100_frame_005",
            "index100_frame_017",
            "index100_frame_003",
            "index41_frame_002",
            "index41_frame_013",
            "index41_frame_016"
        ],
        [
            "Screenshot (14)",
            "Screenshot (16)",
            "Screenshot (24)",
            "Screenshot (25)",
            "Screenshot (11)",
            "Screenshot (8)",
            "Screenshot (23)",
            "Screenshot (20)",
            "Screenshot (22)",
            "Screenshot (7)",
            "Screenshot (17)",
            "Screenshot (6)",
            "Screenshot (21)",
            "Screenshot (15)",
            "Screenshot (18)",
            "Screenshot (13)"
        ],
        [
            "index88_frame_007",
            "index88_frame_029",
            "index88_frame_003",
            "index88_frame_008",
            "index88_frame_001",
            "index14_frame_017",
            "DataSetVari 56",
            "index20_frame_017",
            "DataSetVari 17",
            "index20_frame_018",
            "index9_frame_019",
            "index14_frame_020",
            "index23_frame_015",
            "index9_frame_009",
            "index14_frame_019",
            "index23_frame_013"
        ],
        [
            "index72_frame_017",
            "index72_frame_001",
            "index72_frame_030",
            "index72_frame_020",
            "index72_frame_025",
            "index72_frame_029",
            "index72_frame_022",
            "index72_frame_006",
            "index72_frame_002",
            "index95_frame_018",
            "index72_frame_028",
            "index95_frame_001",
            "index72_frame_027",
            "index95_frame_002",
            "index95_frame_003",
            "index95_frame_017"
        ],
        [
            "Screenshot (428)",
            "Screenshot (409)",
            "Screenshot (480)",
