{
    "k": 8,
    "inertia_score": -138845.90625,
    "silhouette_score": 0.09624961018562317,
    "cluster_counts": [
        53,
        213,
        39,
        105,
        107,
        107,
        58,
        49
    ],
    "centroids": [
        "index32_frame_008",
        "index72_frame_025",
        "index57_frame_013",
        "index2_frame_016",
        "Alto 37",
        "index65_frame_006",
        "Screenshot (422)",
        "index104_frame_011"
    ],
    "samples": [
        [
            "index102_frame_017",
            "index32_frame_007",
            "index102_frame_002",
            "index32_frame_006",
            "index108_frame_004",
            "index102_frame_006",
            "index102_frame_012",
            "index102_frame_004",
            "index102_frame_003",
            "index108_frame_018",
            "index32_frame_017",
            "index108_frame_011",
            "index102_frame_020",
            "index102_frame_013",
            "index102_frame_014",
            "index102_frame_001",
            "index102_frame_007",
            "index102_frame_011",
            "index32_frame_004",
            "index32_frame_011",
            "index32_frame_002",
            "index32_frame_020",
            "index32_frame_005",
            "Screenshot (517)",
            "Screenshot (572)"
        ],
        [
            "index72_frame_005",
            "index72_frame_012",
            "index88_frame_002",
            "index72_frame_019",
            "index62_frame_011",
            "index107_frame_011",
            "index62_frame_025",
            "index88_frame_028",
            "index71_frame_003",
            "DataSetVari 17",
            "index33_frame_001",
            "index95_frame_018",
            "index88_frame_013",
            "index33_frame_003",
            "index95_frame_009",
            "index59_frame_010",
            "index108_frame_014",
            "index16_frame_004",
            "index16_frame_016",
            "Foto 26",
            "index16_frame_006",
            "Foto 22",
            "Foto 204",
            "Foto 25",
            "index23_frame_010"
        ],
        [
            "index57_frame_009",
            "index57_frame_007",
            "index57_frame_015",
            "index57_frame_006",
            "index57_frame_020",
            "index57_frame_018",
            "index74_frame_004",
            "index57_frame_004",
            "index74_frame_011",
            "index57_frame_016",
            "index57_frame_012",
            "index74_frame_007",
            "index74_frame_010",
            "index74_frame_018",
            "index74_frame_006",
            "index74_frame_016",
            "index57_frame_017",
            "index57_frame_011",
            "index57_frame_010",
            "index57_frame_003",
            "index74_frame_012",
            "index74_frame_003",
            "index74_frame_019",
            "index74_frame_013",
            "index74_frame_014"
        ],
        [
            "index2_frame_015",
            "index2_frame_010",
            "index80_frame_001",
            "index2_frame_013",
            "index2_frame_019",
            "index80_frame_015",
            "index2_frame_009",
            "index80_frame_013",
            "index83_frame_009",
            "index80_frame_016",
            "index2_frame_002",
            "index83_frame_008",
            "index80_frame_008",
            "index69_frame_001",
            "Screenshot (361)",
            "index69_frame_002",
            "index113_frame_003",
            "index86_frame_024",
            "Screenshot (349)",
            "index86_frame_026",
            "index113_frame_001",
            "Screenshot (367)",
            "index86_frame_035",
            "index71_frame_017",
            "Screenshot (388)"
        ],
        [
            "Alto 35",
            "Alto 38",
            "Alto 34",
            "Alto 40",
            "Alto 43",
            "Alto 51",
            "DataSetVari 33",
            "Screenshot (14)",
            "Screenshot (23)",
            "DataSetVari 36",
            "index70_frame_027",
            "Alto 47",
            "Screenshot (12)",
            "DataSetVari 1",
            "Alto 53",
            "DataSetVari 37",
            "DataSetVari 12",
            "index70_frame_030",
            "Alto 45",
            "index81_frame_008",
            "index70_frame_010",
            "index81_frame_003",
            "DataSetVari 73",
            "DataSetVari 44",
            "Alto 49"
        ],
        [
            "index65_frame_015",
            "index65_frame_020",
            "index28_frame_004",
            "index65_frame_008",
            "index28_frame_006",
            "index65_frame_004",
            "index41_frame_019",
            "index41_frame_016",
            "index41_frame_002",
            "index100_frame_002",
            "index28_frame_002",
            "index100_frame_010",
            "index100_frame_006",
            "index66_frame_011",
            "index41_frame_001",
            "index66_frame_004",
            "index66_frame_008",
            "index28_frame_017",
            "DataSetVari 66",
            "index18_frame_012",
            "index108_frame_003",
            "index18_frame_004",
            "index108_frame_002",
            "index18_frame_013",
            "DataSetVari 64"
        ],
        [
            "Screenshot (428)",
            "Screenshot (476)",
            "Screenshot (433)",
            "Screenshot (414)",
            "Screenshot (466)",
            "Screenshot (408)",
            "Screenshot (453)",
            "Screenshot (417)",
            "Screenshot (413)",
            "Screenshot (439)",
            "Screenshot (455)",
            "Screenshot (442)",
            "index106_frame_002",
            "Screenshot (445)",
            "index20_frame_005",
            "index106_frame_005",
            "DataSetVari 22",
            "index20_frame_006",
            "Screenshot (482)",
            "index20_frame_013",
            "index20_frame_001",
            "index20_frame_024",
            "index106_frame_011",
            "DataSetVari 20",
            "Screenshot (481)"
        ],
        [
            "index104_frame_015",
            "index104_frame_019",
            "index104_frame_002",
            "index104_frame_003",
            "index104_frame_020",
            "index104_frame_010",
            "Screenshot (625)",
            "Screenshot (640)",
            "index104_frame_001",
            "index104_frame_016",
            "index104_frame_018",
            "index6_frame_005",
            "index104_frame_006",
            "index6_frame_006",
            "Screenshot (637)",
            "index6_frame_003",
            "Screenshot (639)",
            "Screenshot (677)",
            "Screenshot (621)",
            "index104_frame_004",
            "Screenshot (641)",
            "index6_frame_020",
            "Screenshot (636)",
            "Screenshot (665)",
            "Screenshot (673)"
        ]
    ]
}