{
    "k": 15,
    "inertia_score": -119799.765625,
    "silhouette_score": 0.1382281333208084,
    "cluster_counts": [
        61,
        81,
        39,
        42,
        58,
        51,
        33,
        41,
        73,
        68,
        20,
        39,
        90,
        26,
        16
    ],
    "centroids": [
        "Foto 77",
        "index2_frame_015",
        "index57_frame_013",
        "Screenshot (422)",
        "Alto 9",
        "index102_frame_017",
        "index104_frame_011",
        "index62_frame_001",
        "index72_frame_001",
        "index2_frame_006",
        "index70_frame_008",
        "index20_frame_014",
        "index28_frame_007",
        "Screenshot (2)",
        "index32_frame_018"
    ],
    "samples": [
        [
            "index18_frame_012",
            "index18_frame_014",
            "Foto 141",
            "index18_frame_006",
            "Foto 206",
            "Foto 165",
            "index16_frame_004",
            "Foto 92",
            "Foto 34",
            "Foto 22",
            "index16_frame_013",
            "index16_frame_001",
            "Foto 66",
            "Foto 12",
            "Foto 11",
            "Foto 204",
            "Foto 9",
            "Foto 83",
            "Foto 89"
        ],
        [
            "index2_frame_016",
            "index66_frame_016",
            "index59_frame_003",
            "index71_frame_002",
            "index66_frame_014",
            "index66_frame_003",
            "index71_frame_009",
            "index83_frame_006",
            "index59_frame_013",
            "index83_frame_010",
            "index59_frame_012",
            "index71_frame_012",
            "index59_frame_001",
            "index71_frame_013",
            "index113_frame_019",
            "index113_frame_001",
            "index113_frame_005",
            "Screenshot (624)",
            "index113_frame_009"
        ],
        [
            "index57_frame_009",
            "index57_frame_015",
            "index57_frame_020",
            "index74_frame_004",
            "index74_frame_011",
            "index57_frame_012",
            "index74_frame_010",
            "index74_frame_006",
            "index57_frame_017",
            "index57_frame_010",
            "index74_frame_012",
            "index74_frame_019",
            "index74_frame_014",
            "index57_frame_005",
            "index74_frame_008",
            "index57_frame_002",
            "index57_frame_014",
            "index74_frame_017",
            "index74_frame_009"
        ],
        [
            "Screenshot (428)",
            "Screenshot (409)",
            "Screenshot (419)",
            "Screenshot (433)",
            "DataSetVari 21",
            "Screenshot (469)",
            "Screenshot (408)",
            "Screenshot (417)",
            "Screenshot (447)",
            "Screenshot (461)",
            "Screenshot (413)",
            "Screenshot (442)",
            "Screenshot (445)",
            "index106_frame_002",
            "index106_frame_004",
            "index106_frame_005",
            "index106_frame_007",
            "index106_frame_001",
            "index106_frame_011"
        ],
        [
            "Alto 33",
            "Alto 11",
            "Alto 44",
            "Alto 41",
            "DataSetVari 34",
            "Alto 38",
            "Alto 42",
            "Alto 51",
            "DataSetVari 1",
            "Alto 46",
            "DataSetVari 12",
            "DataSetVari 31",
            "index81_frame_009",
            "index81_frame_019",
            "index81_frame_008",
            "DataSetVari 24",
            "DataSetVari 82",
            "DataSetVari 83",
            "DataSetVari 67"
        ],
        [
            "index102_frame_004",
            "index102_frame_016",
            "index102_frame_002",
            "index102_frame_001",
            "index102_frame_005",
            "index102_frame_018",
            "index102_frame_008",
            "index102_frame_011",
            "index108_frame_009",
            "index108_frame_018",
            "index108_frame_006",
            "index108_frame_005",
            "index6_frame_006",
            "index6_frame_020",
            "index108_frame_019",
            "index108_frame_008",
            "index108_frame_001",
            "index6_frame_013",
            "index108_frame_012"
        ],
        [
            "Screenshot (640)",
            "index104_frame_015",
            "index104_frame_002",
            "index104_frame_019",
            "index104_frame_003",
            "index104_frame_020",
            "index104_frame_010",
            "index104_frame_001",
            "Screenshot (673)",
            "Screenshot (637)",
            "index104_frame_018",
            "Screenshot (621)",
            "index104_frame_016",
            "Screenshot (639)",
            "index104_frame_004",
            "Screenshot (625)",
            "Screenshot (675)",
            "Screenshot (641)",
            "index104_frame_006"
        ],
        [
            "index62_frame_018",
            "index62_frame_006",
            "index62_frame_002",
            "index62_frame_021",
            "index62_frame_013",
            "index62_frame_014",
            "index62_frame_028",
            "index62_frame_016",
            "index62_frame_011",
            "index62_frame_030",
            "index9_frame_011",
            "index23_frame_022",
            "index9_frame_010",
            "index9_frame_003",
            "index30_frame_005",
            "DataSetVari 49",
            "index23_frame_030",
            "index23_frame_009",
            "index14_frame_019"
        ],
        [
            "index72_frame_013",
            "index72_frame_025",
            "index72_frame_020",
            "index72_frame_022",
            "index72_frame_012",
            "index72_frame_015",
            "index72_frame_019",
            "index72_frame_009",
            "index88_frame_006",
            "index95_frame_020",
            "index107_frame_011",
            "index88_frame_008",
            "index107_frame_002",
            "index95_frame_003",
            "index9_frame_016",
            "index107_frame_007",
            "index107_frame_020",
            "index95_frame_017",
            "index107_frame_014"
        ],
        [
            "index80_frame_004",
            "index2_frame_004",
            "index80_frame_009",
            "index80_frame_001",
            "index2_frame_001",
            "index80_frame_008",
            "index69_frame_008",
            "index2_frame_010",
            "index80_frame_011",
            "index2_frame_013",
            "index2_frame_018",
            "index69_frame_010",
            "Screenshot (357)",
            "index2_frame_011",
            "index69_frame_005",
            "index86_frame_021",
            "index86_frame_078",
            "index86_frame_067",
            "Screenshot (347)"
        ],
        [
            "index70_frame_016",
            "index70_frame_010",
            "index70_frame_003",
            "index70_frame_015",
            "index70_frame_021",
            "index70_frame_001",
            "index70_frame_030",
            "index70_frame_022",
            "index70_frame_006",
            "index70_frame_009",
            "index70_frame_019",
            "index70_frame_018",
            "index70_frame_011",
            "index70_frame_024",
            "index70_frame_027",
            "index70_frame_026",
            "index70_frame_005",
            "index70_frame_023",
            "index70_frame_025"
        ],
        [
            "index20_frame_009",
            "index20_frame_026",
            "index20_frame_017",
            "index20_frame_006",
            "index20_frame_025",
            "index20_frame_024",
            "index20_frame_022",
            "index20_frame_011",
            "index20_frame_019",
            "index33_frame_011",
