{
    "k": 12,
    "inertia_score": -110320.6953125,
    "silhouette_score": 0.14244444668293,
    "cluster_counts": [
        27,
        84,
        89,
        41,
        74,
        28,
        99,
        39,
        82,
        26,
        47,
        45
    ],
    "centroids": [
        "index95_frame_020",
        "index2_frame_016",
        "index102_frame_003",
        "Screenshot (422)",
        "index19_frame_004",
        "index88_frame_009",
        "DataSetVari 28",
        "index57_frame_013",
        "index8_frame_021",
        "index82_frame_016",
        "index15_frame_011",
        "index62_frame_001"
    ],
    "samples": [
        [
            "index95_frame_004",
            "index95_frame_018",
            "index95_frame_002",
            "index95_frame_003",
            "index95_frame_014",
            "index95_frame_001",
            "index95_frame_008",
            "index95_frame_005",
            "index95_frame_009",
            "index95_frame_011",
            "index95_frame_017",
            "index95_frame_012",
            "index33_frame_010",
            "index33_frame_001",
            "index33_frame_003",
            "index33_frame_011",
            "index33_frame_006",
            "index33_frame_004",
            "index33_frame_008",
            "index33_frame_009",
            "index9_frame_016",
            "index33_frame_002"
        ],
        [
            "index2_frame_015",
            "index2_frame_010",
            "index80_frame_012",
            "index2_frame_019",
            "index83_frame_003",
            "index2_frame_009",
            "index80_frame_014",
            "index83_frame_014",
            "index2_frame_020",
            "index2_frame_012",
            "index80_frame_003",
            "index80_frame_011",
            "index2_frame_002",
            "index83_frame_012",
            "index80_frame_005",
            "index69_frame_007",
            "index113_frame_013",
            "index69_frame_001",
            "index113_frame_007",
            "index83_frame_011",
            "index113_frame_001",
            "index113_frame_004"
        ],
        [
            "index104_frame_015",
            "index102_frame_014",
            "index102_frame_016",
            "index104_frame_020",
            "index104_frame_003",
            "index102_frame_008",
            "Screenshot (625)",
            "Screenshot (677)",
            "index104_frame_004",
            "index99_frame_014",
            "index6_frame_002",
            "index108_frame_001",
            "Screenshot (637)",
            "index108_frame_016",
            "index6_frame_013",
            "Screenshot (624)",
            "index102_frame_009",
            "index6_frame_017",
            "index108_frame_019",
            "index108_frame_007",
            "Screenshot (644)",
            "index104_frame_012"
        ],
        [
            "Screenshot (428)",
            "Screenshot (492)",
            "Screenshot (409)",
            "Screenshot (476)",
            "Screenshot (419)",
            "Screenshot (480)",
            "Screenshot (414)",
            "Screenshot (433)",
            "DataSetVari 21",
            "Screenshot (469)",
            "Screenshot (453)",
            "Screenshot (466)",
            "Screenshot (408)",
            "Screenshot (420)",
            "Screenshot (417)",
            "Screenshot (439)",
            "Screenshot (410)",
            "Screenshot (447)",
            "Screenshot (461)",
            "Screenshot (413)",
            "Screenshot (455)",
            "Screenshot (438)"
        ],
        [
            "index19_frame_012",
            "index19_frame_030",
            "index19_frame_016",
            "index66_frame_005",
            "index19_frame_022",
            "index66_frame_003",
            "index19_frame_003",
            "index19_frame_015",
            "index71_frame_002",
            "index59_frame_003",
            "index66_frame_002",
            "index107_frame_002",
            "index71_frame_011",
            "index107_frame_004",
            "index108_frame_002",
            "index107_frame_016",
            "index71_frame_016",
            "index71_frame_007",
            "index71_frame_003",
            "index71_frame_017",
            "index59_frame_005",
            "index107_frame_017"
        ],
        [
            "index88_frame_008",
            "index88_frame_017",
            "index88_frame_011",
            "index88_frame_024",
            "index88_frame_013",
            "index88_frame_021",
            "index88_frame_010",
            "index88_frame_018",
            "index88_frame_027",
            "index88_frame_001",
            "index88_frame_030",
            "index88_frame_026",
            "index88_frame_012",
            "index88_frame_029",
            "index88_frame_028",
            "index88_frame_025",
            "index88_frame_002",
            "index88_frame_022",
            "index88_frame_023",
            "index88_frame_014",
            "index88_frame_020",
            "index88_frame_007"
        ],
        [
            "Alto 9",
            "Alto 36",
            "Alto 34",
            "Screenshot (8)",
            "DataSetVari 34",
            "Alto 33",
            "Alto 42",
            "Alto 11",
            "Alto 4",
            "Screenshot (7)",
            "DataSetVari 44",
            "Screenshot (12)",
            "DataSetVari 30",
            "Foto 19",
            "index32_frame_018",
            "DataSetVari 37",
            "index32_frame_002",
            "index81_frame_009",
            "index81_frame_017",
            "DataSetVari 83",
            "DataSetVari 68",
            "DataSetVari 12"
        ],
        [
            "index57_frame_009",
            "index57_frame_007",
            "index57_frame_015",
            "index57_frame_006",
            "index57_frame_020",
            "index57_frame_018",
            "index74_frame_004",
            "index57_frame_004",
            "index74_frame_011",
            "index57_frame_016",
            "index57_frame_012",
            "index74_frame_007",
            "index74_frame_010",
            "index74_frame_018",
            "index74_frame_006",
            "index74_frame_016",
            "index57_frame_017",
            "index57_frame_011",
            "index57_frame_010",
            "index57_frame_003",
            "index74_frame_012",
            "index74_frame_003"
        ],
        [
            "index8_frame_023",
            "index8_frame_011",
            "index8_frame_008",
            "index25_frame_005",
            "index25_frame_004",
            "index25_frame_003",
            "index100_frame_002",
            "index18_frame_012",
            "index18_frame_010",
            "index100_frame_019",
            "index8_frame_022",
            "index26_frame_012",
            "DataSetVari 9",
            "DataSetVari 54",
            "DataSetVari 66",
            "index26_frame_018",
            "index8_frame_006",
            "DataSetVari 3",
            "index26_frame_003",
            "index18_frame_014",
            "index16_frame_016",
            "index16_frame_004"
        ],
        [
            "index82_frame_023",
            "index82_frame_021",
            "index82_frame_018",
            "index82_frame_015",
            "index82_frame_011",
            "index82_frame_022",
            "index82_frame_026",
            "index82_frame_019",
            "index82_frame_027",
            "index82_frame_010",
            "index82_frame_009",
            "index82_frame_003",
            "index82_frame_024",
            "index82_frame_028",
            "index82_frame_025",
            "index82_frame_020",
            "index82_frame_017",
            "index82_frame_001",
            "index82_frame_029",
            "index82_frame_014",
            "index82_frame_002",
            "index82_frame_030"
        ],
        [
