{
    "k": 17,
    "inertia_score": -98141.890625,
    "silhouette_score": 0.16967734694480896,
    "cluster_counts": [
        45,
        74,
        39,
        16,
        28,
        50,
        18,
        45,
        42,
        96,
        51,
        47,
        13,
        19,
        43,
        16,
        39
    ],
    "centroids": [
        "index19_frame_004",
        "index104_frame_015",
        "index57_frame_013",
        "index32_frame_018",
        "index88_frame_009",
        "index82_frame_021",
        "index31_frame_013",
        "index100_frame_009",
        "Screenshot (422)",
        "index2_frame_016",
        "index8_frame_005",
        "DataSetVari 33",
        "index95_frame_018",
        "index108_frame_016",
        "index20_frame_017",
        "index113_frame_001",
        "Screenshot (11)"
    ],
    "samples": [
        [
            "index19_frame_012",
            "index19_frame_005",
            "index19_frame_030",
            "index19_frame_024",
            "index19_frame_019",
            "index19_frame_015",
            "index19_frame_003",
            "index19_frame_026",
            "index66_frame_016",
            "index66_frame_008",
            "index107_frame_006",
            "index107_frame_002",
            "index19_frame_008",
            "index66_frame_014",
            "index107_frame_004",
            "index66_frame_011",
            "index107_frame_020",
            "index19_frame_017"
        ],
        [
            "index102_frame_006",
            "index102_frame_014",
            "index104_frame_020",
            "index102_frame_011",
            "index102_frame_008",
            "index102_frame_017",
            "index6_frame_006",
            "index6_frame_020",
            "index104_frame_018",
            "Screenshot (636)",
            "Screenshot (637)",
            "Screenshot (641)",
            "index99_frame_014",
            "index99_frame_020",
            "index6_frame_017",
            "index99_frame_013",
            "index99_frame_024",
            "Screenshot (643)"
        ],
        [
            "index57_frame_009",
            "index57_frame_015",
            "index57_frame_020",
            "index74_frame_004",
            "index74_frame_011",
            "index57_frame_012",
            "index74_frame_010",
            "index74_frame_006",
            "index57_frame_017",
            "index57_frame_010",
            "index74_frame_012",
            "index74_frame_019",
            "index74_frame_014",
            "index57_frame_005",
            "index74_frame_008",
            "index57_frame_002",
            "index57_frame_014",
            "index74_frame_017"
        ],
        [
            "index32_frame_017",
            "index32_frame_008",
            "index32_frame_010",
            "index32_frame_007",
            "index32_frame_009",
            "index32_frame_004",
            "index32_frame_011",
            "index32_frame_001",
            "index32_frame_003",
            "index32_frame_006",
            "index32_frame_016",
            "index32_frame_002",
            "index32_frame_019",
            "index32_frame_005",
            "index32_frame_020"
        ],
        [
            "index88_frame_008",
            "index88_frame_017",
            "index88_frame_011",
            "index88_frame_024",
            "index88_frame_013",
            "index88_frame_021",
            "index88_frame_010",
            "index88_frame_018",
            "index88_frame_027",
            "index88_frame_001",
            "index88_frame_030",
            "index88_frame_026",
            "index88_frame_012",
            "index88_frame_029",
            "index88_frame_028",
            "index88_frame_025",
            "index88_frame_002",
            "index88_frame_022"
        ],
        [
            "index82_frame_018",
            "index82_frame_011",
            "index82_frame_015",
            "index82_frame_009",
            "index82_frame_003",
            "index82_frame_001",
            "index82_frame_002",
            "index82_frame_027",
            "index82_frame_025",
            "index82_frame_010",
            "index82_frame_029",
            "index82_frame_030",
            "index62_frame_024",
            "index62_frame_001",
            "index82_frame_013",
            "index62_frame_021",
            "index62_frame_003",
            "index62_frame_010"
        ],
        [
            "index31_frame_028",
            "index31_frame_017",
            "index31_frame_021",
            "index31_frame_003",
            "index31_frame_012",
            "index31_frame_001",
            "index31_frame_010",
            "index31_frame_024",
            "index31_frame_005",
            "index31_frame_009",
            "index31_frame_019",
            "index31_frame_007",
            "index31_frame_026",
            "index31_frame_004",
            "index31_frame_022",
            "index31_frame_030",
            "index31_frame_015"
        ],
        [
            "index100_frame_013",
            "index100_frame_002",
            "index100_frame_005",
            "index100_frame_019",
            "index100_frame_001",
            "index100_frame_003",
            "index100_frame_020",
            "index18_frame_010",
            "index25_frame_003",
            "index18_frame_008",
            "index25_frame_005",
            "index18_frame_004",
            "index18_frame_014",
            "index18_frame_013",
            "index9_frame_015",
            "Screenshot (573)",
            "Screenshot (521)",
            "Foto 24"
        ],
        [
            "Screenshot (428)",
            "Screenshot (409)",
            "Screenshot (476)",
            "Screenshot (433)",
            "DataSetVari 21",
            "Screenshot (469)",
            "Screenshot (408)",
            "Screenshot (417)",
            "Screenshot (447)",
            "Screenshot (461)",
            "Screenshot (438)",
            "Screenshot (442)",
            "Screenshot (444)",
            "index106_frame_002",
            "index106_frame_004",
            "Screenshot (463)",
            "index106_frame_007",
            "index106_frame_001"
        ],
        [
            "index2_frame_015",
            "index2_frame_013",
            "index80_frame_012",
            "index69_frame_011",
            "index83_frame_014",
            "index80_frame_003",
            "index59_frame_003",
            "index2_frame_001",
            "index83_frame_008",
            "index80_frame_016",
            "index80_frame_018",
            "index80_frame_008",
            "index59_frame_009",
            "index71_frame_016",
            "index59_frame_013",
            "index59_frame_005",
            "index86_frame_024",
            "index35_frame_026"
        ],
        [
            "index8_frame_023",
            "index8_frame_025",
            "index15_frame_019",
            "index8_frame_001",
            "index15_frame_017",
            "index8_frame_011",
            "index15_frame_011",
            "index8_frame_027",
            "index15_frame_029",
            "index15_frame_018",
            "index8_frame_028",
            "DataSetVari 9",
            "index15_frame_005",
            "DataSetVari 3",
            "index15_frame_012",
            "index15_frame_003",
            "DataSetVari 54",
            "index26_frame_018"
        ],
        [
            "DataSetVari 34",
            "DataSetVari 40",
            "DataSetVari 28",
            "Alto 40",
            "DataSetVari 39",
            "Alto 8",
            "DataSetVari 30",
            "Alto 39",
            "Alto 51",
            "Alto 47",
            "DataSetVari 83",
            "Alto 38",
            "index81_frame_019",
            "index81_frame_018",
            "Foto 19",
            "index81_frame_017",
            "Alto 49",
            "DataSetVari 31"
        ],
        [
