{
    "k": 11,
    "inertia_score": -129850.3515625,
    "silhouette_score": 0.11580834537744522,
    "cluster_counts": [
        37,
        181,
        65,
        20,
        107,
        39,
        43,
        122,
        58,
        18,
        41
    ],
    "centroids": [
        "index32_frame_008",
        "index72_frame_001",
        "index104_frame_015",
        "index70_frame_008",
        "index2_frame_016",
        "index57_frame_013",
        "Screenshot (2)",
        "index65_frame_015",
        "Screenshot (422)",
        "index86_frame_043",
        "Alto 34"
    ],
    "samples": [
        [
            "index32_frame_007",
            "index108_frame_016",
            "index32_frame_006",
            "index32_frame_017",
            "index32_frame_009",
            "DataSetVari 46",
            "index32_frame_011",
            "index32_frame_018",
            "index32_frame_003",
            "index32_frame_010",
            "index32_frame_001",
            "index108_frame_005",
            "index108_frame_008",
            "index32_frame_004",
            "index108_frame_011",
            "index32_frame_019",
            "index32_frame_002",
            "index108_frame_019",
            "index108_frame_009",
            "index108_frame_007",
            "index108_frame_018",
            "index108_frame_004"
        ],
        [
            "index72_frame_005",
            "index72_frame_016",
            "index62_frame_006",
            "index88_frame_007",
            "index62_frame_003",
            "index62_frame_028",
            "index62_frame_022",
            "index95_frame_008",
            "DataSetVari 17",
            "index23_frame_002",
            "index107_frame_018",
            "index95_frame_009",
            "Foto 141",
            "Foto 77",
            "Foto 53",
            "Foto 26",
            "DataSetVari 11",
            "index16_frame_010",
            "index23_frame_009",
            "index23_frame_018",
            "index23_frame_010",
            "Foto 123"
        ],
        [
            "index104_frame_019",
            "index102_frame_006",
            "index104_frame_002",
            "index104_frame_020",
            "index104_frame_010",
            "index104_frame_001",
            "index102_frame_011",
            "index102_frame_018",
            "index104_frame_006",
            "index102_frame_010",
            "Screenshot (625)",
            "index102_frame_007",
            "index102_frame_017",
            "index6_frame_020",
            "index104_frame_004",
            "index102_frame_020",
            "Screenshot (640)",
            "Screenshot (677)",
            "index6_frame_012",
            "index6_frame_002",
            "Screenshot (637)",
            "Screenshot (665)"
        ],
        [
            "index70_frame_016",
            "index70_frame_010",
            "index70_frame_003",
            "index70_frame_015",
            "index70_frame_021",
            "index70_frame_001",
            "index70_frame_030",
            "index70_frame_022",
            "index70_frame_006",
            "index70_frame_009",
            "index70_frame_019",
            "index70_frame_018",
            "index70_frame_011",
            "index70_frame_024",
            "index70_frame_027",
            "index70_frame_026",
            "index70_frame_005",
            "index70_frame_023",
            "index70_frame_025"
        ],
        [
            "index2_frame_015",
            "index80_frame_004",
            "index80_frame_012",
            "index80_frame_001",
            "index83_frame_013",
            "index80_frame_006",
            "index80_frame_009",
            "index80_frame_003",
            "index83_frame_008",
            "index71_frame_002",
            "index80_frame_007",
            "index80_frame_016",
            "index69_frame_010",
            "index83_frame_010",
            "index59_frame_002",
            "Screenshot (374)",
            "index113_frame_013",
            "Screenshot (353)",
            "index113_frame_007",
            "index71_frame_017",
            "Screenshot (365)",
            "Screenshot (349)"
        ],
        [
            "index57_frame_009",
            "index57_frame_007",
            "index57_frame_015",
            "index57_frame_006",
            "index57_frame_020",
            "index57_frame_018",
            "index74_frame_004",
            "index57_frame_004",
            "index74_frame_011",
            "index57_frame_016",
            "index57_frame_012",
            "index74_frame_007",
            "index74_frame_010",
            "index74_frame_018",
            "index74_frame_006",
            "index74_frame_016",
            "index57_frame_017",
            "index57_frame_011",
            "index57_frame_010",
            "index57_frame_003",
            "index74_frame_012",
            "index74_frame_003"
        ],
        [
            "Screenshot (25)",
            "Screenshot (16)",
            "Screenshot (24)",
            "Screenshot (8)",
            "Screenshot (20)",
            "Screenshot (14)",
            "Screenshot (11)",
            "Screenshot (6)",
            "Screenshot (9)",
            "Screenshot (17)",
            "Screenshot (23)",
            "Screenshot (22)",
            "Screenshot (21)",
            "Screenshot (13)",
            "Screenshot (7)",
            "Screenshot (15)",
            "Screenshot (18)",
            "Screenshot (12)",
            "Screenshot (19)",
            "Alto 51",
            "DataSetVari 32",
            "Alto 50"
        ],
        [
            "index65_frame_006",
            "index65_frame_007",
            "index65_frame_008",
            "index28_frame_006",
            "index65_frame_004",
            "index65_frame_001",
            "index41_frame_005",
            "index28_frame_002",
            "index66_frame_016",
            "index100_frame_002",
            "index100_frame_019",
            "index25_frame_003",
            "index100_frame_020",
            "index100_frame_001",
            "index28_frame_014",
            "DataSetVari 66",
            "index108_frame_003",
            "index18_frame_010",
            "index28_frame_018",
            "DataSetVari 62",
            "DataSetVari 3",
            "index59_frame_001"
        ],
        [
            "Screenshot (428)",
            "Screenshot (476)",
            "Screenshot (433)",
            "Screenshot (414)",
            "Screenshot (466)",
            "Screenshot (408)",
            "Screenshot (453)",
            "Screenshot (417)",
            "Screenshot (413)",
            "Screenshot (439)",
            "Screenshot (455)",
            "Screenshot (442)",
            "index106_frame_002",
            "Screenshot (445)",
            "index20_frame_005",
            "index106_frame_005",
            "DataSetVari 22",
            "index20_frame_006",
            "Screenshot (482)",
            "index20_frame_013",
            "index20_frame_001",
            "index20_frame_024"
        ],
        [
            "index86_frame_024",
            "index86_frame_067",
            "index86_frame_005",
            "index86_frame_047",
            "index86_frame_037",
            "index86_frame_062",
            "index86_frame_026",
            "index86_frame_036",
            "index86_frame_070",
            "index86_frame_035",
            "index86_frame_049",
            "index86_frame_078",
            "index86_frame_082",
            "index86_frame_060",
            "index86_frame_021",
            "index86_frame_034",
            "index86_frame_011"
        ],
        [
            "Alto 35",
            "Alto 33",
            "Alto 44",
            "Alto 9",
            "Alto 40",
            "Alto 39",
            "Alto 43",
            "Alto 41",
            "Alto 36",
            "Alto 38",
            "DataSetVari 33",
            "Alto 8",
            "Alto 37",
