{
    "k": 18,
    "inertia_score": -111737.453125,
    "silhouette_score": 0.1582084447145462,
    "cluster_counts": [
        27,
        67,
        51,
        40,
        53,
        39,
        58,
        17,
        69,
        91,
        22,
        26,
        43,
        18,
        42,
        32,
        16,
        20
    ],
    "centroids": [
        "Foto 92",
        "index72_frame_001",
        "index104_frame_011",
        "index18_frame_002",
        "index66_frame_016",
        "index57_frame_013",
        "Alto 9",
        "index113_frame_001",
        "index2_frame_016",
        "index28_frame_007",
        "index20_frame_014",
        "Screenshot (2)",
        "index102_frame_004",
        "index86_frame_043",
        "index62_frame_001",
        "Screenshot (422)",
        "index32_frame_018",
        "index70_frame_008"
    ],
    "samples": [
        [
            "Foto 100",
            "Foto 141",
            "Foto 84",
            "Foto 27",
            "Foto 11",
            "Foto 204",
            "Foto 165",
            "Foto 66",
            "Foto 56",
            "Foto 22",
            "Foto 34",
            "Foto 20",
            "Foto 30",
            "Foto 23",
            "Foto 53",
            "Foto 75",
            "Foto 196"
        ],
        [
            "index72_frame_008",
            "index72_frame_016",
            "index72_frame_022",
            "index72_frame_012",
            "index72_frame_020",
            "index72_frame_019",
            "index72_frame_009",
            "index72_frame_027",
            "index95_frame_001",
            "index88_frame_014",
            "index95_frame_003",
            "index88_frame_007",
            "index88_frame_028",
            "index95_frame_009",
            "index95_frame_017",
            "index33_frame_001",
            "DataSetVari 17"
        ],
        [
            "index104_frame_015",
            "index104_frame_010",
            "index104_frame_019",
            "Screenshot (621)",
            "Screenshot (673)",
            "Screenshot (670)",
            "index104_frame_016",
            "Screenshot (677)",
            "Screenshot (665)",
            "Screenshot (644)",
            "Screenshot (646)",
            "Screenshot (517)",
            "Screenshot (534)",
            "Screenshot (522)",
            "Screenshot (643)",
            "DataSetVari 23",
            "index104_frame_008"
        ],
        [
            "index18_frame_010",
            "index18_frame_015",
            "index18_frame_013",
            "index18_frame_006",
            "index18_frame_004",
            "index16_frame_016",
            "index16_frame_011",
            "index16_frame_013",
            "index30_frame_016",
            "Foto 38",
            "Foto 129",
            "Foto 130",
            "Foto 122",
            "Foto 79",
            "Foto 113",
            "Foto 44",
            "Foto 166"
        ],
        [
            "index71_frame_009",
            "index71_frame_001",
            "index66_frame_011",
            "index59_frame_006",
            "index59_frame_001",
            "index71_frame_014",
            "index71_frame_011",
            "index66_frame_002",
            "index107_frame_004",
            "index59_frame_013",
            "index107_frame_016",
            "index107_frame_020",
            "index107_frame_009",
            "index107_frame_018",
            "index71_frame_017",
            "index59_frame_014",
            "DataSetVari 48"
        ],
        [
            "index57_frame_009",
            "index57_frame_015",
            "index57_frame_020",
            "index74_frame_004",
            "index74_frame_011",
            "index57_frame_012",
            "index74_frame_010",
            "index74_frame_006",
            "index57_frame_017",
            "index57_frame_010",
            "index74_frame_012",
            "index74_frame_019",
            "index74_frame_014",
            "index57_frame_005",
            "index74_frame_008",
            "index57_frame_002",
            "index57_frame_014"
        ],
        [
            "Alto 33",
            "Alto 11",
            "Alto 44",
            "Alto 41",
            "DataSetVari 34",
            "Alto 38",
            "Alto 42",
            "Alto 51",
            "DataSetVari 1",
            "Alto 46",
            "DataSetVari 12",
            "DataSetVari 31",
            "index81_frame_009",
            "index81_frame_019",
            "index81_frame_008",
            "DataSetVari 24",
            "DataSetVari 82"
        ],
        [
            "index113_frame_003",
            "index113_frame_012",
            "index113_frame_007",
            "index113_frame_005",
            "index113_frame_013",
            "index113_frame_008",
            "index113_frame_011",
            "index113_frame_004",
            "index113_frame_017",
            "index113_frame_018",
            "index113_frame_009",
            "index113_frame_015",
            "index113_frame_019",
            "index113_frame_020",
            "index113_frame_002",
            "index73_frame_007"
        ],
        [
            "index80_frame_004",
            "index2_frame_010",
            "index80_frame_017",
            "index80_frame_015",
            "index80_frame_018",
            "index83_frame_003",
            "index83_frame_004",
            "index80_frame_013",
            "index2_frame_012",
            "index2_frame_011",
            "index83_frame_006",
            "Screenshot (355)",
            "index69_frame_007",
            "Screenshot (357)",
            "index69_frame_005",
            "index83_frame_011",
            "Screenshot (347)"
        ],
        [
            "index28_frame_001",
            "index65_frame_018",
            "index28_frame_010",
            "index41_frame_005",
            "index65_frame_009",
            "index41_frame_018",
            "index41_frame_013",
            "index65_frame_001",
            "index100_frame_013",
            "index41_frame_001",
            "index100_frame_017",
            "index66_frame_009",
            "DataSetVari 66",
            "index65_frame_022",
            "index28_frame_018",
            "index26_frame_003",
            "index26_frame_015"
        ],
        [
            "index20_frame_009",
            "index20_frame_005",
            "index20_frame_006",
            "index20_frame_026",
            "index20_frame_013",
            "index20_frame_021",
            "index20_frame_024",
            "index20_frame_004",
            "index20_frame_017",
            "index20_frame_025",
            "index20_frame_012",
            "index20_frame_001",
            "index20_frame_011",
            "index20_frame_018",
            "index14_frame_007",
            "DataSetVari 26",
            "index14_frame_018"
        ],
        [
            "Screenshot (16)",
            "Screenshot (14)",
            "Screenshot (24)",
            "Screenshot (25)",
            "Screenshot (23)",
            "Screenshot (8)",
            "Screenshot (11)",
            "Screenshot (20)",
            "Screenshot (22)",
            "Screenshot (6)",
            "Screenshot (17)",
            "Screenshot (7)",
            "Screenshot (15)",
            "Screenshot (21)",
            "Screenshot (9)",
            "Screenshot (13)",
            "Screenshot (18)"
        ],
        [
            "index102_frame_017",
            "index102_frame_006",
            "index102_frame_003",
            "index102_frame_014",
            "index102_frame_005",
            "index102_frame_018",
            "index102_frame_020",
            "index102_frame_011",
            "index102_frame_013",
            "index108_frame_018",
            "index108_frame_006",
            "index6_frame_003",
            "index6_frame_005",
            "index108_frame_005",
            "index6_frame_004",
            "index108_frame_008",
