{
    "k": 11,
    "inertia_score": -296300.53125,
    "silhouette_score": 0.08262062817811966,
    "cluster_counts": [
        193,
        40,
        228,
        193,
        217,
        108,
        151,
        45,
        69,
        164,
        90
    ],
    "centroids": [
        "Foto 87",
        "index57_frame_009",
        "index2_frame_015",
        "Alto 9",
        "index18_frame_012",
        "index67_frame_009",
        "Screenshot (255)",
        "index41_frame_005",
        "Screenshot (422)",
        "Screenshot (136)",
        "index102_frame_003"
    ],
    "samples": [
        [
            "Foto 149",
            "Foto 27",
            "Foto 219",
            "Foto 92",
            "Foto 159",
            "Foto 3",
            "Foto 128",
            "Foto 115",
            "Foto 117",
            "Foto 93",
            "index7_frame_018",
            "Foto 107",
            "Foto 126",
            "Foto 209",
            "index94_frame_001",
            "Foto 139",
            "Foto 195",
            "Screenshot (337)",
            "Foto 114",
            "Foto 31",
            "Screenshot (685)",
            "Foto 75",
            "Foto 95",
            "Foto 17",
            "Screenshot (683)"
        ],
        [
            "index57_frame_013",
            "index57_frame_007",
            "index57_frame_015",
            "index57_frame_006",
            "index57_frame_020",
            "index57_frame_018",
            "index74_frame_004",
            "index57_frame_004",
            "index74_frame_011",
            "index57_frame_016",
            "index57_frame_012",
            "index74_frame_007",
            "index74_frame_010",
            "index74_frame_018",
            "index57_frame_008",
            "index74_frame_006",
            "index57_frame_017",
            "index74_frame_016",
            "index57_frame_011",
            "index57_frame_010",
            "index57_frame_003",
            "index74_frame_003",
            "index74_frame_012",
            "index74_frame_019",
            "index74_frame_014"
        ],
        [
            "Screenshot (303)",
            "Screenshot (285)",
            "index83_frame_003",
            "Screenshot (301)",
            "index66_frame_011",
            "index90_frame_004",
            "index2_frame_013",
            "index2_frame_009",
            "index90_frame_020",
            "Screenshot (47)",
            "index71_frame_011",
            "Screenshot (214)",
            "index38_frame_020",
            "index38_frame_004",
            "index71_frame_016",
            "index71_frame_008",
            "index38_frame_003",
            "Screenshot (233)",
            "index59_frame_007",
            "DataSetVari 58",
            "DataSetVari 62",
            "index113_frame_018",
            "index113_frame_005",
            "index7_frame_020",
            "Foto 42"
        ],
        [
            "Alto 11",
            "Alto 35",
            "Alto 37",
            "Alto 38",
            "index23_frame_002",
            "Alto 43",
            "Alto 85",
            "Alto 52",
            "index23_frame_001",
            "Alto 16",
            "Alto 76",
            "Screenshot (11)",
            "Screenshot (20)",
            "Alto 12",
            "Screenshot (16)",
            "Screenshot (2)",
            "Screenshot (22)",
            "index81_frame_009",
            "DataSetVari 76",
            "index81_frame_013",
            "Screenshot (7)",
            "Alto 19",
            "Alto 20",
            "DataSetVari 77",
            "DataSetVari 75"
        ],
        [
            "Screenshot (546)",
            "index18_frame_015",
            "index18_frame_004",
            "index26_frame_012",
            "Screenshot (542)",
            "index26_frame_018",
            "index25_frame_006",
            "index26_frame_003",
            "index72_frame_003",
            "Screenshot (584)",
            "index25_frame_002",
            "index72_frame_013",
            "Screenshot (69)",
            "index4_frame_018",
            "Foto 184",
            "index16_frame_003",
            "index33_frame_006",
            "index5_frame_009",
            "Screenshot (102)",
            "index4_frame_007",
            "index16_frame_010",
            "index32_frame_013",
            "index33_frame_011",
            "index32_frame_004",
            "index4_frame_015"
        ],
        [
            "index67_frame_010",
            "index3_frame_001",
            "index67_frame_008",
            "index82_frame_002",
            "index3_frame_018",
            "index67_frame_003",
            "index82_frame_012",
            "index79_frame_006",
            "index79_frame_009",
            "index82_frame_015",
            "index85_frame_008",
            "index86_frame_012",
            "index86_frame_001",
            "index79_frame_007",
            "index79_frame_002",
            "index86_frame_017",
            "index90_frame_028",
            "index65_frame_011",
            "index65_frame_007",
            "index90_frame_025",
            "index65_frame_018",
            "index65_frame_015",
            "index46_frame_011",
            "index65_frame_004",
            "index86_frame_005"
        ],
        [
            "Screenshot (193)",
            "Screenshot (185)",
            "Screenshot (167)",
            "Screenshot (191)",
            "Screenshot (175)",
            "index88_frame_011",
            "Screenshot (177)",
            "index80_frame_012",
            "index80_frame_006",
            "index80_frame_002",
            "Screenshot (371)",
            "index2_frame_020",
            "index2_frame_004",
            "index80_frame_014",
            "index80_frame_005",
            "index69_frame_009",
            "index80_frame_003",
            "Screenshot (367)",
            "index109_frame_002",
            "index88_frame_001",
            "index69_frame_001",
            "index69_frame_010",
            "index109_frame_010",
            "index109_frame_003",
            "index88_frame_003"
        ],
        [
            "index41_frame_001",
            "index41_frame_002",
            "index100_frame_002",
            "index100_frame_006",
            "index100_frame_017",
            "index100_frame_005",
            "index41_frame_008",
            "index100_frame_019",
            "index100_frame_004",
            "index100_frame_009",
            "index100_frame_015",
            "index100_frame_003",
            "index100_frame_010",
            "index100_frame_013",
            "index41_frame_013",
            "index41_frame_016",
            "index41_frame_019",
            "index41_frame_017",
            "index41_frame_018",
            "index100_frame_001",
            "index28_frame_009",
            "index100_frame_020",
            "index28_frame_004",
            "index28_frame_008",
            "index28_frame_006"
        ],
        [
            "Screenshot (428)",
            "Screenshot (423)",
            "Screenshot (492)",
            "Screenshot (414)",
            "Screenshot (409)",
            "Screenshot (470)",
            "Screenshot (433)",
            "Screenshot (412)",
            "Screenshot (419)",
            "Screenshot (453)",
            "Screenshot (418)",
            "Screenshot (415)",
            "Screenshot (421)",
            "Screenshot (413)",
            "Screenshot (455)",
            "Screenshot (438)",
            "Screenshot (442)",
            "DataSetVari 19",
            "Screenshot (444)",
            "index106_frame_002",
            "index106_frame_014",
            "Screenshot (463)",
            "index106_frame_004",
            "Screenshot (482)",
            "DataSetVari 16"
        ],
        [
            "Screenshot (161)",
            "Screenshot (154)",
            "Screenshot (158)",
            "index70_frame_001",
            "index70_frame_004",
