{
    "k": 30,
    "inertia_score": -93011.0234375,
    "silhouette_score": 0.19517575204372406,
    "cluster_counts": [
        20,
        21,
        21,
        26,
        18,
        17,
        39,
        43,
        26,
        10,
        15,
        31,
        39,
        12,
        8,
        23,
        15,
        28,
        60,
        32,
        25,
        26,
        11,
        16,
        15,
        47,
        15,
        36,
        25,
        18
    ],
    "centroids": [
        "index70_frame_008",
        "index72_frame_013",
        "index80_frame_013",
        "index88_frame_020",
        "index18_frame_010",
        "index113_frame_001",
        "index57_frame_013",
        "index62_frame_001",
        "index100_frame_004",
        "Alto 52",
        "index106_frame_005",
        "index102_frame_017",
        "index2_frame_015",
        "index20_frame_022",
        "index81_frame_008",
        "Screenshot (369)",
        "index107_frame_016",
        "index71_frame_009",
        "index65_frame_006",
        "Screenshot (422)",
        "index95_frame_020",
        "Screenshot (2)",
        "index6_frame_006",
        "index32_frame_018",
        "index20_frame_014",
        "Foto 77",
        "Alto 34",
        "index104_frame_011",
        "Alto 11",
        "index86_frame_043"
    ],
    "samples": [
        [
            "index70_frame_016",
            "index70_frame_010",
            "index70_frame_003",
            "index70_frame_015",
            "index70_frame_021",
            "index70_frame_001",
            "index70_frame_030",
            "index70_frame_022",
            "index70_frame_006",
            "index70_frame_009",
            "index70_frame_019",
            "index70_frame_018",
            "index70_frame_011",
            "index70_frame_024",
            "index70_frame_027"
        ],
        [
            "index72_frame_008",
            "index72_frame_001",
            "index72_frame_029",
            "index72_frame_030",
            "index72_frame_016",
            "index72_frame_020",
            "index72_frame_022",
            "index72_frame_025",
            "index72_frame_019",
            "index72_frame_007",
            "index72_frame_017",
            "index72_frame_005",
            "index72_frame_012",
            "index72_frame_006",
            "index72_frame_015"
        ],
        [
            "index80_frame_009",
            "index80_frame_004",
            "index80_frame_015",
            "index80_frame_017",
            "index80_frame_012",
            "index80_frame_014",
            "index80_frame_006",
            "index80_frame_007",
            "index80_frame_011",
            "index80_frame_008",
            "index80_frame_016",
            "index80_frame_018",
            "index2_frame_006",
            "index80_frame_005",
            "index2_frame_004"
        ],
        [
            "index88_frame_003",
            "index88_frame_006",
            "index88_frame_014",
            "index88_frame_002",
            "index88_frame_028",
            "index88_frame_029",
            "index88_frame_012",
            "index88_frame_011",
            "index88_frame_007",
            "index88_frame_023",
            "index88_frame_008",
            "index88_frame_001",
            "index88_frame_013",
            "DataSetVari 27",
            "DataSetVari 56"
        ],
        [
            "index18_frame_015",
            "index18_frame_013",
            "index18_frame_006",
            "index18_frame_002",
            "index18_frame_014",
            "index18_frame_012",
            "index18_frame_008",
            "index18_frame_004",
            "index16_frame_016",
            "index18_frame_018",
            "index16_frame_011",
            "index16_frame_004",
            "index16_frame_003",
            "index16_frame_010",
            "index16_frame_013"
        ],
        [
            "index113_frame_003",
            "index113_frame_012",
            "index113_frame_007",
            "index113_frame_005",
            "index113_frame_013",
            "index113_frame_008",
            "index113_frame_011",
            "index113_frame_004",
            "index113_frame_017",
            "index113_frame_018",
            "index113_frame_009",
            "index113_frame_015",
            "index113_frame_019",
            "index113_frame_020",
            "index113_frame_002"
        ],
        [
            "index57_frame_009",
            "index57_frame_015",
            "index57_frame_020",
            "index74_frame_004",
            "index74_frame_011",
            "index57_frame_012",
            "index74_frame_010",
            "index74_frame_006",
            "index57_frame_017",
            "index57_frame_010",
            "index74_frame_012",
            "index74_frame_019",
            "index74_frame_014",
            "index57_frame_005",
            "index74_frame_008"
        ],
        [
            "index62_frame_018",
            "index62_frame_006",
            "index62_frame_027",
            "index62_frame_021",
            "index62_frame_017",
            "index62_frame_014",
            "index62_frame_016",
            "index62_frame_028",
            "index62_frame_011",
            "index62_frame_030",
            "index9_frame_011",
            "index23_frame_002",
            "index9_frame_004",
            "index9_frame_012",
            "index9_frame_009"
        ],
        [
            "index100_frame_002",
            "index100_frame_009",
            "index100_frame_019",
            "index100_frame_015",
            "index100_frame_013",
            "index100_frame_010",
            "index100_frame_006",
            "index41_frame_017",
            "index41_frame_018",
            "index41_frame_019",
            "index100_frame_005",
            "index100_frame_017",
            "index100_frame_003",
            "index41_frame_002",
            "index41_frame_013"
        ],
        [
            "Alto 53",
            "Alto 47",
            "Alto 48",
            "Alto 51",
            "Alto 50",
            "Alto 46",
            "Alto 45",
            "Alto 49",
            "DataSetVari 24"
        ],
        [
            "index106_frame_004",
            "index106_frame_002",
            "index106_frame_001",
            "index106_frame_014",
            "index106_frame_011",
            "index106_frame_018",
            "index106_frame_007",
            "Screenshot (533)",
            "Screenshot (522)",
            "Screenshot (517)",
            "Screenshot (534)",
            "Screenshot (518)",
            "index106_frame_003",
            "Screenshot (572)"
        ],
        [
            "index102_frame_002",
            "index102_frame_016",
            "index102_frame_005",
            "index102_frame_007",
            "index102_frame_020",
            "index108_frame_004",
            "index102_frame_001",
            "index108_frame_009",
            "index108_frame_016",
            "DataSetVari 46",
            "index108_frame_018",
            "index102_frame_013",
            "index108_frame_011",
            "index108_frame_007",
            "index108_frame_001"
        ],
        [
            "index83_frame_015",
            "index83_frame_003",
            "index83_frame_012",
            "index66_frame_007",
            "index66_frame_008",
            "index2_frame_010",
            "index66_frame_013",
            "index83_frame_014",
            "index83_frame_009",
            "index66_frame_014",
            "index66_frame_016",
            "index2_frame_009",
            "index66_frame_004",
            "index2_frame_013",
            "index2_frame_018"
        ],
        [
            "index20_frame_019",
            "index20_frame_016",
            "index20_frame_008",
            "index20_frame_002",
            "index20_frame_007",
            "index20_frame_028",
