{
    "k": 14,
    "inertia_score": -122652.2578125,
    "silhouette_score": 0.13222157955169678,
    "cluster_counts": [
        93,
        83,
        63,
        44,
        89,
        49,
        107,
        39,
        34,
        16,
        58,
        26,
        20,
        17
    ],
    "centroids": [
        "index2_frame_016",
        "index104_frame_015",
        "index100_frame_009",
        "Screenshot (422)",
        "index28_frame_001",
        "Foto 77",
        "index72_frame_013",
        "index57_frame_013",
        "index20_frame_014",
        "index32_frame_018",
        "Alto 9",
        "Screenshot (2)",
        "index70_frame_008",
        "index113_frame_001"
    ],
    "samples": [
        [
            "index2_frame_006",
            "index2_frame_015",
            "index80_frame_017",
            "index80_frame_001",
            "index2_frame_013",
            "index69_frame_009",
            "index80_frame_015",
            "index80_frame_014",
            "index80_frame_003",
            "index2_frame_009",
            "index69_frame_007",
            "index80_frame_016",
            "Screenshot (355)",
            "index2_frame_011",
            "Screenshot (374)",
            "Screenshot (371)",
            "index69_frame_002",
            "Screenshot (357)",
            "index83_frame_009",
            "index71_frame_014",
            "index71_frame_011",
            "index86_frame_024",
            "index71_frame_012",
            "index71_frame_010"
        ],
        [
            "index102_frame_003",
            "index102_frame_004",
            "index102_frame_017",
            "index102_frame_016",
            "index102_frame_010",
            "index102_frame_011",
            "index102_frame_002",
            "index102_frame_005",
            "index102_frame_012",
            "index104_frame_016",
            "index6_frame_005",
            "index104_frame_018",
            "index108_frame_004",
            "Screenshot (640)",
            "Screenshot (637)",
            "Screenshot (665)",
            "index6_frame_013",
            "Screenshot (621)",
            "Screenshot (641)",
            "Screenshot (518)",
            "index102_frame_009",
            "Screenshot (517)",
            "index108_frame_019",
            "index108_frame_007"
        ],
        [
            "index65_frame_007",
            "index100_frame_013",
            "index65_frame_016",
            "index65_frame_006",
            "index100_frame_004",
            "index100_frame_010",
            "index41_frame_019",
            "index65_frame_026",
            "index41_frame_002",
            "index65_frame_019",
            "index100_frame_005",
            "index41_frame_016",
            "index65_frame_002",
            "index65_frame_004",
            "index65_frame_014",
            "index100_frame_001",
            "index41_frame_013",
            "index100_frame_020",
            "index41_frame_020",
            "index41_frame_001",
            "index25_frame_004",
            "index25_frame_005",
            "index65_frame_022",
            "index65_frame_021"
        ],
        [
            "Screenshot (428)",
            "Screenshot (492)",
            "Screenshot (409)",
            "Screenshot (476)",
            "Screenshot (480)",
            "Screenshot (414)",
            "Screenshot (419)",
            "Screenshot (433)",
            "DataSetVari 21",
            "Screenshot (453)",
            "Screenshot (469)",
            "Screenshot (466)",
            "Screenshot (408)",
            "Screenshot (420)",
            "Screenshot (417)",
            "Screenshot (439)",
            "Screenshot (447)",
            "Screenshot (410)",
            "Screenshot (461)",
            "Screenshot (413)",
            "Screenshot (455)",
            "Screenshot (438)",
            "Screenshot (442)",
            "Screenshot (440)"
        ],
        [
            "index28_frame_004",
            "index28_frame_003",
            "index66_frame_007",
            "index28_frame_006",
            "index28_frame_010",
            "index66_frame_004",
            "index83_frame_015",
            "index66_frame_008",
            "index83_frame_012",
            "index83_frame_013",
            "index26_frame_018",
            "DataSetVari 56",
            "index59_frame_009",
            "index59_frame_001",
            "index83_frame_006",
            "index28_frame_012",
            "index83_frame_011",
            "index59_frame_012",
            "index59_frame_005",
            "DataSetVari 48",
            "index108_frame_002",
            "index59_frame_010",
            "index33_frame_001",
            "index59_frame_014"
        ],
        [
            "Foto 84",
            "Foto 141",
            "Foto 92",
            "Foto 165",
            "Foto 100",
            "Foto 122",
            "Foto 20",
            "Foto 113",
            "Foto 66",
            "Foto 126",
            "Foto 34",
            "Foto 79",
            "Foto 204",
            "Foto 196",
            "Foto 38",
            "Foto 89",
            "Foto 56",
            "Foto 75",
            "Foto 200",
            "Foto 207",
            "Foto 9",
            "Foto 166",
            "index23_frame_013",
            "index23_frame_017"
        ],
        [
            "index72_frame_025",
            "index72_frame_008",
            "index72_frame_022",
            "index88_frame_029",
            "index88_frame_012",
            "index72_frame_019",
            "index62_frame_003",
            "index72_frame_028",
            "index62_frame_024",
            "index88_frame_028",
            "index107_frame_011",
            "index88_frame_008",
            "index107_frame_002",
            "index95_frame_002",
            "index62_frame_012",
            "index9_frame_011",
            "index88_frame_011",
            "index88_frame_003",
            "index95_frame_003",
            "index95_frame_017",
            "index107_frame_016",
            "index95_frame_012",
            "index23_frame_015",
            "index108_frame_014"
        ],
        [
            "index57_frame_009",
            "index57_frame_007",
            "index57_frame_015",
            "index57_frame_006",
            "index57_frame_020",
            "index57_frame_018",
            "index74_frame_004",
            "index57_frame_004",
            "index74_frame_011",
            "index57_frame_016",
            "index57_frame_012",
            "index74_frame_007",
            "index74_frame_010",
            "index74_frame_018",
            "index74_frame_006",
            "index74_frame_016",
            "index57_frame_017",
            "index57_frame_011",
            "index57_frame_010",
            "index57_frame_003",
            "index74_frame_012",
            "index74_frame_003",
            "index74_frame_019",
            "index74_frame_013"
        ],
        [
            "index20_frame_005",
            "index20_frame_026",
            "index20_frame_009",
            "index20_frame_006",
            "index20_frame_013",
            "index20_frame_021",
            "index20_frame_004",
            "index20_frame_024",
            "index20_frame_022",
            "index20_frame_012",
            "index20_frame_025",
            "index20_frame_017",
            "index20_frame_011",
            "index20_frame_019",
            "index20_frame_008",
            "index20_frame_018",
            "index20_frame_016",
            "index20_frame_001",
            "index14_frame_007",
            "index20_frame_002",
            "index20_frame_007",
            "index20_frame_028",
            "index14_frame_006",
            "index9_frame_019"
        ],
        [
            "index32_frame_017",
            "index32_frame_008",
            "index32_frame_010",
            "index32_frame_007",
            "index32_frame_009",
