{
    "k": 12,
    "inertia_score": -293127.65625,
    "silhouette_score": 0.08395843952894211,
    "cluster_counts": [
        45,
        121,
        193,
        130,
        260,
        107,
        177,
        88,
        128,
        68,
        68,
        113
    ],
    "centroids": [
        "index41_frame_005",
        "Foto 202",
        "Alto 9",
        "index2_frame_006",
        "index2_frame_015",
        "index67_frame_009",
        "Screenshot (136)",
        "index74_frame_018",
        "Screenshot (546)",
        "Foto 223",
        "Screenshot (422)",
        "index102_frame_006"
    ],
    "samples": [
        [
            "index41_frame_001",
            "index41_frame_002",
            "index100_frame_002",
            "index100_frame_006",
            "index100_frame_017",
            "index100_frame_005",
            "index41_frame_008",
            "index100_frame_019",
            "index100_frame_004",
            "index100_frame_009",
            "index100_frame_015",
            "index100_frame_003",
            "index100_frame_010",
            "index100_frame_013",
            "index41_frame_013",
            "index41_frame_016",
            "index41_frame_019",
            "index41_frame_017",
            "index41_frame_018",
            "index100_frame_001",
            "index28_frame_009",
            "index100_frame_020",
            "index28_frame_004",
            "index28_frame_008",
            "index28_frame_006"
        ],
        [
            "Foto 198",
            "Foto 100",
            "Foto 27",
            "index94_frame_004",
            "Foto 11",
            "Foto 3",
            "Foto 105",
            "Foto 108",
            "Foto 165",
            "Foto 109",
            "index94_frame_001",
            "Foto 68",
            "Foto 37",
            "Foto 148",
            "Foto 153",
            "Foto 13",
            "Foto 81",
            "Foto 70",
            "Foto 99",
            "Foto 82",
            "Foto 54",
            "Foto 63",
            "Foto 48",
            "Screenshot (679)",
            "Foto 9"
        ],
        [
            "Alto 11",
            "Alto 35",
            "Alto 37",
            "Alto 38",
            "index23_frame_002",
            "Alto 43",
            "Alto 85",
            "Alto 52",
            "index23_frame_001",
            "Alto 16",
            "Alto 76",
            "Screenshot (11)",
            "Screenshot (20)",
            "Alto 12",
            "Screenshot (16)",
            "Screenshot (2)",
            "Screenshot (22)",
            "index81_frame_009",
            "DataSetVari 76",
            "index81_frame_013",
            "Screenshot (7)",
            "Alto 19",
            "Alto 20",
            "DataSetVari 77",
            "DataSetVari 75"
        ],
        [
            "index80_frame_004",
            "Screenshot (197)",
            "Screenshot (185)",
            "Screenshot (189)",
            "Screenshot (168)",
            "Screenshot (176)",
            "Screenshot (188)",
            "index2_frame_004",
            "Screenshot (200)",
            "Screenshot (169)",
            "index80_frame_003",
            "index80_frame_019",
            "Screenshot (371)",
            "index88_frame_012",
            "index70_frame_016",
            "index80_frame_011",
            "index70_frame_008",
            "index2_frame_020",
            "index80_frame_010",
            "index92_frame_008",
            "index69_frame_002",
            "index69_frame_010",
            "index92_frame_016",
            "index70_frame_005",
            "index88_frame_019"
        ],
        [
            "index2_frame_016",
            "index2_frame_014",
            "Screenshot (309)",
            "Screenshot (312)",
            "index83_frame_007",
            "index66_frame_009",
            "index2_frame_013",
            "index66_frame_001",
            "Screenshot (327)",
            "Screenshot (165)",
            "Screenshot (202)",
            "index71_frame_001",
            "Screenshot (150)",
            "index2_frame_012",
            "index71_frame_015",
            "index38_frame_003",
            "Screenshot (502)",
            "index59_frame_007",
            "Screenshot (233)",
            "Screenshot (81)",
            "Screenshot (511)",
            "index30_frame_019",
            "Screenshot (506)",
            "Screenshot (102)",
            "Foto 42"
        ],
        [
            "index67_frame_010",
            "index3_frame_001",
            "index82_frame_003",
            "index67_frame_012",
            "index3_frame_018",
            "index3_frame_012",
            "index82_frame_012",
            "index79_frame_006",
            "index79_frame_009",
            "index85_frame_001",
            "index79_frame_001",
            "index85_frame_002",
            "index86_frame_001",
            "index79_frame_007",
            "index79_frame_002",
            "index86_frame_017",
            "index90_frame_026",
            "index65_frame_011",
            "index85_frame_012",
            "index65_frame_007",
            "index46_frame_010",
            "index65_frame_015",
            "index46_frame_011",
            "index86_frame_005",
            "index65_frame_001"
        ],
        [
            "index20_frame_017",
            "Screenshot (151)",
            "index62_frame_008",
            "Screenshot (64)",
            "index33_frame_006",
            "Screenshot (53)",
            "index62_frame_020",
            "index20_frame_005",
            "Screenshot (141)",
            "index9_frame_019",
            "index33_frame_012",
            "index107_frame_006",
            "index54_frame_009",
            "index5_frame_001",
            "index62_frame_016",
            "index54_frame_019",
            "index107_frame_018",
            "index19_frame_011",
            "index5_frame_005",
            "Screenshot (66)",
            "Foto 26",
            "index54_frame_003",
            "DataSetVari 51",
            "index19_frame_012",
            "index14_frame_006"
        ],
        [
            "index57_frame_013",
            "index57_frame_006",
            "Screenshot (275)",
            "Screenshot (264)",
            "index57_frame_003",
            "index74_frame_005",
            "Screenshot (276)",
            "Screenshot (258)",
            "index74_frame_014",
            "index74_frame_010",
            "Screenshot (270)",
            "index74_frame_007",
            "index57_frame_014",
            "index74_frame_011",
            "index74_frame_006",
            "Screenshot (259)",
            "index57_frame_020",
            "index57_frame_005",
            "index74_frame_020",
            "index109_frame_007",
            "index109_frame_003",
            "index109_frame_016",
            "index109_frame_012",
            "index109_frame_004",
            "DataSetVari 20"
        ],
        [
            "Screenshot (567)",
            "Screenshot (582)",
            "Foto 188",
            "Screenshot (548)",
            "index18_frame_015",
            "DataSetVari 9",
            "index72_frame_001",
            "index9_frame_015",
            "index25_frame_005",
            "Foto 185",
            "Screenshot (549)",
            "Screenshot (569)",
            "index72_frame_013",
            "index4_frame_001",
            "index18_frame_008",
            "Screenshot (104)",
            "index72_frame_015",
            "index72_frame_004",
            "index16_frame_013",
            "index26_frame_010",
            "index26_frame_018",
            "Foto 38",
            "Screenshot (68)",
            "index54_frame_020",
            "Alto 1"
        ],
        [
            "Foto 129",
            "Foto 118",
            "Foto 127",
            "Foto 128",
            "Foto 224",
            "Foto 117",
            "Foto 122",
            "Foto 131",
