{
    "k": 8,
    "inertia_score": -313312.03125,
    "silhouette_score": 0.06803234666585922,
    "cluster_counts": [
        192,
        202,
        233,
        199,
        170,
        153,
        239,
        110
    ],
    "centroids": [
        "Foto 87",
        "index104_frame_015",
        "index2_frame_015",
        "index18_frame_012",
        "Alto 9",
        "Screenshot (426)",
        "Screenshot (255)",
        "index67_frame_009"
    ],
    "samples": [
        [
            "Foto 149",
            "Foto 84",
            "Foto 52",
            "Foto 216",
            "Foto 141",
            "Foto 197",
            "Foto 165",
            "Foto 159",
            "Foto 21",
            "Foto 123",
            "Foto 225",
            "Foto 66",
            "Foto 72",
            "Foto 108",
            "Foto 109",
            "Foto 40",
            "Foto 96",
            "Foto 148",
            "Foto 54",
            "Foto 113",
            "Foto 55",
            "Foto 126",
            "Foto 30",
            "index94_frame_001",
            "Screenshot (330)",
            "Foto 63",
            "Foto 210",
            "Foto 146",
            "Foto 22",
            "Foto 102",
            "Screenshot (337)",
            "Foto 136",
            "Foto 29",
            "Foto 23",
            "Foto 82",
            "Screenshot (685)",
            "Foto 75",
            "Foto 137",
            "Foto 95",
            "Screenshot (684)",
            "Foto 70",
            "Foto 133",
            "Foto 208",
            "Foto 6",
            "Foto 45",
            "Foto 14"
        ],
        [
            "index104_frame_011",
            "index104_frame_020",
            "index100_frame_005",
            "index104_frame_003",
            "index6_frame_003",
            "index100_frame_002",
            "index102_frame_014",
            "index108_frame_016",
            "index41_frame_013",
            "index102_frame_002",
            "DataSetVari 46",
            "index41_frame_008",
            "Screenshot (637)",
            "index100_frame_003",
            "Screenshot (517)",
            "index104_frame_006",
            "DataSetVari 55",
            "index41_frame_017",
            "Screenshot (636)",
            "index32_frame_017",
            "index108_frame_009",
            "Screenshot (439)",
            "index32_frame_003",
            "index108_frame_006",
            "Screenshot (631)",
            "index6_frame_010",
            "Screenshot (21)",
            "index32_frame_018",
            "Screenshot (10)",
            "Screenshot (9)",
            "Screenshot (520)",
            "Screenshot (572)",
            "Screenshot (20)",
            "index108_frame_012",
            "Screenshot (646)",
            "Screenshot (17)",
            "Screenshot (18)",
            "Screenshot (674)",
            "index32_frame_013",
            "index102_frame_009",
            "Alto 24",
            "index28_frame_004",
            "index106_frame_018",
            "Alto 27",
            "index28_frame_005",
            "index104_frame_007"
        ],
        [
            "index2_frame_016",
            "Screenshot (284)",
            "Screenshot (302)",
            "index2_frame_014",
            "index66_frame_016",
            "Screenshot (301)",
            "index83_frame_008",
            "index83_frame_007",
            "index38_frame_006",
            "index59_frame_002",
            "index90_frame_005",
            "index90_frame_016",
            "index66_frame_005",
            "index83_frame_010",
            "Screenshot (36)",
            "index66_frame_004",
            "Screenshot (234)",
            "Screenshot (35)",
            "index90_frame_009",
            "Screenshot (232)",
            "Screenshot (214)",
            "index66_frame_002",
            "index90_frame_002",
            "Screenshot (231)",
            "index69_frame_011",
            "index90_frame_013",
            "index38_frame_002",
            "index71_frame_015",
            "index59_frame_012",
            "index59_frame_006",
            "index38_frame_008",
            "Screenshot (512)",
            "index38_frame_017",
            "Screenshot (528)",
            "Screenshot (221)",
            "Screenshot (532)",
            "DataSetVari 62",
            "Screenshot (505)",
            "DataSetVari 66",
            "index113_frame_004",
            "index113_frame_001",
            "Foto 32",
            "index59_frame_014",
            "Screenshot (163)",
            "Foto 39",
            "Screenshot (32)"
        ],
        [
            "Screenshot (546)",
            "Screenshot (57)",
            "Screenshot (541)",
            "index30_frame_006",
            "Screenshot (89)",
            "Foto 188",
            "index9_frame_016",
            "Screenshot (547)",
            "Screenshot (545)",
            "Screenshot (95)",
            "Screenshot (548)",
            "index18_frame_008",
            "index5_frame_011",
            "index72_frame_011",
            "index26_frame_003",
            "Screenshot (581)",
            "index26_frame_015",
            "index25_frame_006",
            "index72_frame_018",
            "index16_frame_016",
            "Screenshot (64)",
            "Screenshot (584)",
            "Screenshot (65)",
            "index72_frame_016",
            "index107_frame_020",
            "Screenshot (569)",
            "Foto 180",
            "Screenshot (50)",
            "index4_frame_009",
            "Screenshot (590)",
            "index72_frame_004",
            "index72_frame_019",
            "index72_frame_010",
            "Screenshot (59)",
            "index33_frame_003",
            "index54_frame_019",
            "index16_frame_011",
            "index107_frame_009",
            "index107_frame_018",
            "index16_frame_013",
            "index4_frame_005",
            "DataSetVari 11",
            "index107_frame_003",
            "Foto 176",
            "Screenshot (66)",
            "Foto 49"
        ],
        [
            "Alto 8",
            "DataSetVari 34",
            "Alto 87",
            "DataSetVari 33",
            "DataSetVari 43",
            "Alto 34",
            "Alto 84",
            "Alto 40",
            "index23_frame_006",
            "index23_frame_005",
            "index23_frame_003",
            "Alto 4",
            "Alto 38",
            "index23_frame_013",
            "Alto 85",
            "Alto 72",
            "index23_frame_017",
            "Alto 16",
            "Alto 52",
            "Alto 46",
            "Alto 76",
            "Alto 42",
            "Alto 74",
            "DataSetVari 95",
            "DataSetVari 37",
            "Alto 2",
            "DataSetVari 91",
            "Alto 64",
            "Alto 70",
            "Alto 65",
            "Alto 66",
            "DataSetVari 76",
            "Alto 31",
            "Alto 48",
            "Alto 30",
            "Alto 18",
            "index81_frame_019",
            "index81_frame_018",
            "DataSetVari 32",
            "Alto 59",
            "index81_frame_008",
            "DataSetVari 80",
            "Alto 20",
            "DataSetVari 73",
            "DataSetVari 82",
            "DataSetVari 79"
        ],
        [
            "Screenshot (476)",
            "Screenshot (423)",
            "Screenshot (412)",
            "Screenshot (480)",
            "index57_frame_007",
            "Screenshot (428)",
            "Screenshot (425)",
            "index20_frame_005",
            "index74_frame_001",
            "index74_frame_011",
            "index74_frame_013",
            "index57_frame_008",
            "Screenshot (413)",
            "Screenshot (417)",
            "index57_frame_016",
            "DataSetVari 21",
            "index57_frame_003",
            "Screenshot (466)",
            "index74_frame_016",
            "index20_frame_010",
