{
    "k": 23,
    "inertia_score": -257645.546875,
    "silhouette_score": 0.10991524904966354,
    "cluster_counts": [
        9,
        53,
        45,
        148,
        71,
        102,
        77,
        113,
        34,
        63,
        66,
        20,
        40,
        51,
        136,
        30,
        31,
        92,
        101,
        31,
        63,
        67,
        55
    ],
    "centroids": [
        "Screenshot (679)",
        "index72_frame_006",
        "index41_frame_005",
        "Screenshot (255)",
        "Screenshot (89)",
        "index66_frame_007",
        "index23_frame_009",
        "index102_frame_006",
        "Screenshot (24)",
        "index20_frame_014",
        "Screenshot (193)",
        "index107_frame_018",
        "index57_frame_009",
        "Alto 69",
        "Screenshot (303)",
        "index62_frame_020",
        "Foto 118",
        "index67_frame_009",
        "Foto 202",
        "Alto 57",
        "Screenshot (582)",
        "Screenshot (422)",
        "Foto 220"
    ],
    "samples": [
        [
            "Screenshot (684)",
            "Screenshot (683)",
            "Screenshot (680)",
            "Screenshot (685)",
            "Screenshot (682)",
            "Foto 13",
            "Foto 63",
            "Foto 51"
        ],
        [
            "index72_frame_017",
            "index72_frame_008",
            "index72_frame_018",
            "index72_frame_016",
            "index72_frame_015",
            "index72_frame_003",
            "index72_frame_019",
            "index72_frame_002",
            "index9_frame_015",
            "index9_frame_016",
            "index72_frame_004",
            "index7_frame_016",
            "index72_frame_020",
            "index33_frame_010",
            "index33_frame_012",
            "index33_frame_009",
            "index7_frame_015",
            "index7_frame_012",
            "index33_frame_011"
        ],
        [
            "index41_frame_001",
            "index100_frame_002",
            "index100_frame_017",
            "index41_frame_008",
            "index100_frame_004",
            "index100_frame_015",
            "index100_frame_010",
            "index41_frame_013",
            "index41_frame_019",
            "index41_frame_018",
            "index28_frame_009",
            "index28_frame_004",
            "index28_frame_006",
            "index28_frame_010",
            "index28_frame_011",
            "index28_frame_003",
            "DataSetVari 64",
            "DataSetVari 55",
            "DataSetVari 5"
        ],
        [
            "Screenshot (266)",
            "Screenshot (267)",
            "Screenshot (136)",
            "Screenshot (160)",
            "Screenshot (277)",
            "Screenshot (374)",
            "index92_frame_001",
            "Screenshot (407)",
            "index90_frame_022",
            "index88_frame_012",
            "index70_frame_017",
            "Screenshot (365)",
            "Screenshot (131)",
            "index70_frame_018",
            "Screenshot (121)",
            "index109_frame_012",
            "Screenshot (115)",
            "index70_frame_006",
            "DataSetVari 20"
        ],
        [
            "Screenshot (94)",
            "Screenshot (57)",
            "Screenshot (83)",
            "index18_frame_012",
            "Screenshot (58)",
            "index26_frame_018",
            "Screenshot (63)",
            "index18_frame_004",
            "index26_frame_003",
            "index26_frame_015",
            "index25_frame_005",
            "Screenshot (100)",
            "Screenshot (50)",
            "index5_frame_006",
            "Screenshot (67)",
            "Screenshot (53)",
            "index5_frame_011",
            "index18_frame_006",
            "DataSetVari 54"
        ],
        [
            "index66_frame_016",
            "Screenshot (206)",
            "index66_frame_011",
            "index38_frame_005",
            "index66_frame_001",
            "index66_frame_004",
            "index66_frame_002",
            "Screenshot (236)",
            "index71_frame_001",
            "index38_frame_002",
            "index59_frame_009",
            "index2_frame_009",
            "index38_frame_008",
            "index38_frame_001",
            "Screenshot (162)",
            "index38_frame_013",
            "index71_frame_013",
            "index25_frame_002",
            "index71_frame_006"
        ],
        [
            "index23_frame_002",
            "index23_frame_015",
            "Alto 80",
            "index23_frame_011",
            "index23_frame_004",
            "Alto 87",
            "DataSetVari 36",
            "DataSetVari 28",
            "index23_frame_016",
            "Alto 83",
            "index23_frame_018",
            "Alto 86",
            "DataSetVari 37",
            "Alto 52",
            "DataSetVari 74",
            "DataSetVari 82",
            "DataSetVari 79",
            "Alto 17",
            "Foto 227"
        ],
        [
            "index102_frame_003",
            "index102_frame_010",
            "index102_frame_013",
            "index104_frame_019",
            "index102_frame_007",
            "index6_frame_003",
            "index104_frame_006",
            "index6_frame_012",
            "index6_frame_002",
            "index108_frame_018",
            "index32_frame_003",
            "index108_frame_008",
            "index32_frame_001",
            "index108_frame_007",
            "Screenshot (534)",
            "index32_frame_018",
            "Screenshot (572)",
            "index32_frame_015",
            "index32_frame_019"
        ],
        [
            "Screenshot (23)",
            "Screenshot (10)",
            "Screenshot (15)",
            "Screenshot (14)",
            "Screenshot (2)",
            "Screenshot (16)",
            "Screenshot (22)",
            "Screenshot (20)",
            "Screenshot (25)",
            "Screenshot (8)",
            "Screenshot (6)",
            "Screenshot (11)",
            "Screenshot (9)",
            "Screenshot (17)",
            "Screenshot (7)",
            "Screenshot (21)",
            "Screenshot (18)",
            "Screenshot (13)",
            "Screenshot (12)"
        ],
        [
            "index20_frame_005",
            "index20_frame_010",
            "index20_frame_013",
            "index20_frame_024",
            "index95_frame_008",
            "index95_frame_014",
            "index95_frame_012",
            "index95_frame_011",
            "Foto 169",
            "index20_frame_019",
            "index20_frame_001",
            "index20_frame_011",
            "index95_frame_018",
            "Foto 167",
            "Foto 172",
            "index14_frame_001",
            "Foto 174",
            "Screenshot (78)",
            "index20_frame_028"
        ],
        [
            "Screenshot (190)",
            "Screenshot (192)",
            "Screenshot (185)",
            "Screenshot (189)",
            "Screenshot (199)",
            "Screenshot (170)",
            "index80_frame_004",
            "Screenshot (176)",
            "Screenshot (169)",
            "index80_frame_017",
            "Screenshot (195)",
            "index80_frame_006",
            "index80_frame_011",
            "index80_frame_016",
            "index2_frame_001",
            "index88_frame_004",
            "index80_frame_008",
            "index80_frame_010",
            "index92_frame_018"
        ],
        [
            "index107_frame_002",
            "index107_frame_006",
            "index107_frame_016",
            "index107_frame_004",
            "index107_frame_017",
            "index107_frame_020",
            "index107_frame_011",
            "index107_frame_013",
            "index107_frame_007",
            "index107_frame_009",
            "index107_frame_003",
            "index107_frame_014",
