{
    "k": 26,
    "inertia_score": -99686.578125,
    "silhouette_score": 0.18394923210144043,
    "cluster_counts": [
        22,
        35,
        51,
        39,
        36,
        54,
        13,
        25,
        34,
        42,
        26,
        26,
        16,
        26,
        48,
        20,
        15,
        18,
        10,
        44,
        27,
        35,
        22,
        19,
        19,
        16
    ],
    "centroids": [
        "Alto 53",
        "index72_frame_008",
        "index2_frame_015",
        "index57_frame_013",
        "Alto 35",
        "index102_frame_004",
        "Screenshot (407)",
        "index33_frame_010",
        "Screenshot (422)",
        "index62_frame_018",
        "Screenshot (2)",
        "index100_frame_004",
        "index113_frame_001",
        "index88_frame_020",
        "index65_frame_015",
        "index70_frame_008",
        "index107_frame_016",
        "index86_frame_043",
        "index69_frame_009",
        "Foto 77",
        "index20_frame_026",
        "index28_frame_004",
        "index80_frame_013",
        "Screenshot (625)",
        "index106_frame_004",
        "index32_frame_018"
    ],
    "samples": [
        [
            "Alto 52",
            "Alto 48",
            "DataSetVari 1",
            "DataSetVari 12",
            "Alto 47",
            "Alto 51",
            "Alto 45",
            "Alto 50",
            "Alto 12",
            "Alto 4",
            "Alto 10",
            "Alto 7",
            "Alto 6",
            "Alto 5",
            "Alto 46",
            "Alto 49",
            "DataSetVari 73"
        ],
        [
            "index72_frame_017",
            "index72_frame_013",
            "index72_frame_030",
            "index72_frame_020",
            "index72_frame_025",
            "index72_frame_029",
            "index72_frame_022",
            "index72_frame_006",
            "index72_frame_023",
            "index95_frame_018",
            "index95_frame_014",
            "index72_frame_027",
            "index72_frame_009",
            "index95_frame_002",
            "index95_frame_003",
            "index95_frame_017",
            "index95_frame_012"
        ],
        [
            "index2_frame_014",
            "index2_frame_016",
            "index83_frame_012",
            "index66_frame_016",
            "index83_frame_013",
            "index83_frame_014",
            "index83_frame_006",
            "index66_frame_014",
            "index83_frame_010",
            "index83_frame_008",
            "index59_frame_009",
            "index2_frame_018",
            "index59_frame_006",
            "index59_frame_001",
            "index59_frame_008",
            "Foto 20",
            "Foto 26"
        ],
        [
            "index57_frame_009",
            "index57_frame_015",
            "index57_frame_020",
            "index74_frame_004",
            "index74_frame_011",
            "index57_frame_012",
            "index74_frame_010",
            "index74_frame_006",
            "index57_frame_017",
            "index57_frame_010",
            "index74_frame_012",
            "index74_frame_019",
            "index74_frame_014",
            "index57_frame_005",
            "index74_frame_008",
            "index57_frame_002",
            "index57_frame_014"
        ],
        [
            "Alto 34",
            "Alto 44",
            "Alto 39",
            "Alto 36",
            "Alto 9",
            "Alto 37",
            "DataSetVari 34",
            "DataSetVari 28",
            "Alto 8",
            "Alto 11",
            "index81_frame_017",
            "index81_frame_008",
            "index81_frame_013",
            "index81_frame_002",
            "index81_frame_003",
            "DataSetVari 29",
            "DataSetVari 82"
        ],
        [
            "index102_frame_017",
            "index102_frame_003",
            "index102_frame_007",
            "index102_frame_010",
            "index102_frame_011",
            "index102_frame_020",
            "index104_frame_011",
            "index104_frame_020",
            "index108_frame_004",
            "index108_frame_009",
            "index6_frame_005",
            "index108_frame_006",
            "index6_frame_004",
            "index104_frame_004",
            "index6_frame_013",
            "index6_frame_009",
            "index108_frame_011"
        ],
        [
            "Screenshot (367)",
            "Screenshot (355)",
            "Screenshot (369)",
            "Screenshot (349)",
            "Screenshot (353)",
            "Screenshot (374)",
            "Screenshot (361)",
            "Screenshot (371)",
            "Screenshot (347)",
            "Screenshot (365)",
            "Screenshot (357)",
            "Screenshot (388)"
        ],
        [
            "index33_frame_006",
            "index33_frame_003",
            "index33_frame_004",
            "index33_frame_009",
            "index33_frame_011",
            "index33_frame_001",
            "index33_frame_016",
            "index33_frame_002",
            "index33_frame_008",
            "index20_frame_018",
            "index9_frame_012",
            "index23_frame_001",
            "index23_frame_022",
            "index9_frame_019",
            "index23_frame_013",
            "index23_frame_030",
            "index9_frame_009"
        ],
        [
            "Screenshot (428)",
            "Screenshot (453)",
            "Screenshot (492)",
            "Screenshot (480)",
            "Screenshot (414)",
            "Screenshot (466)",
            "Screenshot (417)",
            "Screenshot (420)",
            "Screenshot (447)",
            "Screenshot (442)",
            "Screenshot (438)",
            "Screenshot (444)",
            "Screenshot (445)",
            "Screenshot (463)",
            "Screenshot (482)",
            "DataSetVari 5",
            "DataSetVari 23"
        ],
        [
            "index62_frame_001",
            "index62_frame_025",
            "index62_frame_003",
            "index62_frame_011",
            "index62_frame_014",
            "index62_frame_013",
            "index62_frame_016",
            "index62_frame_028",
            "index71_frame_001",
            "index71_frame_002",
            "index71_frame_012",
            "index71_frame_014",
            "index71_frame_011",
            "index71_frame_003",
            "index62_frame_030",
            "index71_frame_007",
            "index71_frame_017"
        ],
        [
            "Screenshot (16)",
            "Screenshot (14)",
            "Screenshot (24)",
            "Screenshot (25)",
            "Screenshot (23)",
            "Screenshot (8)",
            "Screenshot (11)",
            "Screenshot (20)",
            "Screenshot (22)",
            "Screenshot (6)",
            "Screenshot (17)",
            "Screenshot (7)",
            "Screenshot (15)",
            "Screenshot (21)",
            "Screenshot (9)",
            "Screenshot (13)",
            "Screenshot (18)"
        ],
        [
            "index100_frame_002",
            "index100_frame_009",
            "index100_frame_019",
            "index100_frame_015",
            "index100_frame_013",
            "index100_frame_010",
            "index100_frame_006",
            "index41_frame_017",
            "index41_frame_018",
            "index41_frame_019",
            "index100_frame_005",
            "index100_frame_017",
            "index100_frame_003",
            "index41_frame_002",
            "index41_frame_013",
            "index41_frame_016",
            "index41_frame_005"
        ],
        [
            "index113_frame_003",
            "index113_frame_012",
            "index113_frame_007",
            "index113_frame_005",
            "index113_frame_013",
            "index113_frame_008",
            "index113_frame_011",
            "index113_frame_004",
            "index113_frame_018",
