{
    "k": 25,
    "inertia_score": -100339.5546875,
    "silhouette_score": 0.1771070957183838,
    "cluster_counts": [
        45,
        22,
        17,
        36,
        47,
        39,
        42,
        23,
        49,
        41,
        58,
        79,
        26,
        21,
        24,
        20,
        18,
        13,
        17,
        20,
        21,
        13,
        10,
        21,
        16
    ],
    "centroids": [
        "index108_frame_016",
        "index80_frame_013",
        "Screenshot (640)",
        "index72_frame_025",
        "index102_frame_014",
        "index57_frame_013",
        "Alto 11",
        "index28_frame_004",
        "index88_frame_020",
        "Screenshot (422)",
        "Foto 77",
        "index2_frame_015",
        "index100_frame_004",
        "Screenshot (2)",
        "index20_frame_005",
        "index70_frame_008",
        "index86_frame_043",
        "index95_frame_018",
        "index113_frame_001",
        "index65_frame_006",
        "Alto 34",
        "Screenshot (407)",
        "index33_frame_010",
        "index62_frame_001",
        "index32_frame_018"
    ],
    "samples": [
        [
            "DataSetVari 46",
            "index108_frame_005",
            "DataSetVari 54",
            "index108_frame_007",
            "index108_frame_011",
            "index108_frame_001",
            "DataSetVari 9",
            "index108_frame_018",
            "DataSetVari 55",
            "index108_frame_006",
            "index108_frame_002",
            "DataSetVari 62",
            "index108_frame_009",
            "index25_frame_005",
            "index25_frame_001",
            "index108_frame_004",
            "Screenshot (517)",
            "Screenshot (534)"
        ],
        [
            "index80_frame_009",
            "index80_frame_004",
            "index80_frame_015",
            "index80_frame_014",
            "index80_frame_017",
            "index80_frame_012",
            "index80_frame_006",
            "index80_frame_007",
            "index80_frame_011",
            "index80_frame_008",
            "index80_frame_016",
            "index2_frame_006",
            "index80_frame_018",
            "index2_frame_004",
            "index80_frame_005",
            "index2_frame_001",
            "index80_frame_019",
            "index80_frame_001"
        ],
        [
            "Screenshot (641)",
            "Screenshot (644)",
            "Screenshot (625)",
            "Screenshot (636)",
            "Screenshot (665)",
            "Screenshot (621)",
            "Screenshot (639)",
            "Screenshot (637)",
            "Screenshot (675)",
            "Screenshot (673)",
            "Screenshot (677)",
            "Screenshot (646)",
            "Screenshot (674)",
            "Screenshot (670)",
            "Screenshot (643)",
            "Screenshot (624)"
        ],
        [
            "index72_frame_029",
            "index72_frame_016",
            "index72_frame_005",
            "index72_frame_020",
            "index72_frame_022",
            "index72_frame_002",
            "index72_frame_012",
            "index72_frame_027",
            "index72_frame_007",
            "index72_frame_015",
            "index107_frame_002",
            "index107_frame_011",
            "index107_frame_004",
            "index107_frame_014",
            "index107_frame_018",
            "index107_frame_009",
            "index107_frame_013",
            "index23_frame_015"
        ],
        [
            "index102_frame_006",
            "index102_frame_004",
            "index102_frame_016",
            "index104_frame_019",
            "index102_frame_017",
            "index102_frame_007",
            "index102_frame_013",
            "index102_frame_010",
            "index104_frame_001",
            "index104_frame_002",
            "index104_frame_010",
            "index102_frame_020",
            "index102_frame_012",
            "index6_frame_020",
            "index104_frame_016",
            "index104_frame_004",
            "index6_frame_004",
            "index6_frame_010"
        ],
        [
            "index57_frame_009",
            "index57_frame_015",
            "index57_frame_020",
            "index74_frame_004",
            "index74_frame_011",
            "index57_frame_012",
            "index74_frame_010",
            "index74_frame_006",
            "index57_frame_017",
            "index57_frame_010",
            "index74_frame_012",
            "index74_frame_019",
            "index74_frame_014",
            "index57_frame_005",
            "index74_frame_008",
            "index57_frame_002",
            "index57_frame_014",
            "index74_frame_017"
        ],
        [
            "DataSetVari 28",
            "Alto 9",
            "DataSetVari 34",
            "DataSetVari 41",
            "Alto 51",
            "DataSetVari 33",
            "DataSetVari 1",
            "Alto 47",
            "Alto 46",
            "Alto 12",
            "Alto 50",
            "DataSetVari 37",
            "DataSetVari 32",
            "Alto 45",
            "DataSetVari 73",
            "DataSetVari 24",
            "Alto 49",
            "DataSetVari 77"
        ],
        [
            "index28_frame_003",
            "index28_frame_005",
            "index28_frame_001",
            "index28_frame_008",
            "index28_frame_009",
            "index28_frame_002",
            "index28_frame_017",
            "index28_frame_006",
            "index28_frame_011",
            "index28_frame_010",
            "index28_frame_007",
            "index28_frame_014",
            "index28_frame_020",
            "index26_frame_004",
            "index26_frame_018",
            "index28_frame_012",
            "index28_frame_018",
            "index26_frame_003"
        ],
        [
            "index88_frame_007",
            "index88_frame_002",
            "index88_frame_028",
            "index88_frame_014",
            "index88_frame_003",
            "index88_frame_013",
            "index9_frame_011",
            "index9_frame_002",
            "index14_frame_017",
            "index9_frame_003",
            "index9_frame_012",
            "Foto 92",
            "index9_frame_019",
            "DataSetVari 49",
            "index14_frame_018",
            "index14_frame_020",
            "index14_frame_001",
            "index23_frame_001"
        ],
        [
            "Screenshot (428)",
            "Screenshot (409)",
            "Screenshot (419)",
            "Screenshot (414)",
            "DataSetVari 21",
            "Screenshot (453)",
            "Screenshot (408)",
            "Screenshot (417)",
            "Screenshot (410)",
            "Screenshot (461)",
            "Screenshot (455)",
            "Screenshot (442)",
            "Screenshot (440)",
            "index106_frame_002",
            "index106_frame_004",
            "DataSetVari 22",
            "index106_frame_007",
            "index106_frame_001"
        ],
        [
            "index18_frame_002",
            "index18_frame_014",
            "index18_frame_013",
            "Foto 141",
            "Foto 84",
            "Foto 165",
            "index16_frame_004",
            "Foto 130",
            "index16_frame_011",
            "Foto 122",
            "Foto 209",
            "Foto 100",
            "Foto 196",
            "Foto 12",
            "Foto 123",
            "Foto 83",
            "Foto 30",
            "Foto 75"
        ],
        [
            "index2_frame_016",
            "index66_frame_016",
            "index59_frame_003",
            "index83_frame_013",
            "index83_frame_012",
            "index83_frame_004",
            "index71_frame_001",
            "index66_frame_009",
            "index83_frame_006",
            "index71_frame_014",
            "index59_frame_009",
            "index59_frame_013",
