{
    "k": 17,
    "inertia_score": -273114.40625,
    "silhouette_score": 0.09961921721696854,
    "cluster_counts": [
        64,
        171,
        108,
        97,
        94,
        34,
        159,
        19,
        110,
        133,
        69,
        45,
        97,
        41,
        82,
        135,
        40
    ],
    "centroids": [
        "index20_frame_014",
        "index2_frame_015",
        "index67_frame_009",
        "Screenshot (57)",
        "index102_frame_003",
        "Screenshot (24)",
        "Alto 9",
        "index32_frame_017",
        "Screenshot (546)",
        "Foto 202",
        "Screenshot (422)",
        "index41_frame_005",
        "Screenshot (193)",
        "Foto 118",
        "Screenshot (247)",
        "Screenshot (255)",
        "index57_frame_009"
    ],
    "samples": [
        [
            "index20_frame_005",
            "index20_frame_026",
            "index62_frame_007",
            "index20_frame_017",
            "index62_frame_020",
            "index20_frame_006",
            "index62_frame_002",
            "index62_frame_009",
            "index62_frame_010",
            "index20_frame_019",
            "index20_frame_025",
            "index20_frame_012",
            "index62_frame_011",
            "index20_frame_001",
            "index20_frame_016",
            "index20_frame_008",
            "index62_frame_013",
            "Foto 173",
            "Foto 169",
            "index62_frame_004",
            "index14_frame_001",
            "index62_frame_003"
        ],
        [
            "Screenshot (303)",
            "Screenshot (306)",
            "Screenshot (315)",
            "index90_frame_003",
            "index90_frame_012",
            "index90_frame_004",
            "Screenshot (297)",
            "index66_frame_003",
            "index83_frame_005",
            "Screenshot (42)",
            "index69_frame_011",
            "index90_frame_011",
            "index83_frame_011",
            "index2_frame_012",
            "index90_frame_007",
            "index71_frame_016",
            "index109_frame_019",
            "Screenshot (532)",
            "index71_frame_003",
            "Screenshot (505)",
            "index71_frame_006",
            "index113_frame_002"
        ],
        [
            "index67_frame_010",
            "index3_frame_001",
            "index67_frame_008",
            "index82_frame_002",
            "index3_frame_018",
            "index67_frame_003",
            "index82_frame_012",
            "index79_frame_006",
            "index79_frame_009",
            "index82_frame_015",
            "index85_frame_008",
            "index86_frame_012",
            "index86_frame_001",
            "index79_frame_007",
            "index79_frame_002",
            "index86_frame_017",
            "index90_frame_028",
            "index65_frame_011",
            "index65_frame_007",
            "index90_frame_025",
            "index65_frame_018",
            "index65_frame_015"
        ],
        [
            "Screenshot (89)",
            "Screenshot (101)",
            "Screenshot (83)",
            "Screenshot (58)",
            "Screenshot (65)",
            "Screenshot (56)",
            "Screenshot (53)",
            "index107_frame_002",
            "index107_frame_006",
            "index5_frame_011",
            "index5_frame_006",
            "index33_frame_006",
            "index107_frame_018",
            "Screenshot (100)",
            "index33_frame_001",
            "Screenshot (98)",
            "index107_frame_013",
            "index5_frame_009",
            "DataSetVari 66",
            "index54_frame_002",
            "index33_frame_002",
            "index19_frame_011"
        ],
        [
            "index102_frame_006",
            "index102_frame_017",
            "index102_frame_014",
            "index102_frame_010",
            "index102_frame_011",
            "index102_frame_007",
            "index102_frame_020",
            "index6_frame_006",
            "index104_frame_016",
            "index104_frame_018",
            "index108_frame_009",
            "index108_frame_001",
            "index108_frame_016",
            "index6_frame_009",
            "Screenshot (518)",
            "index6_frame_017",
            "index108_frame_019",
            "Screenshot (632)",
            "Alto 26",
            "Screenshot (674)",
            "Alto 24",
            "index104_frame_005"
        ],
        [
            "Screenshot (23)",
            "Screenshot (10)",
            "Screenshot (15)",
            "Screenshot (14)",
            "Screenshot (2)",
            "Screenshot (16)",
            "Screenshot (22)",
            "Screenshot (20)",
            "Screenshot (25)",
            "Screenshot (8)",
            "Screenshot (6)",
            "Screenshot (11)",
            "Screenshot (9)",
            "Screenshot (17)",
            "Screenshot (7)",
            "Screenshot (21)",
            "Screenshot (18)",
            "Screenshot (13)",
            "Screenshot (12)",
            "Screenshot (19)",
            "DataSetVari 32",
            "DataSetVari 44"
        ],
        [
            "Alto 8",
            "DataSetVari 28",
            "DataSetVari 36",
            "Alto 10",
            "index23_frame_006",
            "Screenshot (524)",
            "index23_frame_015",
            "Alto 16",
            "Alto 52",
            "index106_frame_010",
            "Alto 86",
            "DataSetVari 91",
            "Alto 70",
            "Alto 75",
            "Alto 53",
            "DataSetVari 12",
            "DataSetVari 85",
            "index81_frame_002",
            "Alto 55",
            "DataSetVari 82",
            "Foto 227",
            "Alto 21"
        ],
        [
            "index32_frame_018",
            "index32_frame_008",
            "index32_frame_015",
            "index32_frame_010",
            "index32_frame_007",
            "index32_frame_006",
            "index32_frame_016",
            "index32_frame_004",
            "index32_frame_001",
            "index32_frame_009",
            "index32_frame_003",
            "index32_frame_011",
            "index32_frame_002",
            "index32_frame_014",
            "index32_frame_019",
            "index32_frame_005",
            "index32_frame_013",
            "index32_frame_020"
        ],
        [
            "Screenshot (563)",
            "Foto 177",
            "Screenshot (547)",
            "Screenshot (581)",
            "Screenshot (574)",
            "index18_frame_010",
            "Screenshot (575)",
            "index18_frame_013",
            "index72_frame_014",
            "index72_frame_011",
            "Foto 180",
            "Screenshot (595)",
            "index4_frame_001",
            "index18_frame_008",
            "index4_frame_018",
            "index4_frame_003",
            "Foto 176",
            "Foto 38",
            "Screenshot (330)",
            "Screenshot (340)",
            "Foto 49",
            "Foto 79"
        ],
        [
            "Foto 198",
            "Foto 160",
            "Foto 216",
            "Foto 11",
            "Foto 197",
            "Foto 108",
            "Foto 7",
            "index94_frame_002",
            "Foto 28",
            "Foto 37",
            "Foto 50",
            "Foto 47",
            "Foto 152",
            "Foto 70",
            "Foto 82",
            "Foto 6",
            "Foto 48",
            "Foto 59",
            "Foto 103",
            "Foto 31",
            "Foto 162",
            "Foto 91"
        ],
        [
            "Screenshot (428)",
            "Screenshot (425)",
            "Screenshot (414)",
            "Screenshot (480)",
            "Screenshot (433)",
            "Screenshot (476)",
            "Screenshot (453)",
            "Screenshot (420)",
            "Screenshot (421)",
            "Screenshot (410)",
