{
    "k": 7,
    "inertia_score": -144888.84375,
    "silhouette_score": 0.09461516886949539,
    "cluster_counts": [
        32,
        105,
        204,
        111,
        107,
        140,
        39
    ],
    "centroids": [
        "index20_frame_014",
        "index2_frame_016",
        "index72_frame_025",
        "index65_frame_006",
        "Alto 37",
        "index104_frame_011",
        "index57_frame_013"
    ],
    "samples": [
        [
            "index20_frame_026",
            "index20_frame_005",
            "index20_frame_009",
            "index20_frame_006",
            "index20_frame_013",
            "index20_frame_021",
            "index20_frame_004",
            "index20_frame_024",
            "index20_frame_022",
            "index20_frame_012",
            "index20_frame_025",
            "index20_frame_017",
            "index20_frame_011",
            "index20_frame_019",
            "index20_frame_008",
            "index20_frame_016",
            "index20_frame_001",
            "index20_frame_018",
            "index20_frame_002",
            "index14_frame_007",
            "index20_frame_007",
            "index20_frame_028",
            "index9_frame_019",
            "index14_frame_006",
            "index14_frame_001",
            "index9_frame_009",
            "index14_frame_020"
        ],
        [
            "index2_frame_015",
            "index80_frame_004",
            "index80_frame_012",
            "index80_frame_006",
            "index2_frame_013",
            "index69_frame_008",
            "index69_frame_009",
            "index80_frame_014",
            "index2_frame_009",
            "index80_frame_007",
            "index80_frame_018",
            "Screenshot (369)",
            "index80_frame_016",
            "Screenshot (355)",
            "index80_frame_019",
            "index83_frame_012",
            "index80_frame_008",
            "Screenshot (353)",
            "index83_frame_010",
            "Screenshot (357)",
            "index69_frame_002",
            "index86_frame_043",
            "index86_frame_067",
            "index86_frame_021",
            "Screenshot (349)",
            "index86_frame_078",
            "index113_frame_017"
        ],
        [
            "index72_frame_005",
            "index72_frame_012",
            "index88_frame_029",
            "index59_frame_002",
            "index72_frame_028",
            "index71_frame_009",
            "index88_frame_008",
            "index62_frame_025",
            "index88_frame_028",
            "index95_frame_002",
            "index62_frame_012",
            "DataSetVari 9",
            "index33_frame_001",
            "index62_frame_010",
            "index9_frame_002",
            "index107_frame_017",
            "Foto 209",
            "index107_frame_013",
            "DataSetVari 27",
            "index95_frame_012",
            "index33_frame_009",
            "index14_frame_016",
            "DataSetVari 49",
            "Foto 11",
            "Foto 129",
            "index23_frame_009",
            "Foto 25"
        ],
        [
            "index65_frame_015",
            "index65_frame_018",
            "index28_frame_004",
            "index65_frame_008",
            "index28_frame_006",
            "index28_frame_008",
            "index41_frame_017",
            "index41_frame_018",
            "DataSetVari 60",
            "index100_frame_002",
            "index41_frame_013",
            "index100_frame_010",
            "index66_frame_007",
            "index28_frame_020",
            "index25_frame_005",
            "index25_frame_003",
            "index66_frame_008",
            "index28_frame_017",
            "index28_frame_014",
            "index18_frame_012",
            "index65_frame_030",
            "index18_frame_004",
            "index108_frame_002",
            "Screenshot (521)",
            "index108_frame_005",
            "index18_frame_008",
            "Screenshot (624)"
        ],
        [
            "Alto 35",
            "Alto 36",
            "Alto 8",
            "Alto 44",
            "Alto 40",
            "Alto 41",
            "Screenshot (24)",
            "Screenshot (19)",
            "DataSetVari 33",
            "Alto 42",
            "Screenshot (2)",
            "DataSetVari 41",
            "DataSetVari 36",
            "index70_frame_026",
            "index70_frame_024",
            "Alto 52",
            "Screenshot (12)",
            "index70_frame_023",
            "index70_frame_008",
            "index70_frame_019",
            "DataSetVari 37",
            "DataSetVari 31",
            "Alto 5",
            "index70_frame_025",
            "Alto 45",
            "index70_frame_016",
            "index70_frame_001"
        ],
        [
            "index104_frame_015",
            "index102_frame_003",
            "index102_frame_013",
            "index102_frame_014",
            "index102_frame_018",
            "index102_frame_008",
            "index102_frame_012",
            "index6_frame_003",
            "Screenshot (420)",
            "index6_frame_006",
            "Screenshot (640)",
            "Screenshot (639)",
            "DataSetVari 22",
            "index106_frame_004",
            "Screenshot (444)",
            "Screenshot (466)",
            "Screenshot (492)",
            "index108_frame_006",
            "Screenshot (534)",
            "index108_frame_008",
            "Screenshot (572)",
            "index32_frame_006",
            "index106_frame_001",
            "Screenshot (522)",
            "index32_frame_002",
            "index32_frame_009",
            "index32_frame_016"
        ],
        [
            "index57_frame_009",
            "index57_frame_007",
            "index57_frame_015",
            "index57_frame_006",
            "index57_frame_020",
            "index57_frame_018",
            "index74_frame_004",
            "index57_frame_004",
            "index74_frame_011",
            "index57_frame_016",
            "index57_frame_012",
            "index74_frame_007",
            "index74_frame_010",
            "index74_frame_018",
            "index74_frame_006",
            "index74_frame_016",
            "index57_frame_017",
            "index57_frame_011",
            "index57_frame_010",
            "index57_frame_003",
            "index74_frame_012",
            "index74_frame_003",
            "index74_frame_019",
            "index74_frame_013",
            "index74_frame_014",
            "index74_frame_020",
            "index57_frame_005"
        ]
    ]
}