{
    "k": 28,
    "inertia_score": -96351.828125,
    "silhouette_score": 0.1885206699371338,
    "cluster_counts": [
        8,
        25,
        26,
        42,
        39,
        32,
        26,
        11,
        20,
        58,
        29,
        29,
        17,
        23,
        41,
        14,
        23,
        17,
        25,
        46,
        29,
        18,
        47,
        13,
        26,
        16,
        24,
        14
    ],
    "centroids": [
        "index81_frame_008",
        "index28_frame_004",
        "index71_frame_009",
        "index72_frame_001",
        "index57_frame_013",
        "Screenshot (422)",
        "index100_frame_004",
        "index6_frame_006",
        "index70_frame_008",
        "index65_frame_015",
        "Alto 52",
        "index108_frame_016",
        "index113_frame_001",
        "Screenshot (2)",
        "index62_frame_001",
        "index107_frame_016",
        "index102_frame_014",
        "index106_frame_004",
        "index80_frame_013",
        "Foto 77",
        "index20_frame_026",
        "index86_frame_043",
        "index2_frame_015",
        "index95_frame_018",
        "Screenshot (640)",
        "index32_frame_018",
        "Alto 34",
        "Screenshot (407)"
    ],
    "samples": [
        [
            "index81_frame_013",
            "index81_frame_018",
            "index81_frame_019",
            "index81_frame_017",
            "index81_frame_002",
            "index81_frame_003",
            "index81_frame_009"
        ],
        [
            "index28_frame_003",
            "index28_frame_005",
            "index28_frame_001",
            "index28_frame_008",
            "index28_frame_009",
            "index28_frame_002",
            "index28_frame_017",
            "index28_frame_011",
            "index28_frame_010",
            "index28_frame_006",
            "index28_frame_007",
            "index28_frame_014",
            "index26_frame_004",
            "index28_frame_020",
            "index26_frame_018",
            "index28_frame_012"
        ],
        [
            "index71_frame_011",
            "index71_frame_012",
            "index71_frame_014",
            "index71_frame_004",
            "index69_frame_009",
            "index71_frame_002",
            "index71_frame_015",
            "index71_frame_001",
            "index71_frame_017",
            "index71_frame_010",
            "index71_frame_007",
            "index71_frame_013",
            "index69_frame_008",
            "index71_frame_016",
            "index69_frame_007",
            "index69_frame_011"
        ],
        [
            "index72_frame_013",
            "index72_frame_008",
            "index72_frame_020",
            "index72_frame_007",
            "index72_frame_005",
            "index72_frame_023",
            "index72_frame_017",
            "index72_frame_009",
            "index72_frame_027",
            "index72_frame_006",
            "index88_frame_012",
            "index72_frame_028",
            "index88_frame_006",
            "index88_frame_028",
            "index88_frame_023",
            "index88_frame_003"
        ],
        [
            "index57_frame_009",
            "index57_frame_015",
            "index57_frame_020",
            "index74_frame_004",
            "index74_frame_011",
            "index57_frame_012",
            "index74_frame_010",
            "index74_frame_006",
            "index57_frame_017",
            "index57_frame_010",
            "index74_frame_012",
            "index74_frame_019",
            "index74_frame_014",
            "index57_frame_005",
            "index74_frame_008",
            "index57_frame_002"
        ],
        [
            "Screenshot (428)",
            "Screenshot (419)",
            "Screenshot (476)",
            "Screenshot (480)",
            "Screenshot (414)",
            "DataSetVari 21",
            "Screenshot (417)",
            "Screenshot (420)",
            "Screenshot (439)",
            "Screenshot (442)",
            "Screenshot (461)",
            "Screenshot (444)",
            "Screenshot (445)",
            "Screenshot (463)",
            "DataSetVari 25",
            "Screenshot (481)"
        ],
        [
            "index100_frame_002",
            "index100_frame_009",
            "index100_frame_019",
            "index100_frame_015",
            "index100_frame_013",
            "index100_frame_010",
            "index100_frame_006",
            "index41_frame_017",
            "index41_frame_018",
            "index41_frame_019",
            "index100_frame_005",
            "index100_frame_017",
            "index100_frame_003",
            "index41_frame_002",
            "index41_frame_013",
            "index41_frame_016"
        ],
        [
            "index6_frame_004",
            "index6_frame_005",
            "index6_frame_012",
            "index6_frame_002",
            "index6_frame_010",
            "index6_frame_013",
            "index6_frame_003",
            "index6_frame_020",
            "index6_frame_017",
            "index6_frame_009"
        ],
        [
            "index70_frame_016",
            "index70_frame_010",
            "index70_frame_003",
            "index70_frame_015",
            "index70_frame_021",
            "index70_frame_001",
            "index70_frame_030",
            "index70_frame_022",
            "index70_frame_006",
            "index70_frame_009",
            "index70_frame_019",
            "index70_frame_018",
            "index70_frame_011",
            "index70_frame_024",
            "index70_frame_027",
            "index70_frame_026"
        ],
        [
            "index65_frame_006",
            "index65_frame_007",
            "index65_frame_011",
            "index65_frame_026",
            "index65_frame_009",
            "index65_frame_014",
            "index18_frame_015",
            "index18_frame_013",
            "index25_frame_003",
            "index25_frame_005",
            "index18_frame_004",
            "index18_frame_006",
            "index33_frame_001",
            "index16_frame_004",
            "DataSetVari 66",
            "index33_frame_010"
        ],
        [
            "Alto 53",
            "Alto 4",
            "DataSetVari 1",
            "Alto 51",
            "Alto 48",
            "Alto 47",
            "Alto 10",
            "DataSetVari 12",
            "Alto 50",
            "Alto 45",
            "Alto 12",
            "Alto 7",
            "Alto 46",
            "Alto 6",
            "Alto 5",
            "DataSetVari 73"
        ],
        [
            "DataSetVari 46",
            "index108_frame_005",
            "index108_frame_011",
            "index108_frame_007",
            "index108_frame_008",
            "index108_frame_019",
            "index108_frame_006",
            "index108_frame_018",
            "index108_frame_003",
            "index108_frame_009",
            "index108_frame_001",
            "index108_frame_012",
            "DataSetVari 56",
            "index108_frame_004",
            "DataSetVari 54",
            "Screenshot (518)"
        ],
        [
            "index113_frame_003",
            "index113_frame_012",
            "index113_frame_007",
            "index113_frame_005",
            "index113_frame_013",
            "index113_frame_008",
            "index113_frame_011",
            "index113_frame_004",
            "index113_frame_017",
            "index113_frame_018",
            "index113_frame_009",
            "index113_frame_015",
            "index113_frame_019",
            "index113_frame_020",
            "index113_frame_002",
            "index73_frame_007"
        ],
        [
            "Screenshot (14)",
            "Screenshot (16)",
            "Screenshot (24)",
            "Screenshot (11)",
            "Screenshot (25)",
            "Screenshot (8)",
            "Screenshot (20)",
