{
    "k": 25,
    "inertia_score": -250601.53125,
    "silhouette_score": 0.11559924483299255,
    "cluster_counts": [
        40,
        104,
        62,
        108,
        40,
        60,
        46,
        70,
        20,
        69,
        57,
        34,
        65,
        56,
        59,
        44,
        42,
        45,
        98,
        119,
        34,
        25,
        63,
        101,
        37
    ],
    "centroids": [
        "index57_frame_009",
        "Screenshot (247)",
        "index70_frame_004",
        "index67_frame_009",
        "Alto 69",
        "Alto 34",
        "index41_frame_005",
        "index104_frame_015",
        "index95_frame_005",
        "Screenshot (422)",
        "Foto 177",
        "Screenshot (24)",
        "index88_frame_013",
        "Screenshot (193)",
        "Screenshot (551)",
        "Screenshot (136)",
        "index32_frame_008",
        "index20_frame_005",
        "Screenshot (291)",
        "Foto 202",
        "Alto 57",
        "index23_frame_015",
        "Screenshot (256)",
        "Screenshot (57)",
        "Foto 118"
    ],
    "samples": [
        [
            "index57_frame_013",
            "index57_frame_015",
            "index57_frame_020",
            "index74_frame_004",
            "index74_frame_011",
            "index57_frame_012",
            "index74_frame_010",
            "index57_frame_008",
            "index57_frame_017",
            "index57_frame_011",
            "index57_frame_003",
            "index74_frame_012",
            "index74_frame_014",
            "index74_frame_020",
            "index57_frame_005",
            "index57_frame_002",
            "index57_frame_001",
            "index74_frame_001"
        ],
        [
            "index83_frame_015",
            "Screenshot (34)",
            "index83_frame_004",
            "Screenshot (232)",
            "Screenshot (227)",
            "Screenshot (236)",
            "index38_frame_006",
            "index38_frame_012",
            "Screenshot (244)",
            "Screenshot (231)",
            "Screenshot (504)",
            "index38_frame_005",
            "Foto 24",
            "Screenshot (503)",
            "Screenshot (501)",
            "Screenshot (530)",
            "index38_frame_009",
            "Screenshot (32)"
        ],
        [
            "index72_frame_008",
            "index72_frame_018",
            "index70_frame_007",
            "index72_frame_012",
            "index70_frame_013",
            "index72_frame_013",
            "index72_frame_016",
            "index70_frame_017",
            "index72_frame_002",
            "index70_frame_019",
            "index70_frame_010",
            "index70_frame_011",
            "index72_frame_010",
            "index9_frame_011",
            "index7_frame_012",
            "index7_frame_020",
            "index7_frame_015",
            "index7_frame_006"
        ],
        [
            "index67_frame_010",
            "index67_frame_007",
            "index82_frame_002",
            "index3_frame_002",
            "index82_frame_012",
            "index85_frame_016",
            "index82_frame_015",
            "index85_frame_009",
            "index86_frame_001",
            "index90_frame_022",
            "index86_frame_017",
            "Screenshot (114)",
            "index65_frame_007",
            "index85_frame_010",
            "index65_frame_015",
            "index46_frame_014",
            "index86_frame_005",
            "index65_frame_016"
        ],
        [
            "Alto 72",
            "Alto 66",
            "Alto 71",
            "Alto 64",
            "index106_frame_010",
            "Alto 65",
            "Screenshot (524)",
            "index81_frame_008",
            "Alto 63",
            "index81_frame_018",
            "DataSetVari 87",
            "index81_frame_003",
            "Alto 67",
            "index81_frame_002",
            "DataSetVari 99",
            "DataSetVari 98",
            "DataSetVari 101",
            "DataSetVari 90"
        ],
        [
            "Alto 78",
            "Alto 87",
            "Alto 39",
            "Alto 81",
            "DataSetVari 41",
            "Alto 8",
            "Alto 79",
            "Alto 10",
            "Alto 83",
            "Alto 76",
            "Alto 86",
            "Alto 82",
            "DataSetVari 74",
            "DataSetVari 75",
            "DataSetVari 77",
            "DataSetVari 29",
            "DataSetVari 73",
            "DataSetVari 81"
        ],
        [
            "index41_frame_001",
            "index100_frame_002",
            "index100_frame_017",
            "index100_frame_005",
            "index100_frame_004",
            "index100_frame_015",
            "index100_frame_010",
            "index41_frame_016",
            "index41_frame_019",
            "index41_frame_018",
            "index28_frame_009",
            "index28_frame_004",
            "index28_frame_006",
            "index41_frame_020",
            "index28_frame_011",
            "index28_frame_003",
            "DataSetVari 64",
            "DataSetVari 55"
        ],
        [
            "index102_frame_003",
            "index102_frame_006",
            "index104_frame_002",
            "index102_frame_001",
            "index102_frame_008",
            "index102_frame_019",
            "index102_frame_013",
            "index102_frame_007",
            "Screenshot (625)",
            "index6_frame_003",
            "index104_frame_004",
            "index102_frame_005",
            "index102_frame_012",
            "index6_frame_010",
            "Screenshot (639)",
            "Screenshot (665)",
            "index6_frame_017",
            "Screenshot (673)"
        ],
        [
            "index95_frame_008",
            "index95_frame_014",
            "index95_frame_012",
            "index95_frame_017",
            "index95_frame_004",
            "index95_frame_001",
            "index95_frame_009",
            "index95_frame_018",
            "index95_frame_011",
            "index95_frame_020",
            "index95_frame_003",
            "index95_frame_002",
            "Screenshot (78)",
            "Screenshot (74)",
            "Screenshot (70)",
            "Screenshot (72)",
            "Screenshot (75)",
            "Screenshot (77)"
        ],
        [
            "Screenshot (428)",
            "Screenshot (425)",
            "Screenshot (414)",
            "Screenshot (480)",
            "Screenshot (433)",
            "Screenshot (476)",
            "Screenshot (453)",
            "Screenshot (420)",
            "Screenshot (421)",
            "Screenshot (410)",
            "Screenshot (438)",
            "Screenshot (440)",
            "Screenshot (444)",
            "DataSetVari 13",
            "Screenshot (463)",
            "index114_frame_009",
            "DataSetVari 16",
            "index114_frame_019"
        ],
        [
            "Foto 188",
            "Foto 179",
            "Foto 185",
            "Foto 220",
            "Foto 180",
            "Screenshot (329)",
            "Screenshot (330)",
            "Screenshot (337)",
            "index18_frame_006",
            "Foto 214",
            "index18_frame_018",
            "Foto 49",
            "Foto 215",
            "Foto 79",
            "Screenshot (68)",
            "Foto 196",
            "Foto 44",
            "Foto 31"
        ],
        [
            "Screenshot (23)",
            "Screenshot (10)",
            "Screenshot (15)",
            "Screenshot (14)",
            "Screenshot (2)",
            "Screenshot (16)",
            "Screenshot (22)",
            "Screenshot (20)",
            "Screenshot (25)",
            "Screenshot (8)",
            "Screenshot (6)",
            "Screenshot (11)",
            "Screenshot (9)",
            "Screenshot (17)",
            "Screenshot (7)",
            "Screenshot (21)",
