{
    "k": 21,
    "inertia_score": -261408.484375,
    "silhouette_score": 0.10855735838413239,
    "cluster_counts": [
        27,
        77,
        49,
        42,
        94,
        230,
        51,
        46,
        46,
        70,
        102,
        40,
        117,
        86,
        44,
        81,
        127,
        19,
        55,
        34,
        61
    ],
    "centroids": [
        "index79_frame_010",
        "Screenshot (57)",
        "Foto 118",
        "Alto 57",
        "index102_frame_003",
        "index2_frame_015",
        "index18_frame_018",
        "Screenshot (256)",
        "index70_frame_004",
        "Screenshot (422)",
        "Screenshot (193)",
        "index57_frame_009",
        "Alto 78",
        "index20_frame_014",
        "index41_frame_005",
        "index67_frame_009",
        "Foto 202",
        "index32_frame_017",
        "Screenshot (136)",
        "Screenshot (24)",
        "Screenshot (582)"
    ],
    "samples": [
        [
            "index79_frame_007",
            "index79_frame_006",
            "index79_frame_001",
            "index79_frame_013",
            "index79_frame_008",
            "index79_frame_002",
            "index79_frame_009",
            "index79_frame_012",
            "index90_frame_022",
            "index79_frame_014",
            "index79_frame_011",
            "index90_frame_024",
            "index90_frame_021",
            "index90_frame_029",
            "index90_frame_030",
            "index90_frame_025",
            "index90_frame_023",
            "index90_frame_026",
            "index90_frame_028",
            "index46_frame_008"
        ],
        [
            "Screenshot (89)",
            "index26_frame_012",
            "Screenshot (84)",
            "Screenshot (95)",
            "Screenshot (58)",
            "index26_frame_018",
            "Screenshot (55)",
            "Screenshot (87)",
            "index26_frame_003",
            "Screenshot (81)",
            "index107_frame_006",
            "index107_frame_020",
            "Screenshot (103)",
            "index33_frame_005",
            "index33_frame_004",
            "index33_frame_006",
            "index5_frame_006",
            "index26_frame_010",
            "index30_frame_019",
            "Screenshot (98)"
        ],
        [
            "Foto 129",
            "Foto 126",
            "Foto 127",
            "Foto 128",
            "Foto 113",
            "Foto 223",
            "Foto 121",
            "Foto 124",
            "Foto 114",
            "Foto 119",
            "Foto 112",
            "Foto 147",
            "Foto 158",
            "Foto 214",
            "Foto 132",
            "Foto 136",
            "Foto 111",
            "Foto 215",
            "Foto 213",
            "Foto 137"
        ],
        [
            "Alto 60",
            "Alto 6",
            "Alto 5",
            "Alto 61",
            "DataSetVari 1",
            "Alto 45",
            "Alto 18",
            "Alto 49",
            "Alto 59",
            "Alto 53",
            "Alto 48",
            "Alto 47",
            "Alto 22",
            "DataSetVari 6",
            "Alto 50",
            "DataSetVari 73",
            "Alto 30",
            "DataSetVari 71",
            "DataSetVari 67",
            "DataSetVari 15"
        ],
        [
            "index102_frame_006",
            "index102_frame_017",
            "index102_frame_014",
            "index102_frame_010",
            "index102_frame_011",
            "index102_frame_007",
            "index102_frame_020",
            "index6_frame_006",
            "index104_frame_016",
            "index104_frame_018",
            "index108_frame_009",
            "index108_frame_001",
            "index108_frame_016",
            "index6_frame_009",
            "Screenshot (518)",
            "index6_frame_017",
            "index108_frame_019",
            "Screenshot (632)",
            "Alto 26",
            "Screenshot (674)"
        ],
        [
            "Screenshot (303)",
            "Screenshot (315)",
            "index66_frame_008",
            "index66_frame_006",
            "Screenshot (206)",
            "index59_frame_003",
            "Screenshot (46)",
            "Screenshot (47)",
            "Screenshot (35)",
            "Screenshot (214)",
            "Screenshot (44)",
            "index90_frame_018",
            "Screenshot (210)",
            "index38_frame_018",
            "Screenshot (507)",
            "Screenshot (221)",
            "index113_frame_008",
            "index71_frame_006",
            "Foto 57",
            "Foto 32"
        ],
        [
            "index18_frame_012",
            "index18_frame_008",
            "index18_frame_010",
            "index18_frame_013",
            "index25_frame_005",
            "index25_frame_003",
            "index25_frame_004",
            "DataSetVari 60",
            "index25_frame_011",
            "Screenshot (329)",
            "index54_frame_019",
            "Screenshot (340)",
            "index54_frame_009",
            "Screenshot (69)",
            "Screenshot (328)",
            "index54_frame_001",
            "DataSetVari 10",
            "index25_frame_010",
            "index25_frame_017",
            "Foto 49"
        ],
        [
            "Screenshot (261)",
            "Screenshot (260)",
            "Screenshot (275)",
            "Screenshot (276)",
            "Screenshot (280)",
            "Screenshot (271)",
            "Screenshot (263)",
            "Screenshot (277)",
            "Screenshot (282)",
            "index109_frame_017",
            "Screenshot (270)",
            "Screenshot (255)",
            "Screenshot (257)",
            "index109_frame_002",
            "index109_frame_019",
            "index109_frame_015",
            "index109_frame_009",
            "index109_frame_008",
            "index109_frame_011",
            "index109_frame_020"
        ],
        [
            "index72_frame_011",
            "index72_frame_006",
            "index70_frame_013",
            "index70_frame_007",
            "index72_frame_014",
            "index70_frame_003",
            "index72_frame_012",
            "index72_frame_015",
            "index72_frame_001",
            "index70_frame_016",
            "index70_frame_020",
            "index70_frame_018",
            "index72_frame_020",
            "index72_frame_002",
            "index70_frame_006",
            "index72_frame_007",
            "index70_frame_011",
            "index72_frame_009",
            "index72_frame_010",
            "Foto 212"
        ],
        [
            "Screenshot (428)",
            "Screenshot (425)",
            "DataSetVari 21",
            "Screenshot (480)",
            "Screenshot (433)",
            "Screenshot (476)",
            "Screenshot (453)",
            "Screenshot (420)",
            "Screenshot (421)",
            "Screenshot (410)",
            "Screenshot (438)",
            "Screenshot (440)",
            "Screenshot (444)",
            "DataSetVari 13",
            "Screenshot (463)",
            "index106_frame_004",
            "DataSetVari 16",
            "index114_frame_012",
            "DataSetVari 25",
            "index114_frame_014"
        ],
        [
            "Screenshot (192)",
            "Screenshot (175)",
            "Screenshot (170)",
            "Screenshot (177)",
            "Screenshot (168)",
            "index80_frame_017",
            "index80_frame_014",
            "Screenshot (195)",
            "index80_frame_013",
            "index88_frame_010",
            "Screenshot (201)",
            "index80_frame_019",
            "index88_frame_012",
            "index69_frame_009",
            "index92_frame_019",
            "Screenshot (371)",
            "index2_frame_020",
            "index69_frame_002",
            "Screenshot (365)",
            "index88_frame_019"
