{
    "k": 13,
    "inertia_score": -289693.46875,
    "silhouette_score": 0.08089576661586761,
    "cluster_counts": [
        108,
        121,
        138,
        170,
        40,
        83,
        165,
        123,
        145,
        64,
        121,
        121,
        99
    ],
    "centroids": [
        "index67_frame_009",
        "index20_frame_017",
        "index2_frame_015",
        "Alto 9",
        "index57_frame_009",
        "Screenshot (422)",
        "Foto 87",
        "Screenshot (563)",
        "Screenshot (136)",
        "index100_frame_017",
        "index2_frame_006",
        "index66_frame_012",
        "index102_frame_006"
    ],
    "samples": [
        [
            "index67_frame_010",
            "index3_frame_001",
            "index67_frame_008",
            "index82_frame_002",
            "index3_frame_018",
            "index67_frame_003",
            "index82_frame_012",
            "index79_frame_006",
            "index79_frame_009",
            "index82_frame_015",
            "index85_frame_008",
            "index86_frame_012",
            "index86_frame_001",
            "index79_frame_007",
            "index79_frame_002",
            "index86_frame_017",
            "index90_frame_028",
            "index65_frame_011",
            "index65_frame_007",
            "index90_frame_025",
            "index65_frame_018",
            "index65_frame_015",
            "index46_frame_011",
            "index65_frame_004"
        ],
        [
            "index20_frame_014",
            "index62_frame_008",
            "index62_frame_007",
            "index62_frame_011",
            "index9_frame_019",
            "index20_frame_024",
            "index9_frame_012",
            "index33_frame_012",
            "index62_frame_013",
            "index95_frame_011",
            "index95_frame_009",
            "index33_frame_004",
            "index20_frame_012",
            "index62_frame_004",
            "Screenshot (55)",
            "index33_frame_016",
            "index9_frame_010",
            "Screenshot (70)",
            "Foto 167",
            "Screenshot (71)",
            "Foto 175",
            "Screenshot (130)",
            "index19_frame_013",
            "Screenshot (76)"
        ],
        [
            "index90_frame_006",
            "index90_frame_012",
            "Screenshot (303)",
            "index90_frame_005",
            "index83_frame_014",
            "index83_frame_013",
            "index90_frame_009",
            "index90_frame_001",
            "Screenshot (290)",
            "index90_frame_011",
            "index109_frame_019",
            "index90_frame_007",
            "index2_frame_018",
            "Screenshot (257)",
            "Screenshot (267)",
            "Screenshot (297)",
            "Screenshot (289)",
            "Screenshot (261)",
            "Screenshot (263)",
            "index109_frame_004",
            "index109_frame_007",
            "Screenshot (270)",
            "index113_frame_007",
            "Screenshot (507)"
        ],
        [
            "Alto 8",
            "Alto 80",
            "Alto 35",
            "Alto 40",
            "Alto 41",
            "Alto 69",
            "Alto 85",
            "index23_frame_012",
            "Alto 77",
            "Alto 42",
            "Alto 14",
            "Alto 63",
            "Alto 70",
            "DataSetVari 74",
            "DataSetVari 99",
            "Alto 18",
            "DataSetVari 85",
            "Alto 15",
            "Alto 20",
            "Alto 45",
            "Alto 22",
            "Alto 57",
            "DataSetVari 96",
            "DataSetVari 6"
        ],
        [
            "index57_frame_013",
            "index57_frame_007",
            "index57_frame_015",
            "index57_frame_006",
            "index57_frame_020",
            "index57_frame_018",
            "index74_frame_004",
            "index57_frame_004",
            "index74_frame_011",
            "index57_frame_016",
            "index57_frame_012",
            "index74_frame_007",
            "index74_frame_010",
            "index74_frame_018",
            "index57_frame_008",
            "index74_frame_006",
            "index57_frame_017",
            "index74_frame_016",
            "index57_frame_011",
            "index57_frame_010",
            "index57_frame_003",
            "index74_frame_003",
            "index74_frame_012",
            "index74_frame_019"
        ],
        [
            "Screenshot (426)",
            "Screenshot (492)",
            "Screenshot (411)",
            "Screenshot (409)",
            "Screenshot (466)",
            "Screenshot (412)",
            "Screenshot (476)",
            "Screenshot (420)",
            "Screenshot (421)",
            "Screenshot (410)",
            "Screenshot (440)",
            "Screenshot (442)",
            "DataSetVari 18",
            "index106_frame_014",
            "index106_frame_004",
            "index114_frame_009",
            "index106_frame_001",
            "index114_frame_012",
            "Screenshot (639)",
            "Screenshot (673)",
            "DataSetVari 23",
            "Screenshot (637)",
            "Screenshot (621)",
            "Alto 25"
        ],
        [
            "Foto 149",
            "Foto 158",
            "Foto 100",
            "Foto 104",
            "Foto 3",
            "Foto 217",
            "Foto 11",
            "Foto 72",
            "Foto 205",
            "Screenshot (682)",
            "Foto 148",
            "Foto 7",
            "Foto 68",
            "Foto 13",
            "Foto 76",
            "Foto 126",
            "Foto 138",
            "Foto 152",
            "Screenshot (685)",
            "Foto 2",
            "Foto 70",
            "Foto 41",
            "Foto 137",
            "Foto 103"
        ],
        [
            "Screenshot (546)",
            "Screenshot (541)",
            "Screenshot (547)",
            "Screenshot (544)",
            "Foto 179",
            "Foto 185",
            "Screenshot (548)",
            "index72_frame_001",
            "index72_frame_014",
            "index72_frame_017",
            "index72_frame_011",
            "Screenshot (549)",
            "index4_frame_001",
            "Screenshot (564)",
            "index16_frame_013",
            "DataSetVari 9",
            "index72_frame_015",
            "Screenshot (69)",
            "Screenshot (330)",
            "Foto 222",
            "Foto 224",
            "Foto 212",
            "DataSetVari 11",
            "Alto 1"
        ],
        [
            "Screenshot (151)",
            "Screenshot (89)",
            "Screenshot (91)",
            "index25_frame_003",
            "Screenshot (148)",
            "index25_frame_001",
            "Screenshot (97)",
            "Screenshot (57)",
            "Screenshot (81)",
            "Screenshot (121)",
            "index107_frame_020",
            "Screenshot (157)",
            "index26_frame_015",
            "Screenshot (138)",
            "index59_frame_008",
            "DataSetVari 66",
            "DataSetVari 17",
            "Screenshot (58)",
            "Screenshot (98)",
            "Screenshot (128)",
            "index25_frame_020",
            "Screenshot (137)",
            "index54_frame_002",
            "DataSetVari 49"
        ],
        [
            "index100_frame_006",
            "index100_frame_019",
            "index100_frame_009",
            "index100_frame_013",
            "index100_frame_003",
            "index100_frame_001",
            "index100_frame_020",
            "index41_frame_008",
            "index41_frame_002",
            "index41_frame_017",
            "index41_frame_018",
            "Screenshot (21)",
            "Screenshot (13)",
            "Screenshot (2)",
            "Screenshot (11)",
            "Screenshot (7)",
            "Screenshot (12)",
