{
    "k": 11,
    "inertia_score": -296300.53125,
    "silhouette_score": 0.08262062817811966,
    "cluster_counts": [
        193,
        40,
        228,
        193,
        217,
        108,
        151,
        45,
        69,
        164,
        90
    ],
    "samples": [
        [
            "Foto 87",
            "Foto 27",
            "Foto 141",
            "Foto 217",
            "Foto 129",
            "Foto 106",
            "Foto 66",
            "Foto 11",
            "Foto 93",
            "Foto 5",
            "Foto 28",
            "Foto 7",
            "Foto 68",
            "index94_frame_002",
            "Foto 146",
            "Screenshot (337)",
            "Foto 76",
            "Foto 62",
            "Foto 47",
            "Foto 142",
            "Foto 145",
            "Foto 164",
            "Foto 54",
            "Foto 155",
            "Foto 22",
            "Screenshot (684)",
            "Foto 115",
            "Foto 9",
            "Foto 162",
            "Foto 136",
            "Foto 211",
            "Foto 209",
            "Foto 124",
            "Foto 117",
            "Foto 33",
            "Screenshot (328)",
            "Screenshot (330)",
            "Foto 223",
            "Foto 37",
            "Foto 215",
            "Foto 114",
            "Foto 154",
            "Foto 55",
            "Foto 210"
        ],
        [
            "index57_frame_009",
            "index57_frame_013",
            "index57_frame_007",
            "index57_frame_015",
            "index57_frame_006",
            "index57_frame_020",
            "index57_frame_018",
            "index74_frame_004",
            "index57_frame_004",
            "index74_frame_011",
            "index57_frame_016",
            "index57_frame_012",
            "index74_frame_007",
            "index74_frame_010",
            "index74_frame_018",
            "index57_frame_008",
            "index74_frame_006",
            "index57_frame_017",
            "index74_frame_016",
            "index57_frame_011",
            "index57_frame_010",
            "index57_frame_003",
            "index74_frame_002",
            "index74_frame_014",
            "index74_frame_019",
            "index74_frame_020",
            "index74_frame_009",
            "index74_frame_015",
            "index74_frame_012",
            "index57_frame_005",
            "index57_frame_002",
            "index74_frame_005",
            "index74_frame_008",
            "index57_frame_019",
            "index74_frame_017",
            "index74_frame_003",
            "index74_frame_001",
            "index57_frame_014",
            "index74_frame_013",
            "index57_frame_001"
        ],
        [
            "index2_frame_015",
            "Screenshot (285)",
            "index66_frame_016",
            "index2_frame_010",
            "index38_frame_015",
            "index66_frame_003",
            "index90_frame_016",
            "Screenshot (244)",
            "Screenshot (234)",
            "Screenshot (227)",
            "Screenshot (214)",
            "index38_frame_016",
            "index90_frame_007",
            "Screenshot (210)",
            "Screenshot (162)",
            "index113_frame_013",
            "index59_frame_005",
            "Screenshot (532)",
            "index71_frame_007",
            "index113_frame_018",
            "index113_frame_015",
            "Screenshot (163)",
            "index66_frame_010",
            "Screenshot (502)",
            "index59_frame_001",
            "index90_frame_015",
            "index90_frame_017",
            "Screenshot (34)",
            "index90_frame_003",
            "Screenshot (306)",
            "index113_frame_009",
            "index66_frame_006",
            "Screenshot (30)",
            "index38_frame_001",
            "index71_frame_004",
            "index71_frame_001",
            "index66_frame_013",
            "Screenshot (45)",
            "index66_frame_002",
            "index2_frame_014",
            "index71_frame_013",
            "index7_frame_008",
            "index38_frame_012",
            "Screenshot (28)"
        ],
        [
            "Alto 9",
            "Alto 35",
            "DataSetVari 36",
            "DataSetVari 97",
            "Alto 36",
            "Alto 4",
            "index23_frame_007",
            "Alto 46",
            "Alto 16",
            "DataSetVari 29",
            "Alto 73",
            "Screenshot (25)",
            "index81_frame_017",
            "Screenshot (10)",
            "Alto 6",
            "index81_frame_009",
            "index81_frame_019",
            "DataSetVari 93",
            "Alto 88",
            "DataSetVari 71",
            "Foto 227",
            "DataSetVari 45",
            "Alto 56",
            "Alto 17",
            "Screenshot (24)",
            "DataSetVari 91",
            "DataSetVari 76",
            "Screenshot (21)",
            "Alto 82",
            "DataSetVari 35",
            "DataSetVari 34",
            "DataSetVari 80",
            "DataSetVari 6",
            "index106_frame_010",
            "DataSetVari 73",
            "DataSetVari 78",
            "DataSetVari 44",
            "Alto 45",
            "index81_frame_013",
            "DataSetVari 84",
            "DataSetVari 28",
            "Alto 84",
            "Alto 50",
            "index23_frame_003"
        ],
        [
            "index18_frame_012",
            "index18_frame_015",
            "index25_frame_005",
            "Screenshot (563)",
            "index107_frame_011",
            "Screenshot (83)",
            "Screenshot (575)",
            "index72_frame_005",
            "Screenshot (553)",
            "index25_frame_002",
            "index33_frame_001",
            "index72_frame_016",
            "Screenshot (50)",
            "Foto 186",
            "Foto 181",
            "index72_frame_010",
            "index54_frame_019",
            "index4_frame_007",
            "index16_frame_013",
            "index32_frame_003",
            "index107_frame_003",
            "index32_frame_018",
            "Screenshot (57)",
            "index26_frame_012",
            "index32_frame_008",
            "DataSetVari 65",
            "Screenshot (98)",
            "index72_frame_007",
            "index4_frame_006",
            "index32_frame_009",
            "DataSetVari 54",
            "Screenshot (99)",
            "index25_frame_020",
            "index4_frame_001",
            "index33_frame_012",
            "index18_frame_014",
            "index18_frame_010",
            "Screenshot (69)",
            "index107_frame_004",
            "Screenshot (64)",
            "index54_frame_003",
            "Screenshot (104)",
            "index5_frame_005",
            "index34_frame_014"
        ],
        [
            "index67_frame_009",
            "index3_frame_013",
            "index67_frame_006",
            "index90_frame_024",
            "index3_frame_003",
            "index82_frame_007",
            "index3_frame_012",
            "index79_frame_011",
            "index90_frame_029",
            "index3_frame_019",
            "index82_frame_016",
            "index85_frame_004",
            "index90_frame_023",
            "index86_frame_009",
            "index86_frame_015",
            "index85_frame_013",
            "index90_frame_026",
            "index79_frame_014",
            "index46_frame_013",
            "index86_frame_004",
            "index86_frame_007",
            "index86_frame_006",
            "index65_frame_004",
            "index82_frame_014",
            "index86_frame_003",
            "index79_frame_009",
            "index90_frame_021",
            "Screenshot (114)",
            "index46_frame_012",
            "index67_frame_008",
            "index82_frame_008",
            "index65_frame_019",
            "index85_frame_015",
            "index65_frame_010",
