{
    "k": 22,
    "inertia_score": -106464.921875,
    "silhouette_score": 0.15886881947517395,
    "cluster_counts": [
        29,
        24,
        24,
        97,
        44,
        20,
        54,
        39,
        24,
        21,
        33,
        26,
        33,
        10,
        50,
        53,
        33,
        13,
        27,
        34,
        8,
        42
    ],
    "centroids": [
        "index80_frame_004",
        "index100_frame_004",
        "index32_frame_007",
        "index65_frame_015",
        "index102_frame_004",
        "index70_frame_008",
        "index88_frame_020",
        "index57_frame_013",
        "index20_frame_005",
        "index72_frame_013",
        "Screenshot (422)",
        "Screenshot (2)",
        "index83_frame_004",
        "index33_frame_010",
        "Alto 9",
        "Foto 77",
        "index62_frame_001",
        "index95_frame_018",
        "index71_frame_009",
        "index113_frame_003",
        "index81_frame_008",
        "index104_frame_011"
    ],
    "samples": [
        [
            "index80_frame_009",
            "index80_frame_013",
            "index80_frame_012",
            "index80_frame_017",
            "index80_frame_015",
            "index80_frame_006",
            "index80_frame_014",
            "index80_frame_007",
            "index2_frame_004",
            "index2_frame_006",
            "index80_frame_011",
            "index80_frame_008",
            "index80_frame_016",
            "index2_frame_001",
            "index80_frame_018",
            "index80_frame_019",
            "index80_frame_005",
            "index80_frame_001",
            "index80_frame_003"
        ],
        [
            "index100_frame_019",
            "index100_frame_009",
            "index100_frame_002",
            "index100_frame_015",
            "index100_frame_013",
            "index100_frame_010",
            "index100_frame_006",
            "index41_frame_017",
            "index100_frame_005",
            "index100_frame_003",
            "index100_frame_017",
            "index41_frame_018",
            "index41_frame_019",
            "index41_frame_002",
            "index41_frame_013",
            "index41_frame_016",
            "index41_frame_005",
            "index100_frame_020",
            "index41_frame_001"
        ],
        [
            "index32_frame_008",
            "index32_frame_017",
            "index32_frame_009",
            "index32_frame_018",
            "index32_frame_011",
            "index32_frame_010",
            "index32_frame_001",
            "index32_frame_006",
            "index32_frame_004",
            "index32_frame_003",
            "index32_frame_002",
            "index32_frame_016",
            "index32_frame_019",
            "index32_frame_020",
            "index32_frame_005",
            "Screenshot (521)",
            "Screenshot (518)",
            "Screenshot (517)",
            "Screenshot (534)"
        ],
        [
            "index65_frame_006",
            "index28_frame_004",
            "index65_frame_028",
            "index65_frame_004",
            "index28_frame_011",
            "index65_frame_001",
            "index28_frame_002",
            "index28_frame_020",
            "index25_frame_001",
            "index25_frame_003",
            "index26_frame_012",
            "index59_frame_013",
            "DataSetVari 56",
            "index28_frame_018",
            "index18_frame_018",
            "DataSetVari 9",
            "index26_frame_010",
            "index18_frame_006",
            "index59_frame_010"
        ],
        [
            "index102_frame_017",
            "index102_frame_016",
            "index102_frame_002",
            "index102_frame_014",
            "index102_frame_005",
            "index102_frame_018",
            "index102_frame_020",
            "index102_frame_011",
            "index102_frame_013",
            "index108_frame_018",
            "index108_frame_006",
            "index6_frame_003",
            "index6_frame_005",
            "index108_frame_005",
            "index6_frame_004",
            "index108_frame_008",
            "index108_frame_019",
            "index6_frame_010",
            "index108_frame_012"
        ],
        [
            "index70_frame_016",
            "index70_frame_010",
            "index70_frame_003",
            "index70_frame_015",
            "index70_frame_021",
            "index70_frame_001",
            "index70_frame_030",
            "index70_frame_022",
            "index70_frame_006",
            "index70_frame_009",
            "index70_frame_019",
            "index70_frame_018",
            "index70_frame_011",
            "index70_frame_024",
            "index70_frame_027",
            "index70_frame_026",
            "index70_frame_005",
            "index70_frame_023",
            "index70_frame_025"
        ],
        [
            "index88_frame_002",
            "index88_frame_006",
            "index88_frame_014",
            "index88_frame_012",
            "index88_frame_028",
            "index107_frame_011",
            "index107_frame_006",
            "index107_frame_004",
            "index107_frame_017",
            "index107_frame_002",
            "index107_frame_016",
            "index107_frame_013",
            "index107_frame_009",
            "DataSetVari 27",
            "index9_frame_016",
            "index107_frame_014",
            "index9_frame_002",
            "index14_frame_016",
            "index14_frame_007"
        ],
        [
            "index57_frame_009",
            "index57_frame_015",
            "index57_frame_020",
            "index74_frame_004",
            "index74_frame_011",
            "index57_frame_012",
            "index74_frame_010",
            "index74_frame_006",
            "index57_frame_017",
            "index57_frame_010",
            "index74_frame_012",
            "index74_frame_019",
            "index74_frame_014",
            "index57_frame_005",
            "index74_frame_008",
            "index57_frame_002",
            "index57_frame_014",
            "index74_frame_017",
            "index74_frame_009"
        ],
        [
            "index20_frame_014",
            "index20_frame_026",
            "index20_frame_006",
            "index20_frame_009",
            "index20_frame_004",
            "index20_frame_021",
            "index20_frame_013",
            "index20_frame_024",
            "index20_frame_025",
            "index20_frame_012",
            "index20_frame_022",
            "index20_frame_011",
            "index20_frame_017",
            "index20_frame_019",
            "index20_frame_008",
            "index20_frame_001",
            "index20_frame_002",
            "index20_frame_018",
            "index20_frame_016"
        ],
        [
            "index72_frame_008",
            "index72_frame_001",
            "index72_frame_029",
            "index72_frame_030",
            "index72_frame_016",
            "index72_frame_020",
            "index72_frame_022",
            "index72_frame_025",
            "index72_frame_019",
            "index72_frame_007",
            "index72_frame_017",
            "index72_frame_005",
            "index72_frame_012",
            "index72_frame_006",
            "index72_frame_015",
            "index72_frame_023",
            "index72_frame_002",
            "index72_frame_009",
            "index72_frame_027"
        ],
        [
            "Screenshot (428)",
            "Screenshot (409)",
            "Screenshot (419)",
            "Screenshot (492)",
            "Screenshot (453)",
            "Screenshot (476)",
            "Screenshot (480)",
            "Screenshot (433)",
            "Screenshot (414)",
            "Screenshot (466)",
            "DataSetVari 21",
            "Screenshot (469)",
            "Screenshot (417)",
            "Screenshot (408)",
