{
    "k": 29,
    "inertia_score": -94587.6171875,
    "silhouette_score": 0.18865880370140076,
    "cluster_counts": [
        10,
        11,
        69,
        32,
        25,
        22,
        39,
        47,
        24,
        22,
        39,
        34,
        14,
        27,
        22,
        20,
        20,
        11,
        29,
        35,
        10,
        17,
        29,
        18,
        14,
        26,
        34,
        18,
        20
    ],
    "centroids": [
        "index26_frame_018",
        "Screenshot (625)",
        "index2_frame_015",
        "Screenshot (422)",
        "Screenshot (2)",
        "index72_frame_013",
        "index57_frame_013",
        "Foto 77",
        "index20_frame_005",
        "Screenshot (369)",
        "Alto 11",
        "index28_frame_001",
        "index95_frame_018",
        "index62_frame_001",
        "index80_frame_013",
        "index70_frame_008",
        "index65_frame_006",
        "index23_frame_001",
        "index102_frame_014",
        "index32_frame_008",
        "index33_frame_010",
        "index113_frame_001",
        "index88_frame_020",
        "index86_frame_043",
        "index107_frame_016",
        "index100_frame_004",
        "index104_frame_011",
        "index18_frame_010",
        "Alto 34"
    ],
    "samples": [
        [
            "index26_frame_004",
            "index26_frame_003",
            "index26_frame_012",
            "index26_frame_015",
            "index28_frame_017",
            "index28_frame_012",
            "index26_frame_010",
            "index28_frame_014",
            "index28_frame_018"
        ],
        [
            "Screenshot (636)",
            "Screenshot (665)",
            "Screenshot (677)",
            "Screenshot (641)",
            "Screenshot (646)",
            "Screenshot (644)",
            "Screenshot (624)",
            "Screenshot (643)",
            "Screenshot (632)",
            "Screenshot (631)"
        ],
        [
            "index2_frame_016",
            "index59_frame_003",
            "index66_frame_011",
            "index83_frame_012",
            "index66_frame_014",
            "index83_frame_004",
            "index71_frame_001",
            "index83_frame_005",
            "index83_frame_009",
            "index83_frame_010",
            "index59_frame_006",
            "index59_frame_001",
            "index71_frame_010",
            "index59_frame_005",
            "index71_frame_017",
            "index71_frame_005"
        ],
        [
            "Screenshot (428)",
            "Screenshot (419)",
            "Screenshot (476)",
            "Screenshot (480)",
            "Screenshot (414)",
            "DataSetVari 21",
            "Screenshot (417)",
            "Screenshot (420)",
            "Screenshot (439)",
            "Screenshot (442)",
            "Screenshot (461)",
            "Screenshot (444)",
            "Screenshot (445)",
            "Screenshot (463)",
            "DataSetVari 25",
            "Screenshot (481)"
        ],
        [
            "Screenshot (14)",
            "Screenshot (16)",
            "Screenshot (24)",
            "Screenshot (25)",
            "Screenshot (11)",
            "Screenshot (8)",
            "Screenshot (23)",
            "Screenshot (20)",
            "Screenshot (22)",
            "Screenshot (6)",
            "Screenshot (17)",
            "Screenshot (7)",
            "Screenshot (21)",
            "Screenshot (15)",
            "Screenshot (18)",
            "Screenshot (13)"
        ],
        [
            "index72_frame_008",
            "index72_frame_001",
            "index72_frame_029",
            "index72_frame_030",
            "index72_frame_016",
            "index72_frame_020",
            "index72_frame_022",
            "index72_frame_025",
            "index72_frame_019",
            "index72_frame_007",
            "index72_frame_005",
            "index72_frame_017",
            "index72_frame_012",
            "index72_frame_006",
            "index72_frame_015",
            "index72_frame_023"
        ],
        [
            "index57_frame_009",
            "index57_frame_015",
            "index57_frame_020",
            "index74_frame_004",
            "index74_frame_011",
            "index57_frame_012",
            "index74_frame_010",
            "index74_frame_006",
            "index57_frame_017",
            "index57_frame_010",
            "index74_frame_012",
            "index74_frame_019",
            "index74_frame_014",
            "index57_frame_005",
            "index74_frame_008",
            "index57_frame_002"
        ],
        [
            "Foto 84",
            "Foto 27",
            "index30_frame_016",
            "Foto 165",
            "Foto 129",
            "Foto 122",
            "Foto 123",
            "Foto 12",
            "Foto 66",
            "Foto 34",
            "Foto 126",
            "Foto 79",
            "Foto 111",
            "Foto 30",
            "Foto 196",
            "Foto 56"
        ],
        [
            "index20_frame_014",
            "index20_frame_026",
            "index20_frame_006",
            "index20_frame_009",
            "index20_frame_004",
            "index20_frame_021",
            "index20_frame_013",
            "index20_frame_024",
            "index20_frame_025",
            "index20_frame_012",
            "index20_frame_022",
            "index20_frame_011",
            "index20_frame_017",
            "index20_frame_019",
            "index20_frame_008",
            "index20_frame_001"
        ],
        [
            "Screenshot (361)",
            "Screenshot (407)",
            "Screenshot (355)",
            "Screenshot (374)",
            "Screenshot (353)",
            "Screenshot (371)",
            "Screenshot (349)",
            "index69_frame_008",
            "index69_frame_011",
            "Screenshot (367)",
            "Screenshot (365)",
            "Screenshot (347)",
            "index69_frame_010",
            "index69_frame_009",
            "Screenshot (357)",
            "index69_frame_005"
        ],
        [
            "Alto 9",
            "Alto 10",
            "DataSetVari 34",
            "DataSetVari 41",
            "DataSetVari 33",
            "Alto 52",
            "DataSetVari 1",
            "Alto 53",
            "Alto 12",
            "DataSetVari 29",
            "Alto 48",
            "DataSetVari 37",
            "Alto 6",
            "Alto 5",
            "DataSetVari 77",
            "DataSetVari 82"
        ],
        [
            "index28_frame_007",
            "index28_frame_004",
            "index28_frame_011",
            "index28_frame_008",
            "index28_frame_006",
            "index28_frame_020",
            "index25_frame_006",
            "index25_frame_001",
            "DataSetVari 58",
            "DataSetVari 54",
            "DataSetVari 3",
            "DataSetVari 9",
            "DataSetVari 64",
            "index108_frame_003",
            "DataSetVari 65",
            "DataSetVari 57"
        ],
        [
            "index95_frame_014",
            "index95_frame_004",
            "index95_frame_009",
            "index95_frame_017",
            "index95_frame_011",
            "index95_frame_012",
            "index95_frame_008",
            "index95_frame_020",
            "index95_frame_003",
            "index95_frame_005",
            "index95_frame_002",
            "index95_frame_001",
            "index9_frame_019"
        ],
        [
            "index62_frame_018",
            "index62_frame_025",
            "index62_frame_024",
            "index62_frame_006",
            "index62_frame_021",
            "index62_frame_002",
            "index62_frame_017",
            "index62_frame_027",
            "index62_frame_013",
            "index62_frame_014",
            "index62_frame_003",
            "index62_frame_028",
