{
    "k": 19,
    "inertia_score": -269190.28125,
    "silhouette_score": 0.0980742946267128,
    "cluster_counts": [
        44,
        69,
        89,
        102,
        124,
        139,
        56,
        40,
        52,
        82,
        47,
        69,
        106,
        47,
        74,
        120,
        81,
        90,
        67
    ],
    "centroids": [
        "index41_frame_005",
        "index90_frame_003",
        "index104_frame_015",
        "Screenshot (193)",
        "index66_frame_007",
        "Alto 78",
        "Screenshot (25)",
        "index57_frame_009",
        "Foto 118",
        "Screenshot (563)",
        "index20_frame_014",
        "index72_frame_006",
        "Screenshot (160)",
        "index70_frame_007",
        "index107_frame_011",
        "Foto 202",
        "index67_frame_009",
        "Screenshot (428)",
        "Screenshot (291)"
    ],
    "samples": [
        [
            "index41_frame_001",
            "index100_frame_002",
            "index100_frame_017",
            "index41_frame_008",
            "index100_frame_004",
            "index100_frame_015",
            "index100_frame_010",
            "index41_frame_016",
            "index41_frame_019",
            "index41_frame_018",
            "index28_frame_009",
            "index28_frame_004",
            "index28_frame_006",
            "index28_frame_010",
            "index28_frame_011",
            "index28_frame_003",
            "index28_frame_002",
            "DataSetVari 55",
            "index28_frame_012",
            "DataSetVari 26",
            "DataSetVari 57"
        ],
        [
            "index90_frame_006",
            "index90_frame_016",
            "index109_frame_014",
            "index90_frame_010",
            "index90_frame_001",
            "index109_frame_015",
            "index90_frame_018",
            "index83_frame_004",
            "index83_frame_015",
            "index109_frame_016",
            "index83_frame_003",
            "index90_frame_002",
            "index109_frame_011",
            "index83_frame_010",
            "index109_frame_010",
            "index2_frame_018",
            "DataSetVari 56",
            "index109_frame_020",
            "index2_frame_012",
            "DataSetVari 54",
            "Screenshot (531)"
        ],
        [
            "index102_frame_003",
            "index104_frame_019",
            "index104_frame_010",
            "index102_frame_018",
            "index102_frame_008",
            "index102_frame_007",
            "index102_frame_005",
            "index6_frame_005",
            "index104_frame_004",
            "index6_frame_012",
            "Screenshot (640)",
            "Screenshot (665)",
            "Screenshot (621)",
            "Screenshot (639)",
            "Screenshot (670)",
            "index108_frame_006",
            "Screenshot (632)",
            "Alto 26",
            "index108_frame_011",
            "Screenshot (522)",
            "DataSetVari 59"
        ],
        [
            "Screenshot (192)",
            "Screenshot (175)",
            "Screenshot (191)",
            "Screenshot (199)",
            "Screenshot (184)",
            "index80_frame_001",
            "index88_frame_004",
            "index80_frame_017",
            "index80_frame_014",
            "index80_frame_009",
            "index2_frame_004",
            "index80_frame_013",
            "Screenshot (355)",
            "index80_frame_016",
            "index69_frame_011",
            "index88_frame_012",
            "index92_frame_018",
            "index69_frame_008",
            "index92_frame_019",
            "index88_frame_020",
            "index80_frame_010"
        ],
        [
            "Screenshot (247)",
            "index66_frame_012",
            "Screenshot (216)",
            "Screenshot (225)",
            "Screenshot (205)",
            "Screenshot (243)",
            "index38_frame_005",
            "index38_frame_020",
            "index83_frame_008",
            "Screenshot (241)",
            "Screenshot (231)",
            "Screenshot (38)",
            "index38_frame_013",
            "index25_frame_005",
            "index38_frame_003",
            "index25_frame_001",
            "index59_frame_012",
            "index38_frame_001",
            "Foto 43",
            "index59_frame_014",
            "DataSetVari 62"
        ],
        [
            "Alto 9",
            "DataSetVari 41",
            "DataSetVari 40",
            "Alto 39",
            "DataSetVari 42",
            "Alto 38",
            "index23_frame_015",
            "Alto 72",
            "index23_frame_012",
            "Alto 4",
            "Alto 46",
            "Alto 82",
            "Alto 64",
            "index81_frame_017",
            "DataSetVari 76",
            "Alto 31",
            "DataSetVari 93",
            "Alto 88",
            "Alto 30",
            "DataSetVari 79",
            "DataSetVari 12"
        ],
        [
            "Screenshot (2)",
            "Screenshot (8)",
            "Screenshot (14)",
            "Screenshot (10)",
            "Screenshot (23)",
            "Screenshot (17)",
            "Screenshot (22)",
            "Screenshot (9)",
            "Screenshot (7)",
            "Screenshot (18)",
            "DataSetVari 32",
            "Alto 60",
            "Alto 12",
            "DataSetVari 44",
            "Alto 61",
            "Alto 49",
            "Alto 57",
            "Foto 19",
            "Alto 59",
            "Alto 7",
            "Alto 50"
        ],
        [
            "index57_frame_013",
            "index57_frame_007",
            "index57_frame_015",
            "index57_frame_006",
            "index57_frame_020",
            "index57_frame_018",
            "index74_frame_004",
            "index57_frame_004",
            "index74_frame_011",
            "index57_frame_016",
            "index57_frame_012",
            "index74_frame_007",
            "index74_frame_010",
            "index74_frame_018",
            "index57_frame_008",
            "index74_frame_006",
            "index57_frame_017",
            "index74_frame_016",
            "index57_frame_011",
            "index57_frame_010",
            "index57_frame_003"
        ],
        [
            "Foto 129",
            "Foto 130",
            "Foto 127",
            "Foto 117",
            "Foto 223",
            "Foto 224",
            "Foto 116",
            "Foto 113",
            "Foto 124",
            "Foto 114",
            "Foto 147",
            "Foto 120",
            "Foto 158",
            "Foto 214",
            "Foto 132",
            "Foto 143",
            "Foto 139",
            "Foto 111",
            "Foto 159",
            "Foto 137",
            "Foto 123"
        ],
        [
            "Screenshot (551)",
            "Screenshot (582)",
            "Foto 183",
            "Screenshot (548)",
            "Screenshot (547)",
            "Screenshot (574)",
            "Screenshot (545)",
            "index18_frame_006",
            "Foto 185",
            "Foto 182",
            "Foto 184",
            "Screenshot (549)",
            "Foto 186",
            "index16_frame_016",
            "Screenshot (564)",
            "Foto 180",
            "Screenshot (595)",
            "Screenshot (590)",
            "index16_frame_004",
            "Foto 176",
            "index16_frame_010"
        ],
        [
            "index20_frame_005",
            "index20_frame_017",
            "index20_frame_009",
            "index62_frame_009",
            "index62_frame_007",
            "index62_frame_020",
            "index20_frame_022",
            "index20_frame_025",
            "index20_frame_006",
            "index62_frame_019",
            "index62_frame_006",
            "index20_frame_011",
            "index20_frame_001",
            "index62_frame_005",
            "index20_frame_019",
