{
    "k": 15,
    "inertia_score": -119799.765625,
    "silhouette_score": 0.1382281333208084,
    "cluster_counts": [
        61,
        81,
        39,
        42,
        58,
        51,
        33,
        41,
        73,
        68,
        20,
        39,
        90,
        26,
        16
    ],
    "centroids": [
        "Foto 77",
        "index2_frame_015",
        "index57_frame_013",
        "Screenshot (422)",
        "Alto 9",
        "index102_frame_017",
        "index104_frame_011",
        "index62_frame_001",
        "index72_frame_001",
        "index2_frame_006",
        "index70_frame_008",
        "index20_frame_014",
        "index28_frame_007",
        "Screenshot (2)",
        "index32_frame_018"
    ],
    "samples": [
        [
            "index18_frame_012",
            "index18_frame_010",
            "index18_frame_015",
            "Foto 141",
            "index18_frame_008",
            "Foto 84",
            "Foto 206",
            "Foto 27",
            "Foto 163",
            "index16_frame_004",
            "index16_frame_003",
            "index16_frame_010",
            "Foto 34",
            "Foto 129",
            "Foto 100",
            "index16_frame_013",
            "Foto 79",
            "Foto 126",
            "Foto 66",
            "Foto 200",
            "Foto 113",
            "Foto 11",
            "Foto 207"
        ],
        [
            "index2_frame_016",
            "index83_frame_015",
            "index66_frame_013",
            "index2_frame_019",
            "index71_frame_002",
            "index66_frame_004",
            "index83_frame_012",
            "index66_frame_009",
            "index71_frame_009",
            "index71_frame_001",
            "index71_frame_014",
            "index83_frame_009",
            "index83_frame_010",
            "index71_frame_004",
            "index113_frame_003",
            "index71_frame_010",
            "index59_frame_001",
            "index113_frame_012",
            "index59_frame_005",
            "index59_frame_010",
            "index113_frame_001",
            "index113_frame_015",
            "index59_frame_008"
        ],
        [
            "index57_frame_009",
            "index57_frame_007",
            "index57_frame_015",
            "index57_frame_006",
            "index57_frame_020",
            "index57_frame_018",
            "index74_frame_004",
            "index57_frame_004",
            "index74_frame_011",
            "index57_frame_016",
            "index57_frame_012",
            "index74_frame_007",
            "index74_frame_010",
            "index74_frame_018",
            "index74_frame_006",
            "index74_frame_016",
            "index57_frame_017",
            "index57_frame_011",
            "index57_frame_010",
            "index57_frame_003",
            "index74_frame_012",
            "index74_frame_003",
            "index74_frame_019"
        ],
        [
            "Screenshot (428)",
            "Screenshot (492)",
            "Screenshot (409)",
            "Screenshot (476)",
            "Screenshot (419)",
            "Screenshot (480)",
            "Screenshot (433)",
            "Screenshot (414)",
            "DataSetVari 21",
            "Screenshot (453)",
            "Screenshot (469)",
            "Screenshot (466)",
            "Screenshot (408)",
            "Screenshot (420)",
            "Screenshot (417)",
            "Screenshot (439)",
            "Screenshot (447)",
            "Screenshot (410)",
            "Screenshot (461)",
            "Screenshot (455)",
            "Screenshot (413)",
            "Screenshot (438)",
            "Screenshot (442)"
        ],
        [
            "Alto 33",
            "Alto 35",
            "Alto 39",
            "Alto 44",
            "Alto 43",
            "DataSetVari 28",
            "DataSetVari 34",
            "Alto 37",
            "DataSetVari 33",
            "Alto 42",
            "DataSetVari 36",
            "Alto 4",
            "DataSetVari 1",
            "Alto 12",
            "index81_frame_017",
            "DataSetVari 12",
            "DataSetVari 29",
            "Alto 53",
            "index81_frame_009",
            "Alto 50",
            "index81_frame_013",
            "index81_frame_008",
            "Alto 5"
        ],
        [
            "index102_frame_004",
            "index102_frame_016",
            "index102_frame_002",
            "index102_frame_001",
            "index102_frame_005",
            "index102_frame_018",
            "index102_frame_008",
            "index102_frame_011",
            "index108_frame_009",
            "index108_frame_018",
            "index108_frame_006",
            "index108_frame_005",
            "index6_frame_006",
            "index6_frame_020",
            "index108_frame_019",
            "index108_frame_008",
            "index108_frame_001",
            "index6_frame_013",
            "index108_frame_012",
            "index6_frame_009",
            "index6_frame_017",
            "Screenshot (517)",
            "Screenshot (631)"
        ],
        [
            "Screenshot (640)",
            "index104_frame_015",
            "index104_frame_002",
            "index104_frame_019",
            "index104_frame_003",
            "index104_frame_020",
            "index104_frame_010",
            "index104_frame_001",
            "Screenshot (673)",
            "Screenshot (637)",
            "index104_frame_018",
            "Screenshot (621)",
            "index104_frame_016",
            "Screenshot (639)",
            "index104_frame_004",
            "Screenshot (625)",
            "Screenshot (675)",
            "Screenshot (641)",
            "index104_frame_006",
            "Screenshot (670)",
            "Screenshot (674)",
            "Screenshot (644)",
            "Screenshot (677)"
        ],
        [
            "index62_frame_018",
            "index62_frame_025",
            "index62_frame_006",
            "index62_frame_024",
            "index62_frame_002",
            "index62_frame_027",
            "index62_frame_021",
            "index62_frame_017",
            "index62_frame_013",
            "index62_frame_003",
            "index62_frame_014",
            "index62_frame_010",
            "index62_frame_028",
            "index62_frame_012",
            "index62_frame_016",
            "index62_frame_022",
            "index62_frame_011",
            "index62_frame_023",
            "index62_frame_030",
            "index62_frame_029",
            "index9_frame_011",
            "index9_frame_002",
            "index23_frame_022"
        ],
        [
            "index72_frame_013",
            "index72_frame_025",
            "index72_frame_020",
            "index72_frame_022",
            "index72_frame_012",
            "index72_frame_015",
            "index72_frame_019",
            "index72_frame_009",
            "index88_frame_006",
            "index95_frame_020",
            "index107_frame_011",
            "index88_frame_008",
            "index107_frame_002",
            "index95_frame_003",
            "index9_frame_016",
            "index107_frame_007",
            "index107_frame_020",
            "index95_frame_017",
            "index107_frame_014",
            "index107_frame_018",
            "DataSetVari 27",
            "index107_frame_003",
            "index108_frame_014"
        ],
        [
            "index80_frame_004",
            "index80_frame_017",
            "index80_frame_006",
            "index80_frame_009",
            "index80_frame_018",
            "index80_frame_015",
            "index2_frame_001",
            "index80_frame_005",
            "index69_frame_011",
            "index69_frame_008",
            "index80_frame_019",
            "index2_frame_020",
            "index80_frame_011",
            "index69_frame_009",
            "Screenshot (374)",
