{
    "k": 23,
    "inertia_score": -103465.046875,
    "silhouette_score": 0.17016680538654327,
    "cluster_counts": [
        42,
        41,
        42,
        39,
        35,
        23,
        42,
        17,
        26,
        22,
        16,
        24,
        21,
        52,
        20,
        18,
        24,
        15,
        36,
        62,
        25,
        58,
        38
    ],
    "centroids": [
        "index102_frame_004",
        "index65_frame_006",
        "Screenshot (422)",
        "index57_frame_013",
        "Alto 35",
        "index95_frame_020",
        "index104_frame_011",
        "index113_frame_001",
        "index100_frame_004",
        "index80_frame_013",
        "index32_frame_018",
        "index20_frame_005",
        "index62_frame_001",
        "index88_frame_020",
        "index70_frame_008",
        "index86_frame_043",
        "Screenshot (2)",
        "index107_frame_016",
        "index28_frame_004",
        "index2_frame_015",
        "Alto 52",
        "Foto 77",
        "index72_frame_013"
    ],
    "samples": [
        [
            "index102_frame_017",
            "index102_frame_002",
            "index102_frame_003",
            "index102_frame_014",
            "index102_frame_005",
            "index102_frame_018",
            "index102_frame_020",
            "index102_frame_011",
            "index102_frame_013",
            "index108_frame_018",
            "index6_frame_006",
            "index6_frame_003",
            "index6_frame_005",
            "index108_frame_005",
            "index6_frame_004",
            "index108_frame_008",
            "index6_frame_013",
            "index108_frame_001",
            "index108_frame_012"
        ],
        [
            "index65_frame_015",
            "index65_frame_008",
            "index65_frame_011",
            "index65_frame_007",
            "index65_frame_018",
            "index65_frame_016",
            "index65_frame_010",
            "index65_frame_026",
            "index66_frame_014",
            "index66_frame_013",
            "index66_frame_009",
            "index66_frame_004",
            "index66_frame_003",
            "index65_frame_022",
            "index65_frame_030",
            "index25_frame_005",
            "index25_frame_001",
            "index25_frame_006",
            "index9_frame_015"
        ],
        [
            "Screenshot (428)",
            "Screenshot (409)",
            "Screenshot (419)",
            "Screenshot (433)",
            "DataSetVari 21",
            "Screenshot (469)",
            "Screenshot (408)",
            "Screenshot (417)",
            "Screenshot (447)",
            "Screenshot (461)",
            "Screenshot (413)",
            "Screenshot (442)",
            "Screenshot (445)",
            "index106_frame_002",
            "index106_frame_004",
            "index106_frame_005",
            "index106_frame_007",
            "index106_frame_001",
            "index106_frame_011"
        ],
        [
            "index57_frame_009",
            "index57_frame_015",
            "index57_frame_020",
            "index74_frame_004",
            "index74_frame_011",
            "index57_frame_012",
            "index74_frame_010",
            "index74_frame_006",
            "index57_frame_017",
            "index57_frame_010",
            "index74_frame_012",
            "index74_frame_019",
            "index74_frame_014",
            "index57_frame_005",
            "index74_frame_008",
            "index57_frame_002",
            "index57_frame_014",
            "index74_frame_017",
            "index74_frame_009"
        ],
        [
            "Alto 34",
            "Alto 33",
            "Alto 44",
            "Alto 40",
            "Alto 43",
            "Alto 39",
            "Alto 36",
            "Alto 38",
            "Alto 41",
            "Alto 9",
            "Alto 37",
            "DataSetVari 33",
            "DataSetVari 34",
            "Alto 42",
            "DataSetVari 41",
            "DataSetVari 28",
            "Alto 8",
            "DataSetVari 40",
            "Alto 11"
        ],
        [
            "index95_frame_004",
            "index95_frame_018",
            "index95_frame_002",
            "index95_frame_014",
            "index95_frame_003",
            "index95_frame_008",
            "index95_frame_005",
            "index95_frame_001",
            "index95_frame_009",
            "index95_frame_011",
            "index95_frame_017",
            "index95_frame_012",
            "index33_frame_010",
            "index33_frame_001",
            "index33_frame_011",
            "index33_frame_003",
            "index33_frame_006",
            "index33_frame_008",
            "index33_frame_004"
        ],
        [
            "index104_frame_015",
            "index104_frame_003",
            "index104_frame_010",
            "Screenshot (640)",
            "Screenshot (625)",
            "Screenshot (621)",
            "index104_frame_004",
            "Screenshot (639)",
            "index104_frame_006",
            "Screenshot (677)",
            "Screenshot (670)",
            "Screenshot (636)",
            "Screenshot (674)",
            "Screenshot (624)",
            "Screenshot (643)",
            "Screenshot (631)",
            "index104_frame_005",
            "index104_frame_012",
            "Screenshot (522)"
        ],
        [
            "index113_frame_003",
            "index113_frame_012",
            "index113_frame_007",
            "index113_frame_005",
            "index113_frame_013",
            "index113_frame_008",
            "index113_frame_011",
            "index113_frame_004",
            "index113_frame_017",
            "index113_frame_018",
            "index113_frame_009",
            "index113_frame_015",
            "index113_frame_019",
            "index113_frame_020",
            "index113_frame_002",
            "index73_frame_007"
        ],
        [
            "index100_frame_002",
            "index100_frame_009",
            "index100_frame_019",
            "index100_frame_015",
            "index100_frame_013",
            "index100_frame_010",
            "index100_frame_006",
            "index41_frame_017",
            "index41_frame_018",
            "index41_frame_019",
            "index100_frame_005",
            "index100_frame_017",
            "index100_frame_003",
            "index41_frame_002",
            "index41_frame_013",
            "index41_frame_016",
            "index41_frame_005",
            "index100_frame_020",
            "index41_frame_001"
        ],
        [
            "index80_frame_009",
            "index80_frame_004",
            "index80_frame_015",
            "index80_frame_014",
            "index80_frame_017",
            "index80_frame_012",
            "index80_frame_006",
            "index80_frame_007",
            "index80_frame_011",
            "index80_frame_008",
            "index80_frame_016",
            "index2_frame_006",
            "index80_frame_018",
            "index2_frame_004",
            "index80_frame_005",
            "index2_frame_001",
            "index80_frame_019",
            "index80_frame_001",
            "index80_frame_003"
        ],
        [
            "index32_frame_017",
            "index32_frame_008",
            "index32_frame_010",
            "index32_frame_007",
            "index32_frame_009",
            "index32_frame_004",
            "index32_frame_011",
            "index32_frame_001",
            "index32_frame_003",
            "index32_frame_006",
            "index32_frame_016",
            "index32_frame_002",
            "index32_frame_019",
            "index32_frame_005",
            "index32_frame_020"
        ],
        [
            "index20_frame_014",
            "index20_frame_026",
            "index20_frame_006",
            "index20_frame_009",
