{
    "k": 20,
    "inertia_score": -109475.171875,
    "silhouette_score": 0.15958750247955322,
    "cluster_counts": [
        82,
        54,
        33,
        70,
        14,
        58,
        26,
        51,
        42,
        37,
        39,
        47,
        24,
        26,
        16,
        13,
        51,
        18,
        20,
        17
    ],
    "centroids": [
        "index65_frame_015",
        "index104_frame_011",
        "Screenshot (422)",
        "index2_frame_016",
        "index107_frame_016",
        "Alto 9",
        "index100_frame_004",
        "index72_frame_001",
        "index62_frame_018",
        "index102_frame_017",
        "index57_frame_013",
        "index88_frame_020",
        "index20_frame_005",
        "Screenshot (2)",
        "index32_frame_018",
        "index95_frame_018",
        "Foto 77",
        "index86_frame_043",
        "index70_frame_008",
        "index113_frame_001"
    ],
    "samples": [
        [
            "index65_frame_006",
            "index65_frame_007",
            "index28_frame_004",
            "index65_frame_002",
            "index28_frame_001",
            "index28_frame_007",
            "index28_frame_011",
            "index26_frame_004",
            "index25_frame_004",
            "index28_frame_014",
            "index18_frame_012",
            "DataSetVari 66",
            "index28_frame_018",
            "DataSetVari 9",
            "index9_frame_015",
            "index18_frame_018",
            "index9_frame_016",
            "index18_frame_008",
            "index33_frame_006",
            "DataSetVari 11"
        ],
        [
            "index104_frame_015",
            "index104_frame_020",
            "index104_frame_010",
            "Screenshot (640)",
            "index104_frame_001",
            "Screenshot (637)",
            "index104_frame_004",
            "index104_frame_016",
            "index104_frame_006",
            "Screenshot (675)",
            "Screenshot (641)",
            "index6_frame_006",
            "Screenshot (636)",
            "index6_frame_020",
            "index6_frame_004",
            "index106_frame_014",
            "index6_frame_010",
            "Screenshot (646)",
            "index106_frame_002",
            "index106_frame_005"
        ],
        [
            "Screenshot (428)",
            "Screenshot (409)",
            "Screenshot (419)",
            "Screenshot (492)",
            "Screenshot (453)",
            "Screenshot (476)",
            "Screenshot (480)",
            "Screenshot (433)",
            "Screenshot (414)",
            "Screenshot (466)",
            "DataSetVari 21",
            "Screenshot (469)",
            "Screenshot (417)",
            "Screenshot (408)",
            "Screenshot (420)",
            "Screenshot (447)",
            "Screenshot (439)",
            "Screenshot (455)",
            "Screenshot (442)",
            "Screenshot (410)"
        ],
        [
            "index80_frame_004",
            "index2_frame_014",
            "index80_frame_006",
            "index69_frame_011",
            "index80_frame_015",
            "index80_frame_001",
            "index83_frame_005",
            "index2_frame_001",
            "index83_frame_004",
            "index80_frame_005",
            "index2_frame_012",
            "index2_frame_009",
            "index2_frame_011",
            "index80_frame_003",
            "index80_frame_011",
            "Screenshot (371)",
            "index69_frame_007",
            "index69_frame_010",
            "index83_frame_010",
            "index69_frame_001"
        ],
        [
            "index107_frame_006",
            "index107_frame_004",
            "index107_frame_002",
            "index107_frame_018",
            "index107_frame_020",
            "index107_frame_007",
            "index107_frame_017",
            "index107_frame_013",
            "index107_frame_011",
            "index107_frame_003",
            "index107_frame_009",
            "index107_frame_014",
            "index108_frame_002"
        ],
        [
            "Alto 33",
            "Alto 35",
            "Alto 39",
            "Alto 44",
            "Alto 43",
            "DataSetVari 28",
            "DataSetVari 34",
            "Alto 37",
            "DataSetVari 33",
            "Alto 42",
            "DataSetVari 36",
            "Alto 4",
            "DataSetVari 1",
            "Alto 12",
            "index81_frame_017",
            "DataSetVari 12",
            "DataSetVari 29",
            "Alto 53",
            "index81_frame_009",
            "Alto 50"
        ],
        [
            "index100_frame_002",
            "index100_frame_009",
            "index100_frame_019",
            "index100_frame_015",
            "index100_frame_013",
            "index100_frame_010",
            "index100_frame_006",
            "index41_frame_017",
            "index41_frame_018",
            "index41_frame_019",
            "index100_frame_005",
            "index100_frame_017",
            "index100_frame_003",
            "index41_frame_002",
            "index41_frame_013",
            "index41_frame_016",
            "index41_frame_005",
            "index100_frame_020",
            "index41_frame_001",
            "index100_frame_001"
        ],
        [
            "index72_frame_013",
            "index72_frame_016",
            "index72_frame_029",
            "index72_frame_025",
            "index72_frame_022",
            "index59_frame_003",
            "index72_frame_020",
            "index66_frame_013",
            "index72_frame_002",
            "index66_frame_007",
            "index72_frame_023",
            "index66_frame_014",
            "index66_frame_004",
            "index72_frame_028",
            "index66_frame_008",
            "index72_frame_009",
            "index72_frame_027",
            "index59_frame_013",
            "index66_frame_005",
            "index66_frame_002"
        ],
        [
            "index62_frame_001",
            "index62_frame_006",
            "index62_frame_003",
            "index62_frame_002",
            "index62_frame_014",
            "index62_frame_016",
            "index62_frame_021",
            "index62_frame_017",
            "index62_frame_028",
            "index71_frame_001",
            "index71_frame_012",
            "index71_frame_009",
            "index71_frame_011",
            "index71_frame_004",
            "index71_frame_013",
            "index71_frame_007",
            "index71_frame_017",
            "index71_frame_006",
            "index30_frame_005",
            "index23_frame_022"
        ],
        [
            "index102_frame_002",
            "index102_frame_016",
            "index102_frame_004",
            "index102_frame_003",
            "index102_frame_005",
            "index102_frame_006",
            "index102_frame_012",
            "index102_frame_020",
            "index108_frame_004",
            "index102_frame_007",
            "index108_frame_006",
            "index102_frame_014",
            "index108_frame_016",
            "index108_frame_009",
            "index102_frame_018",
            "index102_frame_010",
            "index102_frame_001",
            "DataSetVari 46",
            "index108_frame_018",
            "index102_frame_011"
        ],
        [
            "index57_frame_009",
            "index57_frame_007",
            "index57_frame_015",
            "index57_frame_006",
            "index57_frame_020",
            "index57_frame_018",
            "index74_frame_004",
            "index57_frame_004",
            "index74_frame_011",
            "index57_frame_016",
            "index57_frame_012",
            "index74_frame_007",
            "index74_frame_010",
            "index74_frame_018",
            "index74_frame_006",
            "index74_frame_016",
            "index57_frame_017",
