{
    "k": 27,
    "inertia_score": -246493.640625,
    "silhouette_score": 0.11711619049310684,
    "cluster_counts": [
        22,
        88,
        32,
        88,
        40,
        86,
        108,
        41,
        62,
        67,
        77,
        59,
        59,
        66,
        80,
        54,
        48,
        34,
        32,
        58,
        44,
        30,
        60,
        31,
        61,
        27,
        44
    ],
    "centroids": [
        "index32_frame_017",
        "Screenshot (303)",
        "index104_frame_011",
        "Alto 78",
        "index57_frame_009",
        "Foto 202",
        "index67_frame_009",
        "Alto 69",
        "Screenshot (541)",
        "index62_frame_008",
        "index2_frame_006",
        "Screenshot (89)",
        "index102_frame_017",
        "Screenshot (422)",
        "index38_frame_006",
        "index90_frame_003",
        "Foto 220",
        "Screenshot (24)",
        "Screenshot (682)",
        "Screenshot (206)",
        "index41_frame_005",
        "Alto 57",
        "index20_frame_014",
        "Foto 118",
        "Screenshot (266)",
        "index72_frame_006",
        "Screenshot (190)"
    ],
    "samples": [
        [
            "index32_frame_008",
            "index32_frame_018",
            "index32_frame_015",
            "index32_frame_007",
            "index32_frame_016",
            "index32_frame_006",
            "index32_frame_010",
            "index32_frame_001",
            "index32_frame_004",
            "index32_frame_003",
            "index32_frame_009",
            "index32_frame_011",
            "index32_frame_002",
            "index32_frame_014",
            "index32_frame_019",
            "index32_frame_013",
            "index32_frame_005"
        ],
        [
            "Screenshot (292)",
            "Screenshot (306)",
            "Screenshot (290)",
            "Screenshot (319)",
            "Screenshot (289)",
            "index83_frame_007",
            "Screenshot (36)",
            "index83_frame_006",
            "index83_frame_014",
            "index83_frame_005",
            "Screenshot (321)",
            "index66_frame_015",
            "index2_frame_018",
            "Foto 24",
            "Foto 43",
            "Screenshot (28)",
            "Screenshot (26)"
        ],
        [
            "Screenshot (640)",
            "index104_frame_015",
            "index104_frame_019",
            "index104_frame_002",
            "index104_frame_003",
            "index104_frame_020",
            "index104_frame_010",
            "index104_frame_001",
            "Screenshot (673)",
            "index104_frame_018",
            "Screenshot (637)",
            "Screenshot (621)",
            "Screenshot (639)",
            "index104_frame_016",
            "index104_frame_004",
            "Screenshot (675)",
            "Screenshot (625)"
        ],
        [
            "index23_frame_009",
            "Alto 80",
            "index23_frame_013",
            "index23_frame_007",
            "index23_frame_011",
            "DataSetVari 28",
            "index23_frame_001",
            "Alto 10",
            "Alto 85",
            "Alto 83",
            "Alto 3",
            "Alto 2",
            "DataSetVari 76",
            "Alto 52",
            "DataSetVari 82",
            "DataSetVari 70",
            "Alto 17"
        ],
        [
            "index57_frame_013",
            "index57_frame_015",
            "index57_frame_020",
            "index74_frame_004",
            "index74_frame_011",
            "index57_frame_012",
            "index74_frame_010",
            "index57_frame_008",
            "index57_frame_017",
            "index57_frame_011",
            "index57_frame_003",
            "index74_frame_012",
            "index74_frame_014",
            "index74_frame_020",
            "index57_frame_005",
            "index57_frame_002",
            "index57_frame_001"
        ],
        [
            "Foto 198",
            "Foto 100",
            "Foto 204",
            "Foto 35",
            "Foto 107",
            "Foto 37",
            "Foto 40",
            "Foto 151",
            "Foto 2",
            "Foto 47",
            "Foto 34",
            "Foto 94",
            "Foto 218",
            "Foto 145",
            "index94_frame_006",
            "Foto 67",
            "Foto 58"
        ],
        [
            "index67_frame_010",
            "index67_frame_007",
            "index82_frame_002",
            "index3_frame_002",
            "index82_frame_012",
            "index85_frame_016",
            "index82_frame_015",
            "index85_frame_009",
            "index86_frame_001",
            "index90_frame_022",
            "index86_frame_017",
            "Screenshot (114)",
            "index65_frame_007",
            "index85_frame_010",
            "index65_frame_015",
            "index46_frame_014",
            "index86_frame_005"
        ],
        [
            "Alto 72",
            "Alto 73",
            "Alto 71",
            "Alto 68",
            "index106_frame_010",
            "Alto 65",
            "Screenshot (524)",
            "index81_frame_009",
            "Alto 63",
            "index81_frame_018",
            "Alto 75",
            "index81_frame_003",
            "Alto 67",
            "index81_frame_002",
            "DataSetVari 86",
            "DataSetVari 98",
            "DataSetVari 101"
        ],
        [
            "Screenshot (551)",
            "Screenshot (582)",
            "Screenshot (581)",
            "Screenshot (574)",
            "Screenshot (557)",
            "Screenshot (545)",
            "Foto 188",
            "index4_frame_009",
            "Screenshot (544)",
            "Foto 185",
            "index18_frame_010",
            "Foto 184",
            "Foto 182",
            "index4_frame_003",
            "index4_frame_018",
            "index18_frame_002",
            "index18_frame_014"
        ],
        [
            "Screenshot (57)",
            "Screenshot (50)",
            "index62_frame_012",
            "index62_frame_013",
            "index62_frame_020",
            "index33_frame_010",
            "Screenshot (59)",
            "index33_frame_009",
            "index20_frame_018",
            "index33_frame_011",
            "index9_frame_003",
            "index62_frame_010",
            "index33_frame_012",
            "index33_frame_002",
            "Screenshot (58)",
            "index19_frame_011",
            "index62_frame_007"
        ],
        [
            "index80_frame_004",
            "index80_frame_017",
            "index80_frame_005",
            "index80_frame_013",
            "index70_frame_004",
            "index70_frame_008",
            "index70_frame_003",
            "Screenshot (374)",
            "Screenshot (371)",
            "index92_frame_018",
            "index70_frame_009",
            "index80_frame_016",
            "index88_frame_010",
            "index92_frame_006",
            "index70_frame_012",
            "index70_frame_013",
            "index69_frame_001"
        ],
        [
            "Screenshot (83)",
            "Screenshot (95)",
            "Screenshot (87)",
            "index107_frame_011",
            "index66_frame_016",
            "index66_frame_008",
            "index66_frame_006",
            "index66_frame_001",
            "index107_frame_020",
            "index107_frame_016",
            "Screenshot (104)",
            "Screenshot (100)",
            "index66_frame_002",
            "index26_frame_003",
            "index26_frame_015",
            "index107_frame_003",
            "index26_frame_010"
        ],
        [
            "index102_frame_004",
            "index102_frame_006",
            "index102_frame_001",
            "index102_frame_010",
            "index102_frame_008",
            "index108_frame_009",
