{
    "k": 16,
    "inertia_score": -117890.296875,
    "silhouette_score": 0.1394485980272293,
    "cluster_counts": [
        45,
        10,
        71,
        70,
        43,
        26,
        17,
        20,
        80,
        62,
        88,
        60,
        39,
        26,
        58,
        23
    ],
    "centroids": [
        "index108_frame_016",
        "index33_frame_010",
        "index62_frame_018",
        "index65_frame_006",
        "Screenshot (422)",
        "Screenshot (2)",
        "index113_frame_001",
        "index70_frame_008",
        "index72_frame_025",
        "index104_frame_015",
        "index2_frame_016",
        "Foto 77",
        "index57_frame_013",
        "index100_frame_004",
        "Alto 9",
        "index20_frame_005"
    ],
    "samples": [
        [
            "index32_frame_008",
            "index32_frame_007",
            "index108_frame_005",
            "index108_frame_007",
            "index108_frame_019",
            "index32_frame_009",
            "index32_frame_017",
            "index108_frame_018",
            "index32_frame_010",
            "index108_frame_012",
            "index32_frame_001",
            "index108_frame_001",
            "index108_frame_002",
            "index107_frame_011",
            "index107_frame_020",
            "index32_frame_005",
            "index32_frame_020",
            "index107_frame_013",
            "index107_frame_004",
            "index107_frame_009",
            "Screenshot (572)",
            "Screenshot (522)"
        ],
        [
            "index33_frame_011",
            "index33_frame_006",
            "index33_frame_003",
            "index33_frame_001",
            "index33_frame_016",
            "index33_frame_004",
            "index33_frame_002",
            "index33_frame_009",
            "index33_frame_008"
        ],
        [
            "index62_frame_001",
            "index62_frame_027",
            "index62_frame_003",
            "index62_frame_022",
            "index88_frame_002",
            "index62_frame_013",
            "index88_frame_006",
            "index62_frame_011",
            "index62_frame_014",
            "index62_frame_010",
            "index62_frame_023",
            "index9_frame_002",
            "index14_frame_017",
            "index9_frame_004",
            "index9_frame_003",
            "index108_frame_014",
            "index23_frame_015",
            "DataSetVari 49",
            "index9_frame_009",
            "index14_frame_018",
            "index14_frame_006",
            "index23_frame_009"
        ],
        [
            "index65_frame_015",
            "index28_frame_001",
            "index65_frame_008",
            "index28_frame_005",
            "index65_frame_002",
            "index28_frame_007",
            "index28_frame_008",
            "index28_frame_003",
            "index28_frame_002",
            "DataSetVari 60",
            "index28_frame_020",
            "index66_frame_004",
            "index28_frame_017",
            "index66_frame_008",
            "index26_frame_012",
            "index28_frame_018",
            "DataSetVari 56",
            "DataSetVari 58",
            "index26_frame_003",
            "index65_frame_030",
            "DataSetVari 3",
            "DataSetVari 9"
        ],
        [
            "Screenshot (428)",
            "Screenshot (492)",
            "Screenshot (409)",
            "Screenshot (476)",
            "Screenshot (480)",
            "Screenshot (419)",
            "Screenshot (433)",
            "Screenshot (414)",
            "DataSetVari 21",
            "Screenshot (453)",
            "Screenshot (469)",
            "Screenshot (466)",
            "Screenshot (408)",
            "Screenshot (420)",
            "Screenshot (417)",
            "Screenshot (439)",
            "Screenshot (447)",
            "Screenshot (410)",
            "Screenshot (455)",
            "Screenshot (461)",
            "Screenshot (413)",
            "Screenshot (438)"
        ],
        [
            "Screenshot (16)",
            "Screenshot (14)",
            "Screenshot (24)",
            "Screenshot (25)",
            "Screenshot (23)",
            "Screenshot (8)",
            "Screenshot (11)",
            "Screenshot (20)",
            "Screenshot (22)",
            "Screenshot (6)",
            "Screenshot (17)",
            "Screenshot (7)",
            "Screenshot (15)",
            "Screenshot (21)",
            "Screenshot (9)",
            "Screenshot (13)",
            "Screenshot (18)",
            "Screenshot (12)",
            "Screenshot (19)",
            "DataSetVari 32",
            "DataSetVari 44",
            "DataSetVari 35"
        ],
        [
            "index113_frame_003",
            "index113_frame_012",
            "index113_frame_007",
            "index113_frame_005",
            "index113_frame_013",
            "index113_frame_008",
            "index113_frame_011",
            "index113_frame_004",
            "index113_frame_017",
            "index113_frame_018",
            "index113_frame_009",
            "index113_frame_015",
            "index113_frame_019",
            "index113_frame_020",
            "index113_frame_002",
            "index73_frame_007"
        ],
        [
            "index70_frame_016",
            "index70_frame_010",
            "index70_frame_003",
            "index70_frame_015",
            "index70_frame_021",
            "index70_frame_001",
            "index70_frame_030",
            "index70_frame_022",
            "index70_frame_006",
            "index70_frame_009",
            "index70_frame_019",
            "index70_frame_018",
            "index70_frame_011",
            "index70_frame_024",
            "index70_frame_027",
            "index70_frame_026",
            "index70_frame_005",
            "index70_frame_023",
            "index70_frame_025"
        ],
        [
            "index72_frame_008",
            "index72_frame_001",
            "index72_frame_012",
            "index72_frame_030",
            "index72_frame_015",
            "index72_frame_023",
            "index72_frame_019",
            "index71_frame_009",
            "index72_frame_009",
            "index71_frame_012",
            "index71_frame_003",
            "index59_frame_009",
            "index95_frame_001",
            "index95_frame_004",
            "index71_frame_014",
            "index95_frame_003",
            "index95_frame_008",
            "index95_frame_009",
            "index107_frame_002",
            "index107_frame_006",
            "index95_frame_005",
            "Screenshot (624)"
        ],
        [
            "index104_frame_019",
            "index102_frame_006",
            "index104_frame_002",
            "index104_frame_020",
            "index102_frame_004",
            "index104_frame_001",
            "index102_frame_011",
            "index102_frame_016",
            "index102_frame_018",
            "index104_frame_016",
            "index6_frame_005",
            "Screenshot (625)",
            "index6_frame_006",
            "index6_frame_003",
            "index104_frame_004",
            "index102_frame_002",
            "index6_frame_004",
            "index102_frame_012",
            "index6_frame_012",
            "index6_frame_010",
            "Screenshot (636)",
            "Screenshot (621)"
        ],
        [
            "index2_frame_006",
            "index2_frame_004",
            "index80_frame_017",
            "index80_frame_018",
            "index2_frame_020",
            "index2_frame_001",
            "index83_frame_005",
            "index83_frame_004",
            "index2_frame_009",
            "index80_frame_003",
            "index2_frame_012",
            "Screenshot (371)",
            "index83_frame_006",
            "Screenshot (407)",
            "index69_frame_005",
            "index69_frame_003",
