{
    "k": 24,
    "inertia_score": -101753.2578125,
    "silhouette_score": 0.17324019968509674,
    "cluster_counts": [
        39,
        29,
        65,
        23,
        26,
        80,
        33,
        26,
        23,
        52,
        68,
        12,
        20,
        16,
        21,
        14,
        14,
        21,
        17,
        38,
        17,
        34,
        8,
        42
    ],
    "centroids": [
        "index57_frame_013",
        "index102_frame_014",
        "index2_frame_006",
        "index95_frame_020",
        "index100_frame_004",
        "index65_frame_015",
        "Screenshot (422)",
        "Screenshot (2)",
        "index20_frame_005",
        "index88_frame_020",
        "index2_frame_015",
        "Alto 34",
        "index70_frame_008",
        "index32_frame_018",
        "index72_frame_013",
        "index108_frame_016",
        "index107_frame_016",
        "index62_frame_001",
        "index106_frame_005",
        "Alto 11",
        "index113_frame_001",
        "index104_frame_011",
        "index81_frame_008",
        "Foto 77"
    ],
    "samples": [
        [
            "index57_frame_009",
            "index57_frame_015",
            "index57_frame_020",
            "index74_frame_004",
            "index74_frame_011",
            "index57_frame_012",
            "index74_frame_010",
            "index74_frame_006",
            "index57_frame_017",
            "index57_frame_010",
            "index74_frame_012",
            "index74_frame_019",
            "index74_frame_014",
            "index57_frame_005",
            "index74_frame_008",
            "index57_frame_002",
            "index57_frame_014",
            "index74_frame_017"
        ],
        [
            "index102_frame_004",
            "index102_frame_006",
            "index102_frame_016",
            "index102_frame_003",
            "index102_frame_001",
            "index102_frame_007",
            "index102_frame_017",
            "index102_frame_002",
            "index102_frame_008",
            "index102_frame_018",
            "index102_frame_011",
            "index102_frame_010",
            "index102_frame_013",
            "index6_frame_006",
            "index102_frame_020",
            "index6_frame_005",
            "index102_frame_005",
            "index6_frame_004"
        ],
        [
            "index80_frame_004",
            "index80_frame_006",
            "index80_frame_009",
            "index80_frame_001",
            "index86_frame_037",
            "index80_frame_008",
            "index69_frame_008",
            "Screenshot (355)",
            "index80_frame_003",
            "Screenshot (407)",
            "index69_frame_010",
            "index2_frame_018",
            "index86_frame_021",
            "index69_frame_005",
            "index69_frame_002",
            "index2_frame_011",
            "index86_frame_067",
            "Screenshot (347)"
        ],
        [
            "index95_frame_004",
            "index95_frame_018",
            "index95_frame_002",
            "index95_frame_014",
            "index95_frame_003",
            "index95_frame_008",
            "index95_frame_005",
            "index95_frame_001",
            "index95_frame_009",
            "index95_frame_011",
            "index95_frame_017",
            "index95_frame_012",
            "index33_frame_010",
            "index33_frame_001",
            "index33_frame_011",
            "index33_frame_003",
            "index33_frame_006",
            "index33_frame_008"
        ],
        [
            "index100_frame_002",
            "index100_frame_009",
            "index100_frame_019",
            "index100_frame_015",
            "index100_frame_013",
            "index100_frame_010",
            "index100_frame_006",
            "index41_frame_017",
            "index41_frame_018",
            "index41_frame_019",
            "index100_frame_005",
            "index100_frame_017",
            "index100_frame_003",
            "index41_frame_002",
            "index41_frame_013",
            "index41_frame_016",
            "index41_frame_005",
            "index100_frame_020"
        ],
        [
            "index65_frame_006",
            "index65_frame_007",
            "index65_frame_016",
            "index65_frame_004",
            "DataSetVari 60",
            "index28_frame_005",
            "index28_frame_007",
            "index28_frame_020",
            "index28_frame_017",
            "index25_frame_004",
            "index65_frame_022",
            "index18_frame_013",
            "index18_frame_002",
            "index18_frame_004",
            "index18_frame_018",
            "index28_frame_012",
            "index18_frame_014",
            "DataSetVari 64"
        ],
        [
            "Screenshot (428)",
            "Screenshot (409)",
            "Screenshot (419)",
            "Screenshot (492)",
            "Screenshot (453)",
            "Screenshot (476)",
            "Screenshot (480)",
            "Screenshot (433)",
            "Screenshot (414)",
            "Screenshot (466)",
            "DataSetVari 21",
            "Screenshot (469)",
            "Screenshot (417)",
            "Screenshot (408)",
            "Screenshot (420)",
            "Screenshot (447)",
            "Screenshot (439)",
            "Screenshot (455)"
        ],
        [
            "Screenshot (16)",
            "Screenshot (14)",
            "Screenshot (24)",
            "Screenshot (25)",
            "Screenshot (23)",
            "Screenshot (8)",
            "Screenshot (11)",
            "Screenshot (20)",
            "Screenshot (22)",
            "Screenshot (6)",
            "Screenshot (17)",
            "Screenshot (7)",
            "Screenshot (15)",
            "Screenshot (21)",
            "Screenshot (9)",
            "Screenshot (13)",
            "Screenshot (18)",
            "Screenshot (12)"
        ],
        [
            "index20_frame_014",
            "index20_frame_026",
            "index20_frame_006",
            "index20_frame_009",
            "index20_frame_004",
            "index20_frame_021",
            "index20_frame_013",
            "index20_frame_024",
            "index20_frame_025",
            "index20_frame_012",
            "index20_frame_022",
            "index20_frame_011",
            "index20_frame_017",
            "index20_frame_019",
            "index20_frame_008",
            "index20_frame_001",
            "index20_frame_018",
            "index20_frame_002"
        ],
        [
            "index88_frame_007",
            "index88_frame_002",
            "index88_frame_023",
            "index88_frame_012",
            "index88_frame_003",
            "index88_frame_013",
            "index9_frame_011",
            "index14_frame_007",
            "index14_frame_017",
            "DataSetVari 17",
            "index9_frame_003",
            "DataSetVari 27",
            "DataSetVari 26",
            "index9_frame_010",
            "index14_frame_016",
            "index30_frame_005",
            "index14_frame_020",
            "index23_frame_022"
        ],
        [
            "index2_frame_016",
            "index59_frame_002",
            "index66_frame_013",
            "index66_frame_008",
            "index66_frame_014",
            "index83_frame_013",
            "index66_frame_005",
            "index2_frame_009",
            "index66_frame_009",
            "index83_frame_014",
            "index66_frame_002",
            "index83_frame_008",
            "index71_frame_014",
            "index59_frame_012",
            "index2_frame_012",
            "index71_frame_012",
            "index71_frame_003",
            "index71_frame_007"
        ],
        [
            "Alto 33",
            "Alto 43",
            "Alto 36",
            "Alto 40",
            "Alto 35",
            "Alto 42",
            "Alto 39",
