{
    "k": 43,
    "inertia_score": -171419.21875,
    "silhouette_score": 0.16392254829406738,
    "clusters_counts": [
        5,
        73,
        12,
        23,
        14,
        29,
        33,
        46,
        37,
        80,
        38,
        40,
        65,
        20,
        50,
        34,
        80,
        38,
        42,
        34,
        18,
        47,
        40,
        31,
        17,
        53,
        20,
        26,
        35,
        29,
        21,
        34,
        40,
        14,
        20,
        20,
        36,
        63,
        22,
        18,
        27,
        27,
        47
    ],
    "samples": [
        [
            "index32_frame_002",
            "index32_frame_005",
            "index32_frame_003",
            "index32_frame_001",
            "index32_frame_004"
        ],
        [
            "index86_frame_003",
            "index85_frame_004",
            "index82_frame_012",
            "index86_frame_010",
            "index86_frame_001",
            "index82_frame_015",
            "index82_frame_001",
            "index3_frame_003",
            "index3_frame_013",
            "index86_frame_017",
            "index82_frame_008",
            "index90_frame_029",
            "index90_frame_024"
        ],
        [
            "Alto 34",
            "Alto 33",
            "Alto 43",
            "Alto 42",
            "Alto 39",
            "Alto 44",
            "Alto 36",
            "Alto 37",
            "Alto 40",
            "Alto 35",
            "Alto 41",
            "Alto 38"
        ],
        [
            "Screenshot (216)",
            "Screenshot (214)",
            "Screenshot (205)",
            "Screenshot (210)",
            "Screenshot (209)",
            "Screenshot (202)",
            "Screenshot (243)",
            "Screenshot (204)",
            "Screenshot (208)",
            "Screenshot (225)",
            "Screenshot (232)",
            "Screenshot (241)",
            "Screenshot (248)"
        ],
        [
            "index107_frame_004",
            "index107_frame_007",
            "index107_frame_011",
            "index107_frame_020",
            "index107_frame_016",
            "index107_frame_002",
            "index107_frame_013",
            "index107_frame_009",
            "index107_frame_017",
            "index107_frame_014",
            "index107_frame_006",
            "index107_frame_003",
            "index107_frame_018"
        ],
        [
            "Foto 126",
            "Foto 125",
            "Foto 138",
            "Foto 122",
            "Foto 127",
            "Foto 130",
            "Foto 131",
            "Foto 111",
            "Foto 140",
            "Foto 112",
            "Foto 119",
            "Foto 124",
            "Foto 135"
        ],
        [
            "Screenshot (302)",
            "Screenshot (303)",
            "Screenshot (312)",
            "Screenshot (291)",
            "Screenshot (301)",
            "Screenshot (294)",
            "Screenshot (313)",
            "Screenshot (290)",
            "Screenshot (318)",
            "Screenshot (315)",
            "Screenshot (297)",
            "Screenshot (319)",
            "Screenshot (321)"
        ],
        [
            "Screenshot (631)",
            "Screenshot (639)",
            "index104_frame_007",
            "Screenshot (621)",
            "Screenshot (677)",
            "Screenshot (670)",
            "index6_frame_009",
            "Screenshot (640)",
            "index104_frame_006",
            "index6_frame_012",
            "index6_frame_002",
            "index6_frame_003",
            "index6_frame_017"
        ],
        [
            "index20_frame_004",
            "index20_frame_006",
            "index20_frame_009",
            "index20_frame_013",
            "index20_frame_001",
            "index20_frame_026",
            "index20_frame_019",
            "index20_frame_010",
            "index20_frame_025",
            "index20_frame_018",
            "Screenshot (54)",
            "Screenshot (50)",
            "index20_frame_022"
        ],
        [
            "Screenshot (280)",
            "Screenshot (263)",
            "Screenshot (259)",
            "Screenshot (260)",
            "Screenshot (355)",
            "index88_frame_014",
            "Screenshot (359)",
            "index88_frame_006",
            "Screenshot (160)",
            "Screenshot (367)",
            "Screenshot (163)",
            "index88_frame_001",
            "Foto 175"
        ],
        [
            "Screenshot (549)",
            "Screenshot (548)",
            "Screenshot (582)",
            "Screenshot (564)",
            "Screenshot (542)",
            "Screenshot (574)",
            "Screenshot (557)",
            "Screenshot (547)",
            "Screenshot (563)",
            "Screenshot (545)",
            "Screenshot (576)",
            "index4_frame_009",
            "Screenshot (575)"
        ],
        [
            "index57_frame_009",
            "index74_frame_019",
            "index57_frame_013",
            "index74_frame_010",
            "index74_frame_009",
            "index74_frame_001",
            "index74_frame_013",
            "index57_frame_008",
            "index74_frame_004",
            "index74_frame_011",
            "index57_frame_014",
            "index74_frame_017",
            "index74_frame_012"
        ],
        [
            "Alto 87",
            "Alto 85",
            "index23_frame_015",
            "index23_frame_019",
            "index23_frame_010",
            "Alto 8",
            "index23_frame_007",
            "index23_frame_001",
            "Alto 11",
            "Alto 10",
            "Alto 45",
            "Alto 50",
            "DataSetVari 29"
        ],
        [
            "index65_frame_012",
            "index65_frame_010",
            "index65_frame_009",
            "index65_frame_013",
            "index65_frame_008",
            "index65_frame_002",
            "index65_frame_006",
            "index65_frame_015",
            "index65_frame_020",
            "index65_frame_011",
            "index65_frame_017",
            "index65_frame_007",
            "index65_frame_014"
        ],
        [
            "index2_frame_004",
            "index80_frame_005",
            "index80_frame_007",
            "index80_frame_001",
            "index80_frame_010",
            "index80_frame_003",
            "index80_frame_018",
            "index80_frame_012",
            "index79_frame_001",
            "index2_frame_016",
            "index79_frame_009",
            "index79_frame_008",
            "index2_frame_020"
        ],
        [
            "index95_frame_005",
            "index95_frame_004",
            "index33_frame_006",
            "index95_frame_011",
            "index95_frame_014",
            "index95_frame_020",
            "index33_frame_003",
            "index33_frame_012",
            "index33_frame_008",
            "index33_frame_009",
            "index33_frame_011",
            "index33_frame_004",
            "index33_frame_005"
        ],
        [
            "index66_frame_008",
            "index66_frame_010",
            "index71_frame_009",
            "index71_frame_011",
            "Screenshot (139)",
            "index7_frame_015",
            "index9_frame_002",
            "Screenshot (137)",
            "index7_frame_004",
            "index30_frame_006",
            "Foto 68",
            "index14_frame_017",
            "index94_frame_003"
        ],
        [
            "index100_frame_017",
            "index100_frame_002",
            "index100_frame_010",
            "index41_frame_019",
            "index100_frame_004",
            "index100_frame_015",
            "index41_frame_016",
            "index100_frame_006",
            "index41_frame_013",
            "index41_frame_005",
            "Screenshot (521)",
