{
    "k": 46,
    "inertia_score": -165918.671875,
    "silhouette_score": 0.1702691614627838,
    "clusters_counts": [
        41,
        17,
        20,
        42,
        53,
        33,
        48,
        13,
        33,
        39,
        29,
        50,
        26,
        39,
        19,
        31,
        27,
        16,
        40,
        21,
        54,
        28,
        38,
        29,
        22,
        24,
        43,
        47,
        36,
        19,
        24,
        22,
        13,
        32,
        24,
        78,
        20,
        36,
        17,
        43,
        49,
        10,
        38,
        19,
        49,
        47
    ],
    "samples": [
        [
            "index100_frame_017",
            "index41_frame_018",
            "index41_frame_019",
            "index100_frame_013",
            "index100_frame_015",
            "index100_frame_020",
            "index41_frame_005",
            "index41_frame_008",
            "Screenshot (522)",
            "index41_frame_002",
            "Screenshot (533)"
        ],
        [
            "Screenshot (355)",
            "Screenshot (361)",
            "Screenshot (353)",
            "Screenshot (359)",
            "Screenshot (347)",
            "Screenshot (369)",
            "Screenshot (374)",
            "Screenshot (407)",
            "Screenshot (371)",
            "Screenshot (349)",
            "Screenshot (365)"
        ],
        [
            "index70_frame_002",
            "index70_frame_008",
            "index70_frame_005",
            "index70_frame_004",
            "index70_frame_010",
            "index70_frame_018",
            "index70_frame_007",
            "index70_frame_011",
            "index70_frame_006",
            "index70_frame_012",
            "index70_frame_013"
        ],
        [
            "Alto 39",
            "Alto 33",
            "Alto 43",
            "Alto 34",
            "DataSetVari 72",
            "DataSetVari 71",
            "DataSetVari 67",
            "Alto 9",
            "Alto 36",
            "Alto 37",
            "DataSetVari 81"
        ],
        [
            "index90_frame_007",
            "index90_frame_016",
            "index90_frame_012",
            "index90_frame_020",
            "index90_frame_018",
            "index83_frame_011",
            "index109_frame_011",
            "index83_frame_008",
            "index109_frame_019",
            "index109_frame_017",
            "index109_frame_008"
        ],
        [
            "index102_frame_012",
            "index102_frame_005",
            "index102_frame_017",
            "index102_frame_011",
            "index102_frame_014",
            "index108_frame_008",
            "index108_frame_016",
            "index108_frame_018",
            "index108_frame_007",
            "index104_frame_004",
            "index108_frame_004"
        ],
        [
            "Screenshot (506)",
            "Screenshot (500)",
            "Screenshot (505)",
            "Screenshot (502)",
            "index106_frame_002",
            "Screenshot (531)",
            "Alto 27",
            "Screenshot (501)",
            "index106_frame_005",
            "index2_frame_013",
            "Alto 24"
        ],
        [
            "Screenshot (442)",
            "Screenshot (455)",
            "Screenshot (438)",
            "Screenshot (461)",
            "Screenshot (444)",
            "Screenshot (447)",
            "Screenshot (439)",
            "Screenshot (453)",
            "Screenshot (440)",
            "Screenshot (463)",
            "Screenshot (445)"
        ],
        [
            "Screenshot (58)",
            "Screenshot (64)",
            "Screenshot (67)",
            "Screenshot (63)",
            "index9_frame_015",
            "index9_frame_011",
            "index9_frame_012",
            "Screenshot (66)",
            "index14_frame_006",
            "index9_frame_016",
            "index14_frame_019"
        ],
        [
            "Foto 126",
            "Foto 125",
            "Foto 131",
            "Foto 121",
            "Foto 130",
            "Foto 111",
            "Foto 140",
            "Foto 136",
            "Foto 139",
            "Foto 137",
            "Foto 133"
        ],
        [
            "Screenshot (169)",
            "Screenshot (184)",
            "Screenshot (197)",
            "Screenshot (196)",
            "Screenshot (200)",
            "Screenshot (199)",
            "Screenshot (190)",
            "Screenshot (198)",
            "Screenshot (192)",
            "Screenshot (188)",
            "Screenshot (176)"
        ],
        [
            "index86_frame_003",
            "index85_frame_004",
            "index85_frame_008",
            "index85_frame_010",
            "index82_frame_007",
            "index86_frame_015",
            "index82_frame_015",
            "index86_frame_009",
            "index86_frame_017",
            "index86_frame_005",
            "index90_frame_024"
        ],
        [
            "Screenshot (337)",
            "Screenshot (338)",
            "Screenshot (329)",
            "Foto 9",
            "Foto 34",
            "Foto 200",
            "Foto 21",
            "Foto 49",
            "Foto 199",
            "Foto 79",
            "Foto 40"
        ],
        [
            "Screenshot (94)",
            "Screenshot (87)",
            "Screenshot (99)",
            "index54_frame_003",
            "Screenshot (103)",
            "index107_frame_020",
            "index54_frame_018",
            "index107_frame_004",
            "index107_frame_009",
            "index107_frame_014",
            "index107_frame_006"
        ],
        [
            "Screenshot (36)",
            "Screenshot (45)",
            "Screenshot (33)",
            "Screenshot (38)",
            "Screenshot (27)",
            "Screenshot (43)",
            "Screenshot (31)",
            "Screenshot (26)",
            "Screenshot (34)",
            "Screenshot (46)",
            "Screenshot (37)"
        ],
        [
            "index114_frame_014",
            "index18_frame_004",
            "index18_frame_006",
            "index18_frame_013",
            "index114_frame_005",
            "index18_frame_012",
            "index18_frame_008",
            "index114_frame_012",
            "index114_frame_009",
            "index5_frame_011",
            "Foto 39"
        ],
        [
            "Screenshot (679)",
            "Foto 109",
            "Screenshot (683)",
            "Screenshot (680)",
            "Foto 99",
            "Foto 152",
            "Foto 153",
            "Foto 95",
            "Foto 18",
            "Foto 60",
            "Foto 150"
        ],
        [
            "Foto 178",
            "Foto 185",
            "Foto 186",
            "Foto 184",
            "Foto 179",
            "Foto 181",
            "Foto 176",
            "Foto 180",
            "Foto 187",
            "Foto 183",
            "Foto 182"
        ],
        [
            "index57_frame_009",
            "index74_frame_019",
            "index57_frame_013",
            "index74_frame_010",
            "index74_frame_009",
            "index74_frame_001",
            "index74_frame_013",
            "index57_frame_008",
            "index74_frame_004",
            "index74_frame_011",
            "index57_frame_014"
        ],
        [
            "Screenshot (16)",
            "Screenshot (22)",
            "Screenshot (10)",
            "Screenshot (14)",
            "Screenshot (7)",
            "Screenshot (15)",
            "Screenshot (20)",
            "Screenshot (8)",
            "Screenshot (17)",
            "Screenshot (6)",
            "Screenshot (23)"
        ],
        [
            "index23_frame_013",
            "Alto 77",
            "Alto 85",
            "index23_frame_006",
            "Alto 78",
            "index23_frame_011",
