{
    "k": 15,
    "inertia_score": -233270.46875,
    "silhouette_score": 0.10372195392847061,
    "cluster_counts": [
        90,
        72,
        113,
        103,
        106,
        150,
        109,
        77,
        135,
        94,
        131,
        81,
        95,
        34,
        108
    ],
    "samples": [
        [
            "Screenshot (641)",
            "index104_frame_011",
            "index104_frame_007",
            "index104_frame_010",
            "index102_frame_010",
            "Screenshot (625)",
            "index104_frame_002",
            "index104_frame_012",
            "Screenshot (636)",
            "Screenshot (639)",
            "index104_frame_006",
            "index104_frame_018",
            "Screenshot (624)",
            "Screenshot (621)",
            "Screenshot (677)",
            "index102_frame_007",
            "index102_frame_009",
            "index104_frame_003",
            "index102_frame_018",
            "index6_frame_013",
            "index102_frame_004",
            "index102_frame_016",
            "index108_frame_012",
            "index102_frame_003",
            "index6_frame_003",
            "index102_frame_019",
            "index108_frame_001",
            "index108_frame_016",
            "index104_frame_001",
            "index108_frame_018",
            "index104_frame_004"
        ],
        [
            "index95_frame_005",
            "index95_frame_003",
            "index95_frame_004",
            "index95_frame_002",
            "index20_frame_013",
            "index95_frame_020",
            "index33_frame_006",
            "index20_frame_006",
            "index20_frame_014",
            "index20_frame_019",
            "index95_frame_014",
            "Screenshot (58)",
            "index20_frame_003",
            "index20_frame_002",
            "index95_frame_011",
            "index20_frame_021",
            "index33_frame_016",
            "index20_frame_024",
            "index33_frame_008",
            "Screenshot (59)",
            "index20_frame_026",
            "index95_frame_012",
            "index20_frame_016",
            "index20_frame_022",
            "index33_frame_011",
            "index33_frame_009",
            "Screenshot (64)",
            "index33_frame_005",
            "index9_frame_004",
            "index95_frame_008",
            "Screenshot (55)"
        ],
        [
            "Screenshot (177)",
            "Screenshot (280)",
            "index88_frame_012",
            "index88_frame_013",
            "Screenshot (168)",
            "index88_frame_011",
            "index88_frame_007",
            "index88_frame_008",
            "Screenshot (197)",
            "Screenshot (255)",
            "Screenshot (266)",
            "Screenshot (353)",
            "Screenshot (277)",
            "Screenshot (175)",
            "Screenshot (183)",
            "Screenshot (361)",
            "Screenshot (185)",
            "Screenshot (256)",
            "Screenshot (193)",
            "Screenshot (186)",
            "Screenshot (374)",
            "index88_frame_006",
            "Screenshot (192)",
            "Screenshot (270)",
            "Screenshot (198)",
            "Screenshot (347)",
            "index92_frame_017",
            "Screenshot (123)",
            "index92_frame_007",
            "index79_frame_010",
            "index79_frame_013"
        ],
        [
            "index100_frame_013",
            "index100_frame_010",
            "index28_frame_005",
            "index28_frame_014",
            "index28_frame_010",
            "index28_frame_012",
            "index28_frame_011",
            "index28_frame_001",
            "index28_frame_006",
            "index41_frame_019",
            "index41_frame_016",
            "DataSetVari 64",
            "index28_frame_018",
            "index41_frame_008",
            "Screenshot (518)",
            "DataSetVari 54",
            "index32_frame_020",
            "index41_frame_013",
            "index32_frame_014",
            "DataSetVari 9",
            "index25_frame_004",
            "index32_frame_017",
            "Screenshot (447)",
            "DataSetVari 11",
            "Screenshot (520)",
            "Screenshot (534)",
            "Screenshot (461)",
            "Screenshot (455)",
            "index41_frame_001",
            "Screenshot (442)",
            "Screenshot (438)"
        ],
        [
            "Screenshot (529)",
            "Screenshot (505)",
            "Screenshot (502)",
            "index106_frame_004",
            "index106_frame_003",
            "Screenshot (202)",
            "Screenshot (528)",
            "Screenshot (499)",
            "Screenshot (532)",
            "Screenshot (428)",
            "Screenshot (247)",
            "Screenshot (225)",
            "Screenshot (236)",
            "Alto 27",
            "Screenshot (426)",
            "Screenshot (243)",
            "Screenshot (409)",
            "Foto 43",
            "Screenshot (469)",
            "Screenshot (418)",
            "Foto 26",
            "index114_frame_014",
            "Screenshot (466)",
            "Screenshot (410)",
            "Foto 39",
            "Screenshot (214)",
            "Screenshot (233)",
            "Screenshot (492)",
            "Foto 24",
            "Screenshot (221)",
            "Alto 24"
        ],
        [
            "Alto 5",
            "Alto 12",
            "Alto 80",
            "Alto 10",
            "Alto 82",
            "DataSetVari 33",
            "DataSetVari 34",
            "Alto 52",
            "DataSetVari 36",
            "Alto 39",
            "Alto 51",
            "DataSetVari 28",
            "Alto 33",
            "Alto 15",
            "index23_frame_005",
            "Alto 34",
            "Alto 19",
            "Alto 73",
            "Alto 48",
            "index23_frame_007",
            "Alto 17",
            "Alto 32",
            "index23_frame_009",
            "Alto 31",
            "index81_frame_002",
            "Alto 14",
            "Alto 55",
            "Alto 56",
            "DataSetVari 85",
            "Alto 59",
            "Foto 97"
        ],
        [
            "index82_frame_004",
            "index86_frame_003",
            "index85_frame_004",
            "index82_frame_003",
            "index86_frame_015",
            "index85_frame_011",
            "index85_frame_015",
            "index3_frame_002",
            "index74_frame_019",
            "index74_frame_014",
            "index86_frame_016",
            "index57_frame_009",
            "index74_frame_010",
            "index82_frame_001",
            "index74_frame_020",
            "index3_frame_001",
            "index67_frame_009",
            "index74_frame_004",
            "index3_frame_011",
            "index74_frame_012",
            "index3_frame_019",
            "index67_frame_003",
            "index74_frame_009",
            "index3_frame_013",
            "index57_frame_017",
            "Screenshot (114)",
            "index90_frame_021",
            "index86_frame_004",
            "index57_frame_010",
            "index57_frame_012",
            "index74_frame_018"
        ],
        [
            "index38_frame_004",
            "index72_frame_019",
            "Screenshot (34)",
            "index72_frame_014",
            "index38_frame_007",
            "index72_frame_018",
            "Screenshot (27)",
            "Screenshot (36)",
            "Screenshot (43)",
            "index38_frame_013",
            "Screenshot (45)",
            "index72_frame_015",
            "index72_frame_016",
            "Foto 226",
            "Screenshot (28)",
            "Screenshot (33)",
            "index72_frame_017",
            "Screenshot (35)",
            "index72_frame_012",
            "index38_frame_003",
            "index72_frame_013",
            "index72_frame_008",
