{
    "k": 33,
    "inertia_score": -186204.390625,
    "silhouette_score": 0.15269090235233307,
    "clusters_counts": [
        41,
        67,
        40,
        58,
        23,
        50,
        64,
        29,
        29,
        40,
        38,
        32,
        32,
        42,
        13,
        34,
        72,
        81,
        61,
        69,
        68,
        17,
        73,
        59,
        97,
        44,
        62,
        42,
        50,
        10,
        20,
        17,
        24
    ],
    "samples": [
        [
            "index109_frame_016",
            "index90_frame_007",
            "index90_frame_009",
            "index90_frame_003",
            "index90_frame_011",
            "index90_frame_016",
            "index90_frame_020",
            "index90_frame_010",
            "index90_frame_005",
            "index109_frame_018",
            "index109_frame_003",
            "index90_frame_013",
            "index90_frame_006",
            "index109_frame_019",
            "index109_frame_004",
            "index109_frame_017",
            "index109_frame_007",
            "index109_frame_009",
            "index109_frame_014"
        ],
        [
            "Alto 80",
            "Alto 2",
            "Alto 82",
            "Alto 79",
            "Alto 3",
            "Alto 84",
            "Alto 8",
            "Alto 5",
            "index23_frame_019",
            "index23_frame_005",
            "index23_frame_012",
            "index23_frame_004",
            "index23_frame_020",
            "Alto 10",
            "DataSetVari 34",
            "index23_frame_017",
            "Alto 43",
            "Alto 33",
            "Alto 42"
        ],
        [
            "index38_frame_016",
            "index38_frame_017",
            "index38_frame_007",
            "index38_frame_013",
            "index38_frame_012",
            "index38_frame_003",
            "index38_frame_009",
            "index59_frame_006",
            "index59_frame_001",
            "index59_frame_014",
            "index38_frame_018",
            "index38_frame_019",
            "index38_frame_001",
            "index59_frame_008",
            "index59_frame_002",
            "Foto 226",
            "Foto 98",
            "Foto 38",
            "Foto 211"
        ],
        [
            "index107_frame_011",
            "index107_frame_007",
            "index107_frame_006",
            "index107_frame_013",
            "index107_frame_017",
            "index94_frame_002",
            "index107_frame_003",
            "index16_frame_013",
            "index16_frame_016",
            "Foto 33",
            "index108_frame_003",
            "index94_frame_004",
            "index62_frame_015",
            "Foto 47",
            "Foto 41",
            "Foto 48",
            "index114_frame_003",
            "Foto 74",
            "Screenshot (75)"
        ],
        [
            "Screenshot (216)",
            "Screenshot (214)",
            "Screenshot (205)",
            "Screenshot (210)",
            "Screenshot (209)",
            "Screenshot (202)",
            "Screenshot (243)",
            "Screenshot (204)",
            "Screenshot (208)",
            "Screenshot (225)",
            "Screenshot (232)",
            "Screenshot (241)",
            "Screenshot (248)",
            "Screenshot (247)",
            "Screenshot (206)",
            "Screenshot (236)",
            "Screenshot (227)",
            "Screenshot (234)",
            "Screenshot (249)"
        ],
        [
            "Screenshot (337)",
            "Screenshot (340)",
            "Screenshot (329)",
            "Foto 21",
            "Foto 79",
            "Foto 219",
            "Foto 49",
            "Foto 59",
            "Foto 77",
            "Foto 163",
            "Foto 80",
            "Foto 75",
            "index14_frame_006",
            "Foto 100",
            "index14_frame_007",
            "Foto 199",
            "Foto 218",
            "Foto 91",
            "Screenshot (74)"
        ],
        [
            "index32_frame_006",
            "index32_frame_020",
            "index32_frame_017",
            "index32_frame_015",
            "Screenshot (6)",
            "index32_frame_009",
            "Screenshot (16)",
            "Screenshot (9)",
            "Screenshot (7)",
            "Screenshot (10)",
            "index32_frame_010",
            "Screenshot (19)",
            "DataSetVari 35",
            "Screenshot (442)",
            "DataSetVari 39",
            "Screenshot (440)",
            "DataSetVari 19",
            "index32_frame_004",
            "Screenshot (439)"
        ],
        [
            "Screenshot (169)",
            "Screenshot (167)",
            "Screenshot (184)",
            "Screenshot (183)",
            "Screenshot (197)",
            "Screenshot (174)",
            "Screenshot (196)",
            "Screenshot (185)",
            "Screenshot (200)",
            "Screenshot (201)",
            "Screenshot (199)",
            "Screenshot (173)",
            "Screenshot (190)",
            "Screenshot (193)",
            "Screenshot (198)",
            "Screenshot (194)",
            "Screenshot (192)",
            "Screenshot (186)",
            "Screenshot (188)"
        ],
        [
            "Screenshot (422)",
            "Screenshot (426)",
            "Screenshot (425)",
            "Screenshot (423)",
            "Screenshot (428)",
            "Screenshot (480)",
            "Screenshot (408)",
            "Screenshot (412)",
            "Screenshot (411)",
            "Screenshot (470)",
            "Screenshot (418)",
            "Screenshot (469)",
            "Screenshot (409)",
            "Screenshot (414)",
            "Screenshot (410)",
            "Screenshot (466)",
            "Screenshot (433)",
            "Screenshot (482)",
            "Screenshot (419)"
        ],
        [
            "index57_frame_009",
            "index57_frame_006",
            "index57_frame_016",
            "index57_frame_013",
            "index74_frame_014",
            "index57_frame_018",
            "index74_frame_009",
            "index57_frame_010",
            "index57_frame_017",
            "index74_frame_013",
            "index74_frame_007",
            "index74_frame_016",
            "index74_frame_004",
            "index57_frame_004",
            "index57_frame_003",
            "index57_frame_014",
            "index57_frame_012",
            "index57_frame_011",
            "index74_frame_012"
        ],
        [
            "Screenshot (549)",
            "Screenshot (548)",
            "Screenshot (582)",
            "Screenshot (564)",
            "Screenshot (542)",
            "Screenshot (574)",
            "Screenshot (557)",
            "Screenshot (547)",
            "Screenshot (563)",
            "Screenshot (545)",
            "Screenshot (576)",
            "index4_frame_009",
            "Screenshot (575)",
            "Screenshot (569)",
            "index4_frame_015",
            "index4_frame_018",
            "index4_frame_003",
            "index4_frame_002",
            "DataSetVari 2"
        ],
        [
            "Screenshot (45)",
            "Screenshot (43)",
            "Screenshot (38)",
            "Screenshot (36)",
            "Screenshot (44)",
            "Screenshot (37)",
            "Screenshot (27)",
            "Screenshot (34)",
            "Screenshot (46)",
            "Screenshot (33)",
            "index83_frame_014",
            "Screenshot (35)",
            "Screenshot (42)",
            "Screenshot (28)",
            "Screenshot (32)",
            "index83_frame_010",
            "Screenshot (26)",
            "Screenshot (47)",
            "Screenshot (31)"
        ],
        [
            "Foto 181",
            "Foto 187",
            "Foto 182",
            "Foto 184",
            "Foto 176",
            "Foto 185",
