{
    "k": 38,
    "inertia_score": -176913.78125,
    "silhouette_score": 0.17199675738811493,
    "clusters_counts": [
        104,
        25,
        34,
        63,
        51,
        29,
        19,
        40,
        10,
        57,
        22,
        78,
        43,
        33,
        69,
        17,
        78,
        44,
        77,
        29,
        46,
        63,
        80,
        26,
        24,
        37,
        17,
        18,
        30,
        33,
        49,
        14,
        28,
        21,
        21,
        25,
        24,
        20
    ],
    "samples": [
        [
            "Foto 66",
            "Foto 21",
            "Foto 197",
            "Foto 31",
            "Foto 15",
            "Foto 99",
            "Foto 7",
            "Foto 81",
            "Foto 37",
            "index14_frame_007",
            "Foto 159",
            "Foto 79",
            "Foto 155",
            "Foto 2",
            "Foto 148",
            "Foto 70"
        ],
        [
            "index72_frame_019",
            "index72_frame_010",
            "index72_frame_014",
            "index72_frame_003",
            "index72_frame_007",
            "index72_frame_017",
            "index72_frame_002",
            "index72_frame_018",
            "index72_frame_013",
            "index72_frame_016",
            "index72_frame_015",
            "index72_frame_012",
            "index72_frame_011",
            "index72_frame_005",
            "index72_frame_001",
            "index72_frame_020"
        ],
        [
            "Screenshot (20)",
            "Screenshot (22)",
            "Screenshot (15)",
            "Screenshot (24)",
            "Screenshot (9)",
            "Screenshot (8)",
            "Screenshot (25)",
            "Screenshot (19)",
            "Screenshot (12)",
            "Screenshot (11)",
            "Screenshot (18)",
            "DataSetVari 92",
            "DataSetVari 45",
            "DataSetVari 38",
            "DataSetVari 96",
            "DataSetVari 100"
        ],
        [
            "index2_frame_004",
            "index80_frame_005",
            "index80_frame_008",
            "index80_frame_004",
            "index2_frame_006",
            "index79_frame_001",
            "index80_frame_018",
            "index79_frame_010",
            "index79_frame_013",
            "index80_frame_002",
            "index79_frame_006",
            "index80_frame_013",
            "index46_frame_008",
            "index46_frame_015",
            "index90_frame_023",
            "index7_frame_014"
        ],
        [
            "index90_frame_007",
            "index90_frame_010",
            "index90_frame_009",
            "index90_frame_012",
            "index90_frame_011",
            "index90_frame_005",
            "index90_frame_006",
            "index109_frame_011",
            "index109_frame_015",
            "index83_frame_004",
            "index109_frame_019",
            "index109_frame_017",
            "index83_frame_005",
            "index83_frame_003",
            "index83_frame_006",
            "index109_frame_014"
        ],
        [
            "Alto 74",
            "Alto 69",
            "Alto 70",
            "Alto 72",
            "Alto 73",
            "Alto 66",
            "Alto 68",
            "Alto 71",
            "Alto 65",
            "Alto 67",
            "Alto 75",
            "Alto 63",
            "Alto 31",
            "Alto 30",
            "Alto 32",
            "index81_frame_019"
        ],
        [
            "Screenshot (36)",
            "Screenshot (45)",
            "Screenshot (33)",
            "Screenshot (38)",
            "Screenshot (27)",
            "Screenshot (43)",
            "Screenshot (31)",
            "Screenshot (26)",
            "Screenshot (34)",
            "Screenshot (46)",
            "Screenshot (37)",
            "Screenshot (35)",
            "Screenshot (44)",
            "Screenshot (32)",
            "Screenshot (28)",
            "Screenshot (30)"
        ],
        [
            "index57_frame_009",
            "index57_frame_006",
            "index57_frame_016",
            "index57_frame_013",
            "index74_frame_014",
            "index57_frame_018",
            "index74_frame_009",
            "index57_frame_010",
            "index57_frame_017",
            "index74_frame_013",
            "index74_frame_007",
            "index74_frame_016",
            "index74_frame_004",
            "index57_frame_004",
            "index57_frame_003",
            "index57_frame_014"
        ],
        [
            "index25_frame_011",
            "index25_frame_020",
            "index25_frame_017",
            "index25_frame_010",
            "index25_frame_015",
            "index25_frame_003",
            "index25_frame_002",
            "DataSetVari 2",
            "DataSetVari 8",
            "DataSetVari 25"
        ],
        [
            "Screenshot (302)",
            "Screenshot (291)",
            "Screenshot (290)",
            "Screenshot (320)",
            "Screenshot (312)",
            "index66_frame_009",
            "Screenshot (324)",
            "index69_frame_005",
            "index66_frame_010",
            "index66_frame_008",
            "index66_frame_006",
            "index2_frame_016",
            "Screenshot (327)",
            "Screenshot (319)",
            "index66_frame_004",
            "index66_frame_016"
        ],
        [
            "Alto 13",
            "Alto 19",
            "Alto 15",
            "Alto 22",
            "Alto 16",
            "Alto 20",
            "Alto 17",
            "Alto 62",
            "Alto 58",
            "Alto 14",
            "Alto 60",
            "Alto 21",
            "Alto 55",
            "Alto 57",
            "Alto 54",
            "Alto 61"
        ],
        [
            "index28_frame_004",
            "index28_frame_009",
            "index100_frame_001",
            "index28_frame_001",
            "index28_frame_011",
            "index28_frame_012",
            "index100_frame_005",
            "index28_frame_014",
            "index41_frame_020",
            "DataSetVari 55",
            "DataSetVari 64",
            "Screenshot (522)",
            "index41_frame_001",
            "DataSetVari 66",
            "DataSetVari 27",
            "DataSetVari 9"
        ],
        [
            "Foto 126",
            "Foto 128",
            "Foto 115",
            "Foto 131",
            "Foto 113",
            "Foto 121",
            "Foto 127",
            "Foto 111",
            "Foto 130",
            "Foto 116",
            "Foto 119",
            "Foto 124",
            "Foto 136",
            "Foto 135",
            "Foto 223",
            "Foto 222"
        ],
        [
            "Screenshot (169)",
            "Screenshot (184)",
            "Screenshot (197)",
            "Screenshot (174)",
            "Screenshot (196)",
            "Screenshot (200)",
            "Screenshot (190)",
            "Screenshot (193)",
            "Screenshot (188)",
            "Screenshot (176)",
            "Screenshot (186)",
            "Screenshot (177)",
            "Screenshot (168)",
            "Screenshot (166)",
            "Screenshot (187)",
            "index92_frame_008"
        ],
        [
            "Screenshot (264)",
            "Screenshot (276)",
            "Screenshot (255)",
            "Screenshot (256)",
            "Screenshot (281)",
            "Screenshot (260)",
            "index88_frame_012",
            "index88_frame_004",
            "Screenshot (407)",
            "Screenshot (371)",
            "Screenshot (347)",
            "index88_frame_016",
            "index88_frame_018",
            "index92_frame_017",
            "Foto 174",
            "index88_frame_020"
        ],
        [
            "index114_frame_005",
            "index114_frame_012",
            "index114_frame_015",
