{
    "k": 42,
    "inertia_score": -169841.65625,
    "silhouette_score": 0.17318791151046753,
    "clusters_counts": [
        53,
        13,
        50,
        10,
        33,
        47,
        73,
        18,
        25,
        73,
        83,
        38,
        34,
        37,
        19,
        29,
        51,
        26,
        18,
        20,
        29,
        43,
        21,
        46,
        35,
        32,
        31,
        20,
        25,
        43,
        40,
        57,
        19,
        33,
        17,
        41,
        42,
        36,
        25,
        53,
        40,
        20
    ],
    "samples": [
        [
            "Foto 223",
            "Foto 215",
            "Foto 222",
            "Screenshot (328)",
            "Foto 214",
            "Foto 20",
            "Foto 40",
            "Foto 86",
            "Foto 27",
            "Foto 23",
            "Foto 157",
            "Foto 44",
            "Foto 207"
        ],
        [
            "index33_frame_006",
            "index33_frame_003",
            "index33_frame_016",
            "index33_frame_005",
            "index33_frame_011",
            "index33_frame_010",
            "index33_frame_008",
            "index33_frame_001",
            "index33_frame_012",
            "index33_frame_002",
            "index33_frame_009",
            "index33_frame_004",
            "Foto 93"
        ],
        [
            "Foto 56",
            "Foto 218",
            "index94_frame_003",
            "Foto 11",
            "index9_frame_019",
            "Screenshot (74)",
            "Screenshot (72)",
            "index62_frame_017",
            "index34_frame_014",
            "index94_frame_004",
            "Foto 41",
            "Foto 58",
            "Foto 48"
        ],
        [
            "Alto 45",
            "Alto 51",
            "Alto 53",
            "Alto 48",
            "Alto 50",
            "Alto 47",
            "Alto 49",
            "Alto 46",
            "Alto 52",
            "index114_frame_013"
        ],
        [
            "Screenshot (169)",
            "Screenshot (184)",
            "Screenshot (197)",
            "Screenshot (174)",
            "Screenshot (196)",
            "Screenshot (200)",
            "Screenshot (190)",
            "Screenshot (193)",
            "Screenshot (188)",
            "Screenshot (176)",
            "Screenshot (186)",
            "Screenshot (177)",
            "Screenshot (168)"
        ],
        [
            "Screenshot (631)",
            "Screenshot (639)",
            "index104_frame_007",
            "Screenshot (621)",
            "Screenshot (677)",
            "Screenshot (624)",
            "index6_frame_009",
            "Screenshot (640)",
            "index104_frame_018",
            "index6_frame_012",
            "index6_frame_002",
            "index6_frame_003",
            "index104_frame_003"
        ],
        [
            "index86_frame_003",
            "index85_frame_004",
            "index82_frame_012",
            "index86_frame_010",
            "index86_frame_001",
            "index82_frame_015",
            "index82_frame_001",
            "index3_frame_003",
            "index3_frame_013",
            "index86_frame_017",
            "index82_frame_008",
            "index90_frame_029",
            "index90_frame_024"
        ],
        [
            "index113_frame_008",
            "index113_frame_004",
            "index113_frame_015",
            "index113_frame_011",
            "index113_frame_018",
            "index113_frame_013",
            "index113_frame_001",
            "index113_frame_020",
            "index113_frame_019",
            "index113_frame_012",
            "index113_frame_017",
            "index113_frame_007",
            "index113_frame_002"
        ],
        [
            "Screenshot (216)",
            "Screenshot (214)",
            "Screenshot (205)",
            "Screenshot (210)",
            "Screenshot (209)",
            "Screenshot (202)",
            "Screenshot (243)",
            "Screenshot (204)",
            "Screenshot (208)",
            "Screenshot (225)",
            "Screenshot (232)",
            "Screenshot (241)",
            "Screenshot (248)"
        ],
        [
            "index28_frame_004",
            "index28_frame_009",
            "index28_frame_006",
            "index100_frame_013",
            "index41_frame_018",
            "index100_frame_009",
            "index28_frame_014",
            "index41_frame_002",
            "DataSetVari 62",
            "Screenshot (521)",
            "DataSetVari 66",
            "index26_frame_015",
            "index9_frame_011"
        ],
        [
            "Screenshot (302)",
            "Screenshot (291)",
            "Screenshot (325)",
            "index66_frame_014",
            "Screenshot (294)",
            "Screenshot (301)",
            "index69_frame_004",
            "index62_frame_005",
            "index62_frame_018",
            "index62_frame_012",
            "index69_frame_007",
            "index62_frame_014",
            "index9_frame_010"
        ],
        [
            "Screenshot (549)",
            "Screenshot (548)",
            "Screenshot (582)",
            "Screenshot (564)",
            "Screenshot (542)",
            "Screenshot (574)",
            "Screenshot (557)",
            "Screenshot (547)",
            "Screenshot (563)",
            "Screenshot (545)",
            "Screenshot (576)",
            "index4_frame_009",
            "Screenshot (575)"
        ],
        [
            "Screenshot (20)",
            "Screenshot (22)",
            "Screenshot (15)",
            "Screenshot (24)",
            "Screenshot (9)",
            "Screenshot (8)",
            "Screenshot (25)",
            "Screenshot (19)",
            "Screenshot (12)",
            "Screenshot (11)",
            "Screenshot (18)",
            "DataSetVari 92",
            "DataSetVari 45"
        ],
        [
            "index23_frame_013",
            "Alto 80",
            "index23_frame_002",
            "index23_frame_019",
            "Alto 81",
            "Alto 87",
            "index23_frame_005",
            "Alto 2",
            "index23_frame_003",
            "Alto 79",
            "Alto 78",
            "index23_frame_016",
            "Alto 3"
        ],
        [
            "index109_frame_011",
            "index109_frame_018",
            "index109_frame_005",
            "index109_frame_003",
            "index109_frame_015",
            "index109_frame_007",
            "index109_frame_019",
            "index109_frame_002",
            "index109_frame_017",
            "index109_frame_010",
            "index109_frame_009",
            "index109_frame_016",
            "index109_frame_001"
        ],
        [
            "Foto 126",
            "Foto 125",
            "Foto 138",
            "Foto 122",
            "Foto 127",
            "Foto 130",
            "Foto 131",
            "Foto 111",
            "Foto 140",
            "Foto 112",
            "Foto 119",
            "Foto 124",
            "Foto 135"
        ],
        [
            "Foto 109",
            "Screenshot (679)",
            "Screenshot (684)",
            "Foto 13",
            "Foto 153",
            "Foto 28",
            "Foto 105",
            "Foto 164",
            "Foto 60",
            "Foto 5",
            "Foto 161",
            "Foto 31",
            "Foto 202"
        ],
        [
            "DataSetVari 91",
            "index81_frame_018",
            "DataSetVari 95",
            "DataSetVari 90",
            "index81_frame_013",
            "DataSetVari 93",
            "DataSetVari 97",
            "Foto 97",
            "DataSetVari 86",
            "DataSetVari 85",
            "DataSetVari 87",
            "Foto 156",
            "DataSetVari 24"
        ],
        [
            "Alto 74",
