{
    "k": 45,
    "inertia_score": -166878.53125,
    "silhouette_score": 0.17654508352279663,
    "clusters_counts": [
        73,
        21,
        23,
        12,
        32,
        59,
        40,
        70,
        36,
        29,
        29,
        61,
        17,
        29,
        22,
        49,
        43,
        55,
        59,
        12,
        14,
        22,
        23,
        32,
        26,
        20,
        41,
        22,
        40,
        20,
        55,
        9,
        81,
        13,
        19,
        21,
        53,
        34,
        18,
        19,
        18,
        33,
        49,
        25,
        20
    ],
    "samples": [
        [
            "index86_frame_003",
            "index85_frame_008",
            "index85_frame_003",
            "index86_frame_007",
            "index3_frame_001",
            "index82_frame_001",
            "index82_frame_009",
            "index3_frame_019",
            "index85_frame_016",
            "index85_frame_013",
            "index90_frame_024"
        ],
        [
            "Screenshot (16)",
            "Screenshot (22)",
            "Screenshot (10)",
            "Screenshot (14)",
            "Screenshot (7)",
            "Screenshot (15)",
            "Screenshot (20)",
            "Screenshot (8)",
            "Screenshot (17)",
            "Screenshot (6)",
            "Screenshot (23)"
        ],
        [
            "Screenshot (216)",
            "Screenshot (205)",
            "Screenshot (209)",
            "Screenshot (243)",
            "Screenshot (208)",
            "Screenshot (232)",
            "Screenshot (248)",
            "Screenshot (206)",
            "Screenshot (227)",
            "Screenshot (249)",
            "Screenshot (244)"
        ],
        [
            "Alto 34",
            "Alto 33",
            "Alto 43",
            "Alto 42",
            "Alto 39",
            "Alto 44",
            "Alto 36",
            "Alto 37",
            "Alto 40",
            "Alto 35",
            "Alto 41"
        ],
        [
            "index32_frame_017",
            "index32_frame_016",
            "index32_frame_006",
            "index32_frame_015",
            "index32_frame_008",
            "index32_frame_011",
            "index32_frame_013",
            "DataSetVari 35",
            "DataSetVari 39",
            "DataSetVari 44",
            "index32_frame_001"
        ],
        [
            "index38_frame_016",
            "index38_frame_007",
            "index38_frame_012",
            "index59_frame_007",
            "index38_frame_020",
            "index38_frame_018",
            "index4_frame_003",
            "index38_frame_008",
            "index25_frame_010",
            "index25_frame_020",
            "Screenshot (68)"
        ],
        [
            "index57_frame_009",
            "index74_frame_019",
            "index57_frame_013",
            "index74_frame_010",
            "index74_frame_009",
            "index74_frame_001",
            "index74_frame_013",
            "index57_frame_008",
            "index74_frame_004",
            "index74_frame_011",
            "index57_frame_014"
        ],
        [
            "index95_frame_005",
            "Screenshot (52)",
            "index20_frame_009",
            "Screenshot (50)",
            "Screenshot (58)",
            "index95_frame_017",
            "index33_frame_008",
            "index95_frame_012",
            "index33_frame_011",
            "index33_frame_005",
            "Screenshot (55)"
        ],
        [
            "index113_frame_018",
            "index113_frame_003",
            "index83_frame_012",
            "index113_frame_002",
            "index113_frame_020",
            "index113_frame_001",
            "index83_frame_010",
            "index2_frame_014",
            "index113_frame_005",
            "index83_frame_015",
            "index83_frame_005"
        ],
        [
            "Screenshot (422)",
            "Screenshot (425)",
            "Screenshot (428)",
            "Screenshot (408)",
            "Screenshot (411)",
            "Screenshot (418)",
            "Screenshot (409)",
            "Screenshot (410)",
            "Screenshot (433)",
            "Screenshot (419)",
            "Screenshot (415)"
        ],
        [
            "Screenshot (169)",
            "Screenshot (184)",
            "Screenshot (197)",
            "Screenshot (196)",
            "Screenshot (200)",
            "Screenshot (199)",
            "Screenshot (190)",
            "Screenshot (198)",
            "Screenshot (192)",
            "Screenshot (188)",
            "Screenshot (176)"
        ],
        [
            "Foto 220",
            "Foto 222",
            "Foto 158",
            "Foto 21",
            "Foto 141",
            "Foto 163",
            "Foto 225",
            "Foto 154",
            "Foto 206",
            "Foto 199",
            "Foto 37"
        ],
        [
            "DataSetVari 73",
            "DataSetVari 78",
            "DataSetVari 77",
            "DataSetVari 67",
            "DataSetVari 75",
            "DataSetVari 76",
            "DataSetVari 74",
            "DataSetVari 72",
            "DataSetVari 80",
            "DataSetVari 81",
            "DataSetVari 71"
        ],
        [
            "Foto 126",
            "Foto 125",
            "Foto 138",
            "Foto 122",
            "Foto 127",
            "Foto 130",
            "Foto 131",
            "Foto 111",
            "Foto 140",
            "Foto 112",
            "Foto 119"
        ],
        [
            "index72_frame_019",
            "index72_frame_014",
            "index72_frame_017",
            "index72_frame_013",
            "index72_frame_002",
            "index72_frame_016",
            "index72_frame_011",
            "index72_frame_001",
            "index72_frame_006",
            "index72_frame_008",
            "Foto 42"
        ],
        [
            "Screenshot (564)",
            "Screenshot (557)",
            "Screenshot (563)",
            "Screenshot (547)",
            "Screenshot (574)",
            "Screenshot (575)",
            "index18_frame_012",
            "Screenshot (569)",
            "index18_frame_014",
            "index4_frame_002",
            "index16_frame_013"
        ],
        [
            "index23_frame_013",
            "Alto 80",
            "Alto 77",
            "Alto 81",
            "index23_frame_002",
            "Alto 83",
            "index23_frame_016",
            "Alto 78",
            "index23_frame_010",
            "Alto 3",
            "Alto 48"
        ],
        [
            "Screenshot (506)",
            "Screenshot (512)",
            "Screenshot (528)",
            "Screenshot (499)",
            "Screenshot (531)",
            "Alto 27",
            "index73_frame_007",
            "Foto 227",
            "Foto 39",
            "Alto 23",
            "DataSetVari 13"
        ],
        [
            "index66_frame_012",
            "index2_frame_009",
            "index62_frame_009",
            "index66_frame_010",
            "index66_frame_004",
            "index66_frame_002",
            "index62_frame_010",
            "index69_frame_001",
            "index94_frame_006",
            "Foto 17",
            "index9_frame_009"
        ],
        [
            "index6_frame_002",
            "index6_frame_012",
            "index6_frame_005",
            "index6_frame_006",
            "index6_frame_010",
            "index6_frame_013",
            "index6_frame_003",
            "index6_frame_004",
            "index6_frame_009",
            "index6_frame_020",
            "index6_frame_017"
        ],
        [
            "index107_frame_004",
            "index107_frame_007",
            "index107_frame_011",
            "index107_frame_020",
            "index107_frame_016",
            "index107_frame_002",
