{
    "k": 48,
    "inertia_score": -164682.65625,
    "silhouette_score": 0.16410212218761444,
    "cluster_counts": [
        39,
        52,
        38,
        18,
        33,
        21,
        35,
        22,
        23,
        27,
        73,
        16,
        42,
        26,
        30,
        31,
        35,
        35,
        19,
        48,
        27,
        50,
        47,
        29,
        24,
        17,
        27,
        47,
        19,
        19,
        15,
        29,
        16,
        47,
        46,
        64,
        26,
        19,
        41,
        17,
        20,
        41,
        43,
        23,
        24,
        24,
        21,
        13
    ],
    "samples": [
        [
            "index79_frame_001",
            "index79_frame_009",
            "index79_frame_002",
            "index46_frame_008",
            "index7_frame_008",
            "index90_frame_023",
            "index90_frame_024",
            "index46_frame_011",
            "index46_frame_012"
        ],
        [
            "index95_frame_005",
            "index95_frame_009",
            "Screenshot (58)",
            "index33_frame_003",
            "index33_frame_008",
            "index9_frame_004",
            "Screenshot (63)",
            "index9_frame_011",
            "index9_frame_015"
        ],
        [
            "index114_frame_014",
            "index18_frame_013",
            "index18_frame_002",
            "index114_frame_019",
            "index114_frame_009",
            "index114_frame_006",
            "index5_frame_006",
            "index94_frame_006",
            "DataSetVari 59"
        ],
        [
            "index23_frame_012",
            "index23_frame_013",
            "index23_frame_005",
            "index23_frame_015",
            "index23_frame_011",
            "index23_frame_007",
            "index23_frame_006",
            "index23_frame_016",
            "index23_frame_009"
        ],
        [
            "index102_frame_012",
            "index102_frame_005",
            "index102_frame_017",
            "index102_frame_011",
            "index102_frame_014",
            "index108_frame_008",
            "index108_frame_016",
            "index108_frame_018",
            "index108_frame_007"
        ],
        [
            "index83_frame_011",
            "index83_frame_010",
            "index83_frame_007",
            "index83_frame_004",
            "index83_frame_005",
            "index2_frame_010",
            "index83_frame_003",
            "index2_frame_016",
            "index2_frame_011"
        ],
        [
            "Alto 87",
            "Alto 77",
            "Alto 80",
            "Alto 78",
            "Alto 84",
            "DataSetVari 40",
            "DataSetVari 34",
            "Alto 53",
            "Alto 47"
        ],
        [
            "Foto 185",
            "Foto 184",
            "Foto 186",
            "Foto 179",
            "Foto 180",
            "Foto 187",
            "Foto 177",
            "Foto 85",
            "Foto 141"
        ],
        [
            "index80_frame_011",
            "index80_frame_001",
            "index80_frame_012",
            "index80_frame_016",
            "index2_frame_004",
            "index80_frame_010",
            "index2_frame_001",
            "index80_frame_009",
            "index80_frame_007"
        ],
        [
            "index72_frame_010",
            "index72_frame_014",
            "index72_frame_017",
            "index72_frame_013",
            "index72_frame_005",
            "index72_frame_020",
            "index72_frame_004",
            "index16_frame_011",
            "index16_frame_013"
        ],
        [
            "index28_frame_004",
            "index100_frame_001",
            "index28_frame_010",
            "index100_frame_019",
            "index41_frame_008",
            "DataSetVari 64",
            "Screenshot (572)",
            "Screenshot (520)",
            "index26_frame_018"
        ],
        [
            "index74_frame_020",
            "index57_frame_016",
            "index74_frame_010",
            "index74_frame_009",
            "index57_frame_008",
            "index74_frame_015",
            "index57_frame_010",
            "index74_frame_018",
            "index74_frame_017"
        ],
        [
            "index66_frame_012",
            "index66_frame_008",
            "index62_frame_005",
            "index66_frame_011",
            "index62_frame_006",
            "index66_frame_004",
            "index62_frame_001",
            "index62_frame_016",
            "index62_frame_013"
        ],
        [
            "Screenshot (541)",
            "Screenshot (582)",
            "Screenshot (553)",
            "Screenshot (557)",
            "Screenshot (564)",
            "Screenshot (556)",
            "Screenshot (546)",
            "Screenshot (563)",
            "Screenshot (590)"
        ],
        [
            "Foto 126",
            "Foto 129",
            "Foto 121",
            "Foto 127",
            "Foto 111",
            "Foto 113",
            "Foto 112",
            "Foto 136",
            "Foto 135"
        ],
        [
            "Foto 224",
            "Foto 220",
            "Foto 158",
            "Foto 20",
            "Foto 49",
            "Foto 104",
            "Foto 27",
            "Foto 157",
            "Foto 40"
        ],
        [
            "Foto 175",
            "Foto 170",
            "Foto 174",
            "Foto 172",
            "index14_frame_007",
            "index94_frame_003",
            "Foto 37",
            "Foto 83",
            "index14_frame_017"
        ],
        [
            "Screenshot (302)",
            "Screenshot (303)",
            "Screenshot (291)",
            "Screenshot (325)",
            "Screenshot (306)",
            "Screenshot (324)",
            "Screenshot (315)",
            "Screenshot (319)",
            "index69_frame_005"
        ],
        [
            "index88_frame_004",
            "index88_frame_007",
            "index88_frame_017",
            "index88_frame_012",
            "index88_frame_002",
            "index88_frame_006",
            "index88_frame_019",
            "index88_frame_001",
            "index88_frame_010"
        ],
        [
            "Screenshot (631)",
            "index104_frame_011",
            "Screenshot (621)",
            "Screenshot (624)",
            "index104_frame_016",
            "index6_frame_013",
            "index6_frame_002",
            "index104_frame_003",
            "index104_frame_001"
        ],
        [
            "index107_frame_020",
            "index107_frame_004",
            "index107_frame_016",
            "index107_frame_014",
            "index107_frame_003",
            "Foto 206",
            "index16_frame_006",
            "index108_frame_014",
            "index14_frame_001"
        ],
        [
            "Foto 109",
            "Screenshot (683)",
            "Foto 13",
            "Foto 71",
            "Foto 164",
            "Foto 5",
            "Foto 84",
            "Foto 107",
            "Foto 45"
        ],
        [
            "Alto 12",
            "Alto 9",
            "Alto 13",
            "Alto 62",
            "Alto 61",
            "DataSetVari 1",
            "Alto 33",
            "Alto 43",
            "Alto 35"
        ],
        [
            "Screenshot (169)",
            "Screenshot (183)",
            "Screenshot (196)",
            "Screenshot (201)",
            "Screenshot (190)",
            "Screenshot (194)",
            "Screenshot (188)",
            "Screenshot (175)",
            "Screenshot (191)"
        ],
        [
            "index20_frame_004",
            "index20_frame_017",
            "index20_frame_009",
            "index20_frame_002",
            "index20_frame_019",
            "index20_frame_021",
            "index20_frame_018",
