{
    "k": 44,
    "inertia_score": -168257.984375,
    "silhouette_score": 0.17660237848758698,
    "clusters_counts": [
        26,
        68,
        42,
        64,
        12,
        20,
        76,
        72,
        24,
        23,
        29,
        85,
        11,
        29,
        14,
        26,
        30,
        50,
        64,
        48,
        19,
        40,
        35,
        51,
        18,
        21,
        79,
        11,
        17,
        36,
        29,
        19,
        18,
        18,
        17,
        27,
        15,
        20,
        18,
        25,
        46,
        36,
        58,
        12
    ],
    "samples": [
        [
            "DataSetVari 91",
            "index81_frame_018",
            "DataSetVari 95",
            "DataSetVari 90",
            "index81_frame_013",
            "DataSetVari 93",
            "DataSetVari 97",
            "Foto 97",
            "DataSetVari 86",
            "DataSetVari 85",
            "DataSetVari 87",
            "Foto 156"
        ],
        [
            "index28_frame_004",
            "index100_frame_013",
            "index28_frame_007",
            "index41_frame_017",
            "index100_frame_019",
            "index100_frame_009",
            "index100_frame_020",
            "index41_frame_020",
            "Screenshot (521)",
            "DataSetVari 54",
            "DataSetVari 56",
            "Screenshot (534)"
        ],
        [
            "Screenshot (138)",
            "Screenshot (150)",
            "Screenshot (161)",
            "Screenshot (146)",
            "Screenshot (144)",
            "Screenshot (129)",
            "Screenshot (137)",
            "Screenshot (158)",
            "Screenshot (120)",
            "Screenshot (119)",
            "Screenshot (156)",
            "Screenshot (121)"
        ],
        [
            "Screenshot (264)",
            "Screenshot (276)",
            "Screenshot (282)",
            "index88_frame_008",
            "index88_frame_011",
            "Screenshot (258)",
            "index88_frame_014",
            "index88_frame_017",
            "Screenshot (365)",
            "index88_frame_002",
            "index88_frame_003",
            "Screenshot (367)"
        ],
        [
            "index6_frame_002",
            "index6_frame_012",
            "index6_frame_005",
            "index6_frame_006",
            "index6_frame_010",
            "index6_frame_013",
            "index6_frame_003",
            "index6_frame_004",
            "index6_frame_009",
            "index6_frame_020",
            "index6_frame_017",
            "DataSetVari 48"
        ],
        [
            "Alto 13",
            "Alto 15",
            "Alto 19",
            "Alto 22",
            "Alto 16",
            "Alto 58",
            "Alto 62",
            "Alto 17",
            "Alto 20",
            "Alto 60",
            "Alto 14",
            "Alto 55"
        ],
        [
            "Foto 66",
            "Screenshot (685)",
            "Foto 99",
            "Foto 56",
            "Foto 28",
            "Foto 71",
            "Foto 102",
            "Foto 123",
            "Foto 37",
            "Foto 90",
            "Foto 2",
            "Foto 110"
        ],
        [
            "index86_frame_003",
            "index85_frame_008",
            "index3_frame_002",
            "index82_frame_014",
            "index3_frame_001",
            "index82_frame_001",
            "index82_frame_009",
            "index3_frame_019",
            "index82_frame_008",
            "index85_frame_013",
            "index90_frame_024",
            "index46_frame_013"
        ],
        [
            "index80_frame_011",
            "index80_frame_001",
            "index80_frame_012",
            "index80_frame_008",
            "index80_frame_016",
            "index80_frame_004",
            "index80_frame_009",
            "index80_frame_007",
            "index80_frame_005",
            "index80_frame_003",
            "index80_frame_018",
            "index80_frame_013"
        ],
        [
            "Screenshot (216)",
            "Screenshot (214)",
            "Screenshot (205)",
            "Screenshot (210)",
            "Screenshot (209)",
            "Screenshot (202)",
            "Screenshot (243)",
            "Screenshot (204)",
            "Screenshot (208)",
            "Screenshot (225)",
            "Screenshot (232)",
            "Screenshot (241)"
        ],
        [
            "Screenshot (169)",
            "Screenshot (184)",
            "Screenshot (197)",
            "Screenshot (196)",
            "Screenshot (200)",
            "Screenshot (199)",
            "Screenshot (190)",
            "Screenshot (198)",
            "Screenshot (192)",
            "Screenshot (188)",
            "Screenshot (176)",
            "Screenshot (177)"
        ],
        [
            "index66_frame_012",
            "index69_frame_005",
            "index66_frame_008",
            "index66_frame_013",
            "index2_frame_010",
            "Screenshot (306)",
            "index2_frame_018",
            "index69_frame_001",
            "index66_frame_002",
            "index62_frame_002",
            "index62_frame_013",
            "index62_frame_017"
        ],
        [
            "DataSetVari 42",
            "DataSetVari 34",
            "DataSetVari 41",
            "DataSetVari 36",
            "DataSetVari 40",
            "DataSetVari 43",
            "DataSetVari 29",
            "DataSetVari 28",
            "DataSetVari 33",
            "DataSetVari 31",
            "DataSetVari 37"
        ],
        [
            "Foto 126",
            "Foto 125",
            "Foto 138",
            "Foto 122",
            "Foto 127",
            "Foto 130",
            "Foto 131",
            "Foto 111",
            "Foto 140",
            "Foto 112",
            "Foto 119",
            "Foto 124"
        ],
        [
            "DataSetVari 45",
            "DataSetVari 44",
            "DataSetVari 35",
            "DataSetVari 38",
            "DataSetVari 96",
            "DataSetVari 32",
            "DataSetVari 94",
            "DataSetVari 100",
            "DataSetVari 92",
            "DataSetVari 88",
            "DataSetVari 39",
            "Foto 19"
        ],
        [
            "index59_frame_006",
            "index59_frame_004",
            "index59_frame_013",
            "index59_frame_003",
            "index59_frame_010",
            "index59_frame_008",
            "index59_frame_002",
            "index25_frame_017",
            "index25_frame_020",
            "DataSetVari 10",
            "DataSetVari 8",
            "DataSetVari 13"
        ],
        [
            "Screenshot (422)",
            "Screenshot (428)",
            "Screenshot (423)",
            "Screenshot (411)",
            "Screenshot (470)",
            "Screenshot (469)",
            "Screenshot (409)",
            "Screenshot (410)",
            "Screenshot (433)",
            "Screenshot (419)",
            "Screenshot (415)",
            "Screenshot (481)"
        ],
        [
            "index107_frame_020",
            "index107_frame_002",
            "Screenshot (329)",
            "index107_frame_006",
            "index107_frame_009",
            "index16_frame_010",
            "index107_frame_018",
            "index9_frame_016",
            "index94_frame_003",
            "index107_frame_003",
            "Foto 165",
            "Foto 200"
        ],
        [
            "index104_frame_005",
            "index104_frame_010",
            "index104_frame_015",
            "index102_frame_006",
            "Screenshot (624)",
            "Screenshot (640)",
            "index102_frame_011",
            "Screenshot (637)",
            "index102_frame_019",
            "DataSetVari 46",
            "index104_frame_001",
            "index108_frame_004"
        ],
        [
