{
    "k": 25,
    "inertia_score": -202341.90625,
    "silhouette_score": 0.13709361851215363,
    "clusters_counts": [
        79,
        112,
        45,
        103,
        65,
        31,
        62,
        43,
        45,
        40,
        33,
        70,
        81,
        105,
        43,
        45,
        110,
        67,
        20,
        38,
        34,
        43,
        27,
        53,
        104
    ],
    "samples": [
        [
            "index95_frame_005",
            "Screenshot (52)",
            "index95_frame_002",
            "index33_frame_006",
            "index20_frame_017",
            "index20_frame_014",
            "index20_frame_019",
            "Screenshot (58)",
            "index95_frame_017",
            "index95_frame_011",
            "index33_frame_016",
            "index33_frame_008",
            "index20_frame_005",
            "index20_frame_018",
            "index95_frame_012",
            "index20_frame_025",
            "index20_frame_007",
            "index9_frame_004",
            "Screenshot (64)",
            "Screenshot (67)",
            "index9_frame_003",
            "Screenshot (56)",
            "index9_frame_015",
            "index30_frame_006",
            "Foto 218"
        ],
        [
            "index38_frame_004",
            "Screenshot (232)",
            "index90_frame_003",
            "index38_frame_002",
            "index90_frame_004",
            "index59_frame_003",
            "index38_frame_016",
            "index90_frame_017",
            "index90_frame_015",
            "index38_frame_013",
            "Screenshot (248)",
            "index90_frame_019",
            "Screenshot (249)",
            "index38_frame_006",
            "index59_frame_001",
            "Screenshot (244)",
            "index59_frame_007",
            "index38_frame_019",
            "index109_frame_005",
            "index109_frame_019",
            "index109_frame_011",
            "index83_frame_013",
            "index109_frame_007",
            "index109_frame_015",
            "Foto 46"
        ],
        [
            "Screenshot (138)",
            "Screenshot (141)",
            "Screenshot (145)",
            "Screenshot (150)",
            "Screenshot (154)",
            "Screenshot (161)",
            "Screenshot (139)",
            "Screenshot (162)",
            "Screenshot (165)",
            "Screenshot (146)",
            "Screenshot (148)",
            "Screenshot (164)",
            "Screenshot (144)",
            "Screenshot (151)",
            "Screenshot (136)",
            "Screenshot (129)",
            "Screenshot (160)",
            "Screenshot (147)",
            "Screenshot (137)",
            "Screenshot (157)",
            "Screenshot (131)",
            "Screenshot (158)",
            "Screenshot (163)",
            "Screenshot (132)",
            "Screenshot (120)"
        ],
        [
            "index86_frame_003",
            "index85_frame_011",
            "index85_frame_012",
            "index82_frame_002",
            "index82_frame_015",
            "index86_frame_010",
            "index86_frame_012",
            "index3_frame_001",
            "index82_frame_009",
            "index79_frame_009",
            "index67_frame_001",
            "index3_frame_003",
            "index67_frame_010",
            "index79_frame_008",
            "index79_frame_013",
            "index79_frame_010",
            "index90_frame_024",
            "index46_frame_014",
            "index90_frame_022",
            "index46_frame_015",
            "index79_frame_002",
            "index86_frame_018",
            "index90_frame_025",
            "index65_frame_009",
            "index65_frame_017"
        ],
        [
            "Alto 87",
            "Alto 82",
            "Alto 77",
            "Alto 86",
            "Alto 83",
            "index23_frame_015",
            "Alto 78",
            "Alto 3",
            "index23_frame_006",
            "index23_frame_012",
            "index23_frame_010",
            "Alto 84",
            "index23_frame_004",
            "DataSetVari 43",
            "DataSetVari 42",
            "index23_frame_007",
            "index23_frame_020",
            "Alto 6",
            "Alto 12",
            "DataSetVari 33",
            "Alto 11",
            "Alto 4",
            "Alto 52",
            "Alto 53",
            "Alto 51"
        ],
        [
            "DataSetVari 73",
            "Alto 38",
            "DataSetVari 67",
            "Alto 39",
            "DataSetVari 72",
            "DataSetVari 78",
            "DataSetVari 74",
            "DataSetVari 76",
            "DataSetVari 71",
            "DataSetVari 80",
            "DataSetVari 77",
            "DataSetVari 79",
            "DataSetVari 81",
            "DataSetVari 75",
            "DataSetVari 68",
            "Alto 33",
            "DataSetVari 83",
            "Alto 34",
            "Alto 42",
            "Alto 43",
            "DataSetVari 69",
            "Alto 44",
            "Alto 40",
            "Alto 41",
            "DataSetVari 70"
        ],
        [
            "Screenshot (422)",
            "Screenshot (426)",
            "Screenshot (423)",
            "Screenshot (412)",
            "Screenshot (480)",
            "Screenshot (411)",
            "Screenshot (466)",
            "Screenshot (409)",
            "index18_frame_018",
            "Screenshot (433)",
            "index18_frame_004",
            "index114_frame_005",
            "Screenshot (415)",
            "Screenshot (492)",
            "index18_frame_006",
            "Screenshot (419)",
            "Screenshot (420)",
            "Screenshot (421)",
            "index18_frame_010",
            "index18_frame_014",
            "index18_frame_002",
            "DataSetVari 21",
            "Foto 209",
            "index5_frame_011",
            "index114_frame_009"
        ],
        [
            "Screenshot (291)",
            "Screenshot (292)",
            "Screenshot (302)",
            "Screenshot (303)",
            "Screenshot (301)",
            "Screenshot (284)",
            "Screenshot (306)",
            "Screenshot (289)",
            "Screenshot (285)",
            "Screenshot (290)",
            "Screenshot (294)",
            "Screenshot (313)",
            "Screenshot (318)",
            "Screenshot (312)",
            "Screenshot (315)",
            "Screenshot (309)",
            "Screenshot (320)",
            "Screenshot (324)",
            "index71_frame_004",
            "Screenshot (325)",
            "index71_frame_008",
            "index71_frame_012",
            "index71_frame_001",
            "Screenshot (319)",
            "index71_frame_011"
        ],
        [
            "index70_frame_004",
            "index70_frame_005",
            "index70_frame_011",
            "index70_frame_002",
            "index70_frame_003",
            "index70_frame_018",
            "index70_frame_010",
            "index70_frame_007",
            "index70_frame_001",
            "index70_frame_019",
            "index70_frame_006",
            "index70_frame_008",
            "index70_frame_012",
            "Screenshot (38)",
            "index70_frame_013",
            "Screenshot (37)",
            "index70_frame_009",
            "index70_frame_015",
            "index70_frame_020",
            "Screenshot (34)",
            "index70_frame_014",
            "index70_frame_016",
            "Screenshot (45)",
            "Screenshot (43)",
            "Screenshot (33)"
        ],
        [
            "index57_frame_009",
            "index57_frame_019",
            "index57_frame_006",
            "index74_frame_019",
            "index57_frame_016",
            "index74_frame_020",
            "index57_frame_013",
            "index57_frame_015",
            "index74_frame_014",
            "index74_frame_010",
