{
    "k": 19,
    "inertia_score": -217355.765625,
    "silhouette_score": 0.1251123547554016,
    "cluster_counts": [
        86,
        79,
        211,
        109,
        17,
        51,
        72,
        48,
        43,
        98,
        95,
        162,
        86,
        35,
        82,
        43,
        90,
        40,
        51
    ],
    "samples": [
        [
            "Foto 128",
            "Foto 126",
            "Foto 138",
            "Foto 147",
            "Foto 113",
            "Foto 112",
            "Foto 125",
            "Foto 122",
            "Foto 223",
            "Foto 130",
            "Foto 120",
            "Foto 136",
            "Foto 121",
            "Foto 124",
            "Foto 215",
            "Foto 87",
            "Foto 137",
            "Foto 222",
            "Foto 220",
            "Screenshot (337)",
            "Screenshot (338)",
            "Screenshot (340)",
            "Screenshot (329)",
            "index65_frame_001",
            "Foto 143",
            "Foto 225",
            "Foto 207",
            "index65_frame_002",
            "index65_frame_003"
        ],
        [
            "index28_frame_004",
            "index28_frame_003",
            "index100_frame_001",
            "index28_frame_007",
            "index100_frame_002",
            "index100_frame_013",
            "index28_frame_001",
            "index100_frame_003",
            "index28_frame_011",
            "index28_frame_012",
            "index41_frame_017",
            "index41_frame_018",
            "index100_frame_005",
            "index41_frame_019",
            "index28_frame_014",
            "index41_frame_008",
            "index41_frame_020",
            "index100_frame_006",
            "DataSetVari 55",
            "index100_frame_015",
            "DataSetVari 64",
            "DataSetVari 54",
            "index25_frame_001",
            "DataSetVari 26",
            "index41_frame_001",
            "DataSetVari 58",
            "DataSetVari 66",
            "DataSetVari 11",
            "Screenshot (533)"
        ],
        [
            "index2_frame_009",
            "Screenshot (292)",
            "index80_frame_019",
            "Screenshot (289)",
            "Screenshot (301)",
            "index66_frame_011",
            "index80_frame_014",
            "index2_frame_019",
            "Screenshot (315)",
            "index71_frame_009",
            "index70_frame_015",
            "index80_frame_010",
            "index71_frame_011",
            "index72_frame_010",
            "Screenshot (319)",
            "index62_frame_019",
            "index70_frame_017",
            "Screenshot (297)",
            "index9_frame_015",
            "index72_frame_003",
            "index72_frame_014",
            "Foto 53",
            "index7_frame_004",
            "index80_frame_013",
            "index62_frame_020",
            "index72_frame_008",
            "Screenshot (31)",
            "index62_frame_011",
            "Foto 29"
        ],
        [
            "index106_frame_002",
            "index106_frame_004",
            "Screenshot (422)",
            "index32_frame_015",
            "index32_frame_017",
            "index32_frame_013",
            "Screenshot (423)",
            "Screenshot (447)",
            "index114_frame_015",
            "index18_frame_012",
            "Screenshot (469)",
            "Screenshot (408)",
            "Foto 227",
            "DataSetVari 14",
            "Screenshot (466)",
            "index32_frame_019",
            "Screenshot (433)",
            "index18_frame_010",
            "Screenshot (414)",
            "Screenshot (415)",
            "index18_frame_015",
            "index106_frame_005",
            "Screenshot (420)",
            "index32_frame_009",
            "index32_frame_011",
            "Screenshot (438)",
            "index32_frame_005",
            "DataSetVari 21",
            "Foto 10"
        ],
        [
            "DataSetVari 73",
            "DataSetVari 78",
            "DataSetVari 77",
            "DataSetVari 67",
            "DataSetVari 75",
            "DataSetVari 76",
            "DataSetVari 74",
            "DataSetVari 72",
            "DataSetVari 80",
            "DataSetVari 81",
            "DataSetVari 71",
            "DataSetVari 68",
            "DataSetVari 79",
            "DataSetVari 82",
            "DataSetVari 69",
            "DataSetVari 70",
            "DataSetVari 83"
        ],
        [
            "Foto 181",
            "Foto 182",
            "Foto 187",
            "Foto 185",
            "Foto 178",
            "Foto 180",
            "Foto 184",
            "Foto 176",
            "Foto 183",
            "Foto 179",
            "Foto 186",
            "Foto 188",
            "Foto 177",
            "Foto 89",
            "Foto 85",
            "Foto 8",
            "Foto 142",
            "Foto 141",
            "index14_frame_016",
            "Foto 175",
            "index14_frame_018",
            "Foto 146",
            "Foto 169",
            "Foto 174",
            "Foto 104",
            "index14_frame_006",
            "index14_frame_017",
            "Foto 206",
            "Foto 173"
        ],
        [
            "index95_frame_005",
            "index95_frame_003",
            "index95_frame_004",
            "Screenshot (52)",
            "index20_frame_013",
            "index95_frame_020",
            "index20_frame_009",
            "index33_frame_006",
            "index20_frame_014",
            "Screenshot (50)",
            "index95_frame_014",
            "index20_frame_003",
            "index95_frame_001",
            "index20_frame_002",
            "index20_frame_021",
            "index95_frame_011",
            "index33_frame_016",
            "Screenshot (53)",
            "index33_frame_008",
            "index20_frame_018",
            "index20_frame_026",
            "index20_frame_016",
            "index33_frame_001",
            "index20_frame_022",
            "index33_frame_011",
            "index33_frame_009",
            "index33_frame_005",
            "Screenshot (64)",
            "Screenshot (67)"
        ],
        [
            "Screenshot (549)",
            "Screenshot (548)",
            "Screenshot (541)",
            "Screenshot (581)",
            "Screenshot (553)",
            "Screenshot (582)",
            "Screenshot (542)",
            "Screenshot (564)",
            "Screenshot (544)",
            "Screenshot (546)",
            "Screenshot (567)",
            "Screenshot (556)",
            "Screenshot (557)",
            "Screenshot (547)",
            "Screenshot (574)",
            "Screenshot (590)",
            "Screenshot (563)",
            "Screenshot (551)",
            "Screenshot (545)",
            "Screenshot (543)",
            "Screenshot (584)",
            "index4_frame_009",
            "Screenshot (576)",
            "Screenshot (575)",
            "Screenshot (595)",
            "Screenshot (569)",
            "index4_frame_006",
            "Screenshot (571)",
            "index4_frame_015"
        ],
        [
            "Alto 74",
            "Alto 69",
            "Alto 73",
            "Alto 72",
            "index81_frame_019",
            "index81_frame_009",
            "Alto 70",
            "Alto 31",
            "Alto 68",
            "Alto 66",
            "Alto 71",
            "Alto 30",
            "Alto 67",
            "index81_frame_018",
            "index81_frame_017",
            "Alto 32",
            "index81_frame_008",
            "Alto 65",
            "Alto 63",
            "index81_frame_013",
            "DataSetVari 91",
            "Alto 75",
            "DataSetVari 95",
            "index81_frame_003",
            "index81_frame_002",
            "index106_frame_010",
            "Screenshot (524)",
            "Foto 97",
            "Alto 64"
        ],
