{
    "k": 39,
    "inertia_score": -175213.28125,
    "silhouette_score": 0.16863664984703064,
    "clusters_counts": [
        86,
        38,
        72,
        79,
        106,
        40,
        21,
        30,
        12,
        43,
        39,
        54,
        40,
        73,
        17,
        29,
        43,
        69,
        23,
        32,
        19,
        33,
        64,
        14,
        35,
        31,
        52,
        49,
        14,
        29,
        29,
        32,
        20,
        16,
        30,
        35,
        17,
        14,
        19
    ],
    "samples": [
        [
            "index86_frame_003",
            "index85_frame_011",
            "index82_frame_014",
            "index85_frame_001",
            "index82_frame_015",
            "index86_frame_016",
            "index67_frame_009",
            "index82_frame_001",
            "index82_frame_013",
            "index67_frame_010",
            "index79_frame_009",
            "index67_frame_012",
            "index79_frame_010",
            "index86_frame_004",
            "index67_frame_003"
        ],
        [
            "Screenshot (549)",
            "Screenshot (548)",
            "Screenshot (582)",
            "Screenshot (564)",
            "Screenshot (542)",
            "Screenshot (574)",
            "Screenshot (557)",
            "Screenshot (547)",
            "Screenshot (563)",
            "Screenshot (545)",
            "Screenshot (576)",
            "index4_frame_009",
            "Screenshot (575)",
            "Screenshot (569)",
            "index4_frame_015"
        ],
        [
            "index28_frame_004",
            "index28_frame_008",
            "index100_frame_003",
            "index28_frame_002",
            "index41_frame_017",
            "index100_frame_005",
            "index100_frame_019",
            "index28_frame_014",
            "index41_frame_008",
            "index100_frame_015",
            "DataSetVari 64",
            "DataSetVari 54",
            "Screenshot (572)",
            "DataSetVari 66",
            "index25_frame_004"
        ],
        [
            "Screenshot (641)",
            "Screenshot (631)",
            "index104_frame_015",
            "index104_frame_012",
            "index102_frame_006",
            "index104_frame_018",
            "index102_frame_005",
            "index102_frame_011",
            "index108_frame_012",
            "index6_frame_012",
            "index6_frame_003",
            "index6_frame_017",
            "index6_frame_004",
            "Screenshot (644)",
            "index108_frame_011"
        ],
        [
            "index2_frame_009",
            "index2_frame_016",
            "index2_frame_001",
            "index80_frame_008",
            "index80_frame_005",
            "index2_frame_019",
            "index66_frame_004",
            "index80_frame_018",
            "index80_frame_015",
            "index83_frame_004",
            "index62_frame_007",
            "index62_frame_013",
            "Foto 68",
            "index19_frame_011",
            "index19_frame_013"
        ],
        [
            "index57_frame_009",
            "index57_frame_006",
            "index57_frame_016",
            "index57_frame_013",
            "index74_frame_014",
            "index57_frame_018",
            "index74_frame_009",
            "index57_frame_010",
            "index57_frame_017",
            "index74_frame_013",
            "index74_frame_007",
            "index74_frame_016",
            "index74_frame_004",
            "index57_frame_004",
            "index57_frame_003"
        ],
        [
            "Screenshot (16)",
            "Screenshot (22)",
            "Screenshot (10)",
            "Screenshot (14)",
            "Screenshot (7)",
            "Screenshot (15)",
            "Screenshot (20)",
            "Screenshot (8)",
            "Screenshot (17)",
            "Screenshot (6)",
            "Screenshot (23)",
            "Screenshot (19)",
            "Screenshot (25)",
            "Screenshot (12)",
            "Screenshot (21)"
        ],
        [
            "Screenshot (422)",
            "Screenshot (428)",
            "Screenshot (423)",
            "Screenshot (411)",
            "Screenshot (470)",
            "Screenshot (469)",
            "Screenshot (409)",
            "Screenshot (410)",
            "Screenshot (433)",
            "Screenshot (419)",
            "Screenshot (415)",
            "Screenshot (481)",
            "Screenshot (420)",
            "Screenshot (413)",
            "Screenshot (417)"
        ],
        [
            "Alto 34",
            "Alto 33",
            "Alto 43",
            "Alto 42",
            "Alto 39",
            "Alto 44",
            "Alto 36",
            "Alto 37",
            "Alto 40",
            "Alto 35",
            "Alto 41",
            "Alto 38"
        ],
        [
            "Screenshot (138)",
            "Screenshot (145)",
            "Screenshot (161)",
            "Screenshot (162)",
            "Screenshot (139)",
            "Screenshot (148)",
            "Screenshot (144)",
            "Screenshot (136)",
            "Screenshot (129)",
            "Screenshot (137)",
            "Screenshot (158)",
            "Screenshot (163)",
            "Screenshot (132)",
            "Screenshot (116)",
            "Screenshot (115)"
        ],
        [
            "Foto 109",
            "Screenshot (685)",
            "Screenshot (683)",
            "Screenshot (682)",
            "Foto 152",
            "Foto 197",
            "Foto 99",
            "Foto 60",
            "Foto 164",
            "Foto 105",
            "Foto 5",
            "Foto 84",
            "Foto 202",
            "Foto 204",
            "Foto 150"
        ],
        [
            "Alto 80",
            "Alto 82",
            "Alto 83",
            "index23_frame_013",
            "Alto 79",
            "index23_frame_002",
            "index23_frame_012",
            "index23_frame_010",
            "DataSetVari 42",
            "index23_frame_003",
            "DataSetVari 40",
            "index23_frame_007",
            "index23_frame_017",
            "DataSetVari 33",
            "Alto 4"
        ],
        [
            "Foto 87",
            "Foto 222",
            "Foto 8",
            "Foto 147",
            "Foto 223",
            "Foto 104",
            "Foto 27",
            "Foto 141",
            "Foto 213",
            "Foto 49",
            "Foto 215",
            "Foto 157",
            "Foto 54",
            "Foto 106",
            "Foto 100"
        ],
        [
            "index95_frame_005",
            "index95_frame_004",
            "index20_frame_012",
            "index20_frame_006",
            "index95_frame_018",
            "index95_frame_014",
            "index20_frame_003",
            "index95_frame_011",
            "index33_frame_016",
            "index33_frame_008",
            "index20_frame_026",
            "index20_frame_016",
            "index33_frame_010",
            "Screenshot (64)",
            "Screenshot (63)"
        ],
        [
            "Screenshot (337)",
            "Screenshot (340)",
            "Screenshot (338)",
            "Screenshot (330)",
            "Screenshot (329)",
            "Screenshot (328)",
            "Foto 163",
            "Foto 9",
            "Foto 200",
            "Foto 34",
            "Foto 75",
            "Foto 23",
            "Foto 77",
            "Foto 22",
            "Foto 44"
        ],
        [
            "Screenshot (94)",
            "Screenshot (87)",
            "Screenshot (97)",
            "Screenshot (89)",
            "Screenshot (95)",
            "Screenshot (81)",
            "Screenshot (91)",
            "Screenshot (83)",
            "Screenshot (104)",
            "Screenshot (99)",
            "Screenshot (101)",
            "Screenshot (84)",
