{
    "k": 12,
    "inertia_score": -293127.65625,
    "silhouette_score": 0.08395843952894211,
    "cluster_counts": [
        45,
        121,
        193,
        130,
        260,
        107,
        177,
        88,
        128,
        68,
        68,
        113
    ],
    "samples": [
        [
            "index41_frame_005",
            "index41_frame_001",
            "index41_frame_002",
            "index100_frame_002",
            "index100_frame_006",
            "index100_frame_017",
            "index100_frame_005",
            "index41_frame_008",
            "index100_frame_019",
            "index100_frame_004",
            "index100_frame_009",
            "index100_frame_015",
            "index100_frame_003",
            "index100_frame_010",
            "index100_frame_013",
            "index41_frame_013",
            "index41_frame_016",
            "index41_frame_019",
            "index41_frame_017",
            "index41_frame_018",
            "index100_frame_001",
            "index28_frame_009",
            "index100_frame_020",
            "index28_frame_004",
            "index28_frame_008",
            "index28_frame_006",
            "index41_frame_020",
            "index28_frame_010",
            "index28_frame_005",
            "index28_frame_011",
            "index28_frame_001",
            "index28_frame_003",
            "index28_frame_007"
        ],
        [
            "Foto 202",
            "Foto 33",
            "Foto 8",
            "Foto 27",
            "Foto 204",
            "Foto 216",
            "Foto 104",
            "Foto 3",
            "Foto 205",
            "Foto 55",
            "Foto 15",
            "Foto 165",
            "Foto 107",
            "Foto 76",
            "Foto 195",
            "Foto 68",
            "Foto 85",
            "Foto 106",
            "Foto 151",
            "Foto 153",
            "Foto 12",
            "Foto 152",
            "Foto 102",
            "Foto 70",
            "Foto 41",
            "Foto 34",
            "Foto 17",
            "Foto 54",
            "Foto 23",
            "Foto 164",
            "Foto 155",
            "Screenshot (679)",
            "Foto 199"
        ],
        [
            "Alto 9",
            "Alto 80",
            "Alto 87",
            "Alto 37",
            "index23_frame_019",
            "Alto 40",
            "Alto 84",
            "DataSetVari 42",
            "Alto 4",
            "Alto 71",
            "Alto 52",
            "DataSetVari 4",
            "Alto 77",
            "DataSetVari 87",
            "index23_frame_016",
            "DataSetVari 37",
            "Alto 73",
            "Screenshot (20)",
            "Alto 70",
            "Alto 32",
            "DataSetVari 32",
            "Alto 66",
            "Screenshot (14)",
            "Alto 7",
            "index81_frame_009",
            "DataSetVari 12",
            "DataSetVari 98",
            "Alto 15",
            "DataSetVari 85",
            "Alto 60",
            "Alto 17",
            "Alto 20",
            "Foto 227"
        ],
        [
            "index2_frame_006",
            "Screenshot (190)",
            "Screenshot (197)",
            "Screenshot (191)",
            "Screenshot (194)",
            "Screenshot (196)",
            "Screenshot (186)",
            "Screenshot (168)",
            "index80_frame_001",
            "index88_frame_013",
            "Screenshot (187)",
            "Screenshot (355)",
            "index2_frame_004",
            "index80_frame_005",
            "index80_frame_018",
            "index80_frame_002",
            "Screenshot (374)",
            "index80_frame_003",
            "index88_frame_011",
            "index70_frame_004",
            "index88_frame_007",
            "index69_frame_011",
            "index88_frame_012",
            "index69_frame_008",
            "index70_frame_003",
            "index80_frame_016",
            "index92_frame_009",
            "index70_frame_008",
            "index92_frame_017",
            "index88_frame_018",
            "index70_frame_002",
            "index70_frame_001",
            "index92_frame_008"
        ],
        [
            "index2_frame_015",
            "Screenshot (294)",
            "index66_frame_016",
            "Screenshot (309)",
            "index90_frame_017",
            "Screenshot (301)",
            "index38_frame_015",
            "index38_frame_007",
            "index59_frame_003",
            "Screenshot (34)",
            "Screenshot (225)",
            "index90_frame_020",
            "Screenshot (234)",
            "Screenshot (165)",
            "index90_frame_019",
            "index66_frame_002",
            "Screenshot (37)",
            "index71_frame_009",
            "Screenshot (43)",
            "Screenshot (321)",
            "index59_frame_009",
            "Screenshot (83)",
            "Screenshot (89)",
            "Screenshot (502)",
            "index71_frame_012",
            "Screenshot (84)",
            "Screenshot (29)",
            "Screenshot (529)",
            "DataSetVari 66",
            "index59_frame_008",
            "index113_frame_019",
            "index113_frame_020",
            "index113_frame_001"
        ],
        [
            "index67_frame_009",
            "index82_frame_013",
            "index3_frame_017",
            "index82_frame_003",
            "index90_frame_024",
            "index82_frame_014",
            "index82_frame_007",
            "index3_frame_012",
            "index82_frame_001",
            "index79_frame_011",
            "index67_frame_001",
            "index79_frame_009",
            "index3_frame_019",
            "index85_frame_008",
            "index82_frame_016",
            "index85_frame_002",
            "index90_frame_023",
            "index86_frame_009",
            "index86_frame_011",
            "index79_frame_002",
            "index85_frame_013",
            "index90_frame_021",
            "index86_frame_003",
            "index65_frame_011",
            "index46_frame_013",
            "index85_frame_014",
            "index85_frame_010",
            "index46_frame_010",
            "index65_frame_018",
            "index65_frame_006",
            "index46_frame_014",
            "index86_frame_005",
            "index65_frame_004"
        ],
        [
            "Screenshot (136)",
            "Screenshot (148)",
            "Screenshot (158)",
            "index62_frame_008",
            "index20_frame_009",
            "Screenshot (124)",
            "index9_frame_003",
            "Screenshot (138)",
            "Screenshot (133)",
            "index20_frame_013",
            "index20_frame_005",
            "Screenshot (65)",
            "Screenshot (156)",
            "index9_frame_004",
            "Screenshot (54)",
            "index107_frame_004",
            "index95_frame_005",
            "index54_frame_009",
            "index20_frame_024",
            "index20_frame_004",
            "index9_frame_009",
            "Screenshot (115)",
            "index95_frame_012",
            "index95_frame_011",
            "index19_frame_011",
            "index62_frame_004",
            "Screenshot (123)",
            "index20_frame_012",
            "index20_frame_006",
            "Screenshot (71)",
            "index54_frame_001",
            "DataSetVari 51",
            "Screenshot (77)"
        ],
        [
            "index74_frame_018",
            "Screenshot (266)",
            "index57_frame_006",
            "Screenshot (256)",
            "index57_frame_004",
            "Screenshot (264)",
            "index74_frame_008",
            "index74_frame_001",
            "index74_frame_005",
            "Screenshot (279)",
            "Screenshot (261)",
            "Screenshot (258)",
            "Screenshot (282)",
            "Screenshot (260)",
            "index74_frame_010",
