{
    "k": 48,
    "inertia_score": -206607.328125,
    "silhouette_score": 0.16102203726768494,
    "cluster_counts": [
        27,
        38,
        25,
        40,
        69,
        71,
        21,
        19,
        22,
        26,
        13,
        100,
        92,
        26,
        32,
        42,
        32,
        17,
        19,
        47,
        27,
        20,
        23,
        40,
        40,
        13,
        21,
        65,
        29,
        48,
        19,
        20,
        14,
        13,
        29,
        19,
        13,
        53,
        21,
        10,
        13,
        31,
        18,
        24,
        42,
        17,
        26,
        12
    ],
    "samples": [
        [
            "index79_frame_010",
            "index79_frame_001",
            "index79_frame_002",
            "index90_frame_022",
            "index90_frame_024",
            "index90_frame_030",
            "index90_frame_026",
            "index46_frame_013",
            "index46_frame_007"
        ],
        [
            "Foto 87",
            "Foto 43",
            "Foto 21",
            "Foto 141",
            "Foto 68",
            "Foto 210",
            "Foto 218",
            "Foto 196",
            "index19_frame_013"
        ],
        [
            "index20_frame_014",
            "index20_frame_026",
            "index20_frame_009",
            "index20_frame_004",
            "index20_frame_024",
            "index20_frame_010",
            "index20_frame_012",
            "index20_frame_022",
            "index20_frame_019"
        ],
        [
            "index90_frame_006",
            "index90_frame_016",
            "index90_frame_004",
            "index90_frame_008",
            "index90_frame_012",
            "index109_frame_005",
            "index90_frame_020",
            "index109_frame_001",
            "index109_frame_004"
        ],
        [
            "Screenshot (303)",
            "Screenshot (306)",
            "Screenshot (320)",
            "Screenshot (289)",
            "index66_frame_008",
            "index66_frame_013",
            "index69_frame_011",
            "index83_frame_009",
            "Screenshot (321)"
        ],
        [
            "index104_frame_015",
            "index102_frame_004",
            "index102_frame_008",
            "index104_frame_006",
            "index6_frame_003",
            "index6_frame_012",
            "Screenshot (637)",
            "index6_frame_017",
            "Screenshot (674)"
        ],
        [
            "Screenshot (2)",
            "Screenshot (11)",
            "Screenshot (25)",
            "Screenshot (24)",
            "Screenshot (7)",
            "Screenshot (17)",
            "Screenshot (23)",
            "Screenshot (18)",
            "Screenshot (15)"
        ],
        [
            "Alto 85",
            "Alto 76",
            "Alto 84",
            "Alto 82",
            "Alto 77",
            "Alto 2",
            "Alto 78",
            "Alto 11",
            "Alto 9"
        ],
        [
            "Screenshot (36)",
            "Screenshot (45)",
            "Screenshot (42)",
            "Screenshot (29)",
            "Screenshot (44)",
            "Screenshot (35)",
            "Screenshot (33)",
            "Screenshot (27)",
            "Screenshot (26)"
        ],
        [
            "index100_frame_006",
            "index100_frame_002",
            "index100_frame_009",
            "index100_frame_004",
            "index100_frame_003",
            "index41_frame_005",
            "index41_frame_016",
            "index41_frame_008",
            "index41_frame_017"
        ],
        [
            "Alto 34",
            "Alto 33",
            "Alto 43",
            "Alto 36",
            "Alto 40",
            "Alto 35",
            "Alto 42",
            "Alto 39",
            "Alto 41"
        ],
        [
            "Foto 202",
            "Foto 84",
            "Foto 108",
            "Foto 197",
            "Foto 148",
            "Foto 53",
            "Foto 82",
            "Screenshot (685)",
            "Foto 60"
        ],
        [
            "Screenshot (261)",
            "Screenshot (161)",
            "Screenshot (151)",
            "Screenshot (146)",
            "Screenshot (131)",
            "Screenshot (126)",
            "Screenshot (123)",
            "DataSetVari 49",
            "Foto 170"
        ],
        [
            "index80_frame_013",
            "index80_frame_004",
            "index80_frame_012",
            "index80_frame_006",
            "index80_frame_007",
            "index80_frame_008",
            "index80_frame_016",
            "index2_frame_004",
            "index80_frame_005"
        ],
        [
            "index23_frame_015",
            "index23_frame_013",
            "index23_frame_006",
            "index23_frame_007",
            "index23_frame_003",
            "index23_frame_020",
            "DataSetVari 43",
            "DataSetVari 40",
            "index23_frame_018"
        ],
        [
            "index85_frame_003",
            "index85_frame_002",
            "index82_frame_003",
            "index85_frame_004",
            "index86_frame_015",
            "index82_frame_002",
            "index82_frame_001",
            "index85_frame_011",
            "index86_frame_016"
        ],
        [
            "Foto 118",
            "Foto 129",
            "Foto 126",
            "Foto 128",
            "Foto 124",
            "Foto 131",
            "Foto 114",
            "Foto 136",
            "Foto 111"
        ],
        [
            "Screenshot (91)",
            "Screenshot (89)",
            "Screenshot (94)",
            "Screenshot (97)",
            "Screenshot (95)",
            "Screenshot (84)",
            "Screenshot (87)",
            "Screenshot (81)",
            "Screenshot (83)"
        ],
        [
            "index32_frame_017",
            "index32_frame_008",
            "index32_frame_010",
            "index32_frame_006",
            "index32_frame_004",
            "index32_frame_009",
            "index32_frame_011",
            "index32_frame_014",
            "index32_frame_005"
        ],
        [
            "index25_frame_005",
            "index25_frame_003",
            "index7_frame_001",
            "index7_frame_015",
            "index7_frame_018",
            "DataSetVari 5",
            "index25_frame_017",
            "index7_frame_006",
            "DataSetVari 23"
        ],
        [
            "Screenshot (57)",
            "Screenshot (55)",
            "index26_frame_004",
            "index26_frame_012",
            "Screenshot (58)",
            "index26_frame_015",
            "Screenshot (66)",
            "index30_frame_006",
            "index5_frame_011"
        ],
        [
            "index70_frame_016",
            "index70_frame_004",
            "index70_frame_010",
            "index70_frame_017",
            "index70_frame_018",
            "index70_frame_011",
            "index70_frame_005",
            "index70_frame_001",
            "index70_frame_013"
        ],
        [
            "Alto 57",
            "Alto 14",
            "Alto 18",
            "Alto 61",
            "Alto 62",
            "Alto 58",
            "Alto 5",
            "Alto 6",
            "Alto 21"
        ],
        [
            "index57_frame_009",
            "index57_frame_006",
            "index57_frame_004",
            "index74_frame_007",
            "index74_frame_006",
            "index57_frame_010",
            "index74_frame_019",
            "index57_frame_019",
            "index74_frame_005"
        ],
        [
            "Alto 69",
            "Alto 73",
            "Alto 68",
            "index81_frame_017",
            "index81_frame_013",
            "index81_frame_019",
            "DataSetVari 95",
            "DataSetVari 86",
            "Alto 31"
        ],
