{
    "k": 43,
    "inertia_score": -215658.28125,
    "silhouette_score": 0.1475512832403183,
    "clusters_counts": [
        29,
        36,
        25,
        66,
        19,
        67,
        18,
        79,
        13,
        27,
        40,
        22,
        39,
        28,
        31,
        25,
        60,
        77,
        45,
        9,
        14,
        23,
        19,
        16,
        32,
        55,
        13,
        21,
        88,
        21,
        23,
        45,
        27,
        36,
        25,
        13,
        20,
        41,
        40,
        18,
        74,
        25,
        54
    ],
    "samples": [
        [
            "Screenshot (190)",
            "Screenshot (193)",
            "Screenshot (196)",
            "Screenshot (189)",
            "Screenshot (191)",
            "Screenshot (187)",
            "Screenshot (199)",
            "Screenshot (167)",
            "Screenshot (174)",
            "Screenshot (188)",
            "Screenshot (176)",
            "Screenshot (170)",
            "Screenshot (200)"
        ],
        [
            "Screenshot (574)",
            "Screenshot (551)",
            "Screenshot (541)",
            "Screenshot (553)",
            "Screenshot (563)",
            "Screenshot (575)",
            "Screenshot (567)",
            "Screenshot (549)",
            "Screenshot (557)",
            "Screenshot (590)",
            "index4_frame_001",
            "Screenshot (556)",
            "index4_frame_006"
        ],
        [
            "Alto 69",
            "Alto 72",
            "Alto 74",
            "Alto 70",
            "Alto 64",
            "Alto 65",
            "index81_frame_013",
            "index81_frame_008",
            "Alto 73",
            "Alto 75",
            "Alto 66",
            "Alto 68",
            "index81_frame_003"
        ],
        [
            "Screenshot (422)",
            "Screenshot (425)",
            "Screenshot (480)",
            "Screenshot (412)",
            "Screenshot (418)",
            "Screenshot (421)",
            "Screenshot (447)",
            "DataSetVari 19",
            "index106_frame_014",
            "index106_frame_007",
            "DataSetVari 16",
            "index114_frame_014",
            "index114_frame_006"
        ],
        [
            "index109_frame_017",
            "index109_frame_005",
            "index109_frame_019",
            "index109_frame_016",
            "index109_frame_002",
            "index109_frame_015",
            "index109_frame_018",
            "index109_frame_004",
            "index109_frame_007",
            "index109_frame_010",
            "index109_frame_003",
            "index109_frame_011",
            "index109_frame_014"
        ],
        [
            "Screenshot (303)",
            "Screenshot (294)",
            "index2_frame_015",
            "Screenshot (315)",
            "index83_frame_015",
            "Screenshot (297)",
            "Screenshot (327)",
            "index66_frame_003",
            "index83_frame_007",
            "index66_frame_005",
            "index69_frame_011",
            "Screenshot (321)",
            "index69_frame_008"
        ],
        [
            "index108_frame_016",
            "DataSetVari 46",
            "index108_frame_008",
            "index108_frame_011",
            "index108_frame_007",
            "index108_frame_005",
            "index108_frame_012",
            "index108_frame_019",
            "index108_frame_018",
            "index108_frame_009",
            "index108_frame_006",
            "index108_frame_004",
            "index26_frame_012"
        ],
        [
            "index104_frame_015",
            "index104_frame_020",
            "index104_frame_001",
            "index102_frame_010",
            "index6_frame_005",
            "index102_frame_002",
            "index6_frame_012",
            "Screenshot (637)",
            "Screenshot (646)",
            "Screenshot (624)",
            "Alto 26",
            "index104_frame_005",
            "DataSetVari 59"
        ],
        [
            "DataSetVari 32",
            "DataSetVari 45",
            "DataSetVari 44",
            "DataSetVari 100",
            "DataSetVari 38",
            "DataSetVari 96",
            "DataSetVari 94",
            "DataSetVari 35",
            "DataSetVari 92",
            "DataSetVari 39",
            "DataSetVari 88",
            "DataSetVari 30",
            "Foto 19"
        ],
        [
            "index79_frame_010",
            "index79_frame_006",
            "index79_frame_013",
            "index79_frame_002",
            "index79_frame_012",
            "index79_frame_014",
            "index90_frame_024",
            "index90_frame_029",
            "index90_frame_025",
            "index90_frame_026",
            "index46_frame_008",
            "index46_frame_010",
            "index46_frame_007"
        ],
        [
            "index57_frame_009",
            "index57_frame_015",
            "index57_frame_018",
            "index74_frame_011",
            "index74_frame_007",
            "index57_frame_008",
            "index74_frame_016",
            "index57_frame_003",
            "index74_frame_019",
            "index74_frame_020",
            "index74_frame_008",
            "index57_frame_001",
            "index74_frame_017"
        ],
        [
            "Screenshot (89)",
            "Screenshot (91)",
            "Screenshot (94)",
            "Screenshot (97)",
            "Screenshot (87)",
            "Screenshot (95)",
            "Screenshot (84)",
            "Screenshot (101)",
            "Screenshot (83)",
            "Screenshot (81)",
            "Screenshot (99)",
            "Screenshot (100)",
            "Screenshot (80)"
        ],
        [
            "index90_frame_006",
            "index90_frame_017",
            "index90_frame_016",
            "index90_frame_019",
            "index90_frame_011",
            "index90_frame_009",
            "index90_frame_007",
            "Screenshot (512)",
            "Screenshot (532)",
            "Screenshot (523)",
            "Screenshot (510)",
            "DataSetVari 58",
            "index73_frame_007"
        ],
        [
            "index72_frame_006",
            "index72_frame_008",
            "index72_frame_014",
            "index72_frame_019",
            "index72_frame_018",
            "index72_frame_001",
            "index72_frame_013",
            "index72_frame_003",
            "index72_frame_009",
            "index72_frame_004",
            "index16_frame_016",
            "index16_frame_003",
            "index16_frame_001"
        ],
        [
            "Foto 118",
            "Foto 117",
            "Foto 127",
            "Foto 126",
            "Foto 128",
            "Foto 113",
            "Foto 138",
            "Foto 115",
            "Foto 119",
            "Foto 114",
            "Foto 135",
            "Foto 140",
            "Foto 132"
        ],
        [
            "DataSetVari 97",
            "DataSetVari 95",
            "DataSetVari 86",
            "DataSetVari 87",
            "DataSetVari 34",
            "DataSetVari 33",
            "DataSetVari 84",
            "DataSetVari 91",
            "DataSetVari 28",
            "DataSetVari 98",
            "DataSetVari 101",
            "DataSetVari 99",
            "DataSetVari 90"
        ],
        [
            "Screenshot (161)",
            "Screenshot (158)",
            "Screenshot (157)",
            "Screenshot (144)",
            "Screenshot (129)",
            "Screenshot (147)",
            "Screenshot (118)",
            "index9_frame_011",
            "Screenshot (116)",
            "index9_frame_003",
            "index14_frame_007",
            "index108_frame_014",
            "index9_frame_010"
        ],
        [
            "Foto 202",
            "index94_frame_003",
