{
    "k": 40,
    "inertia_score": -221500.640625,
    "silhouette_score": 0.13424994051456451,
    "cluster_counts": [
        44,
        53,
        40,
        44,
        34,
        20,
        12,
        31,
        14,
        17,
        42,
        53,
        58,
        71,
        39,
        26,
        101,
        33,
        29,
        26,
        28,
        75,
        43,
        19,
        39,
        20,
        57,
        52,
        20,
        38,
        21,
        30,
        31,
        27,
        58,
        23,
        18,
        19,
        19,
        74
    ],
    "samples": [
        [
            "Screenshot (136)",
            "Screenshot (159)",
            "Screenshot (148)",
            "Screenshot (160)",
            "Screenshot (144)",
            "Screenshot (139)",
            "Screenshot (124)",
            "Screenshot (129)",
            "Screenshot (147)",
            "Screenshot (133)",
            "Screenshot (143)",
            "Screenshot (126)",
            "Screenshot (122)",
            "Screenshot (118)",
            "Screenshot (162)"
        ],
        [
            "Screenshot (309)",
            "Screenshot (291)",
            "Screenshot (294)",
            "Screenshot (306)",
            "Screenshot (320)",
            "Screenshot (292)",
            "index2_frame_016",
            "Screenshot (313)",
            "index83_frame_003",
            "index83_frame_004",
            "index83_frame_013",
            "index83_frame_006",
            "index83_frame_009",
            "index83_frame_005",
            "index69_frame_009"
        ],
        [
            "index57_frame_009",
            "index57_frame_007",
            "index57_frame_006",
            "index57_frame_018",
            "index57_frame_004",
            "index57_frame_016",
            "index74_frame_007",
            "index74_frame_018",
            "index74_frame_006",
            "index74_frame_016",
            "index57_frame_010",
            "index74_frame_003",
            "index74_frame_019",
            "index74_frame_013",
            "index57_frame_019"
        ],
        [
            "index102_frame_004",
            "index102_frame_016",
            "index102_frame_006",
            "index102_frame_007",
            "index102_frame_001",
            "index102_frame_005",
            "index102_frame_018",
            "index102_frame_020",
            "index102_frame_011",
            "index108_frame_009",
            "index108_frame_018",
            "index108_frame_006",
            "index108_frame_016",
            "index6_frame_005",
            "index108_frame_005"
        ],
        [
            "Screenshot (24)",
            "Screenshot (10)",
            "Screenshot (14)",
            "Screenshot (16)",
            "Screenshot (20)",
            "Screenshot (8)",
            "Screenshot (11)",
            "Screenshot (17)",
            "Screenshot (21)",
            "Screenshot (13)",
            "Screenshot (19)",
            "DataSetVari 44",
            "DataSetVari 35",
            "DataSetVari 38",
            "Foto 19"
        ],
        [
            "index70_frame_016",
            "index70_frame_007",
            "index70_frame_004",
            "index70_frame_008",
            "index70_frame_010",
            "index70_frame_003",
            "index70_frame_017",
            "index70_frame_012",
            "index70_frame_018",
            "index70_frame_009",
            "index70_frame_011",
            "index70_frame_006",
            "index70_frame_005",
            "index70_frame_002",
            "index70_frame_001"
        ],
        [
            "Alto 14",
            "Alto 18",
            "Alto 22",
            "Alto 17",
            "Alto 15",
            "Alto 13",
            "Alto 20",
            "Alto 16",
            "Alto 19",
            "Alto 21",
            "Alto 88",
            "Foto 97"
        ],
        [
            "Screenshot (453)",
            "Screenshot (439)",
            "Screenshot (438)",
            "Screenshot (444)",
            "index114_frame_019",
            "DataSetVari 19",
            "Screenshot (445)",
            "index114_frame_015",
            "DataSetVari 18",
            "DataSetVari 13",
            "index114_frame_014",
            "DataSetVari 23",
            "index114_frame_006",
            "DataSetVari 59",
            "DataSetVari 2"
        ],
        [
            "index86_frame_012",
            "index86_frame_009",
            "index86_frame_011",
            "index86_frame_010",
            "index86_frame_015",
            "index86_frame_004",
            "index86_frame_007",
            "index86_frame_006",
            "index86_frame_001",
            "index86_frame_005",
            "index86_frame_016",
            "index86_frame_018",
            "index86_frame_017",
            "index86_frame_003"
        ],
        [
            "index107_frame_018",
            "index107_frame_016",
            "index107_frame_004",
            "index107_frame_006",
            "index107_frame_002",
            "index107_frame_017",
            "index107_frame_020",
            "index107_frame_013",
            "index107_frame_007",
            "index107_frame_011",
            "index107_frame_009",
            "index107_frame_003",
            "index107_frame_014",
            "DataSetVari 8",
            "index34_frame_014"
        ],
        [
            "Alto 78",
            "Alto 87",
            "Alto 9",
            "Alto 33",
            "Alto 85",
            "DataSetVari 41",
            "Alto 35",
            "DataSetVari 40",
            "Alto 83",
            "DataSetVari 33",
            "Alto 43",
            "Alto 76",
            "DataSetVari 34",
            "Alto 82",
            "Alto 77"
        ],
        [
            "index90_frame_003",
            "index90_frame_005",
            "index90_frame_016",
            "index109_frame_002",
            "index109_frame_019",
            "index90_frame_008",
            "index90_frame_009",
            "index90_frame_013",
            "index90_frame_011",
            "index90_frame_007",
            "index109_frame_011",
            "index109_frame_003",
            "index109_frame_020",
            "Screenshot (512)",
            "index109_frame_008"
        ],
        [
            "Foto 220",
            "Foto 222",
            "Foto 147",
            "Foto 158",
            "Foto 217",
            "Foto 157",
            "Foto 141",
            "Foto 144",
            "Foto 42",
            "Foto 209",
            "Foto 210",
            "Foto 98",
            "Foto 30",
            "Foto 44",
            "Foto 110"
        ],
        [
            "index38_frame_006",
            "index38_frame_015",
            "index38_frame_016",
            "index59_frame_013",
            "index38_frame_020",
            "index25_frame_003",
            "index38_frame_017",
            "index59_frame_009",
            "index25_frame_004",
            "index59_frame_005",
            "DataSetVari 48",
            "index7_frame_008",
            "index7_frame_015",
            "DataSetVari 62",
            "index7_frame_020"
        ],
        [
            "index20_frame_026",
            "index20_frame_014",
            "index20_frame_009",
            "index20_frame_010",
            "index20_frame_004",
            "index20_frame_022",
            "index20_frame_012",
            "index20_frame_025",
            "index20_frame_008",
            "Foto 169",
            "Foto 168",
            "index20_frame_002",
            "Foto 173",
            "Foto 175",
            "Foto 172"
        ],
        [
            "index100_frame_006",
            "index100_frame_017",
            "index100_frame_002",
            "index100_frame_005",
            "index100_frame_009",
            "index100_frame_019",
            "index100_frame_004",
