{
    "k": 27,
    "inertia_score": -246493.640625,
    "silhouette_score": 0.11711619049310684,
    "clusters_counts": [
        22,
        88,
        32,
        88,
        40,
        86,
        108,
        41,
        62,
        67,
        77,
        59,
        59,
        66,
        80,
        54,
        48,
        34,
        32,
        58,
        44,
        30,
        60,
        31,
        61,
        27,
        44
    ],
    "samples": [
        [
            "index32_frame_017",
            "index32_frame_008",
            "index32_frame_018",
            "index32_frame_015",
            "index32_frame_007",
            "index32_frame_016",
            "index32_frame_006",
            "index32_frame_010",
            "index32_frame_001",
            "index32_frame_004",
            "index32_frame_003",
            "index32_frame_009",
            "index32_frame_011",
            "index32_frame_002",
            "index32_frame_014",
            "index32_frame_019",
            "index32_frame_013",
            "index32_frame_005",
            "index32_frame_020",
            "Screenshot (521)",
            "Screenshot (520)",
            "Screenshot (573)"
        ],
        [
            "Screenshot (303)",
            "Screenshot (294)",
            "Screenshot (306)",
            "Screenshot (284)",
            "Screenshot (312)",
            "Screenshot (324)",
            "index2_frame_016",
            "Screenshot (289)",
            "Screenshot (313)",
            "index83_frame_013",
            "index66_frame_012",
            "index66_frame_007",
            "index83_frame_006",
            "Screenshot (42)",
            "Screenshot (38)",
            "Screenshot (45)",
            "index66_frame_014",
            "Screenshot (321)",
            "index83_frame_011",
            "index2_frame_009",
            "index69_frame_009",
            "Screenshot (504)",
            "Foto 24"
        ],
        [
            "index104_frame_011",
            "Screenshot (640)",
            "index104_frame_015",
            "index104_frame_019",
            "index104_frame_002",
            "index104_frame_003",
            "index104_frame_020",
            "index104_frame_010",
            "index104_frame_001",
            "Screenshot (673)",
            "index104_frame_018",
            "Screenshot (637)",
            "Screenshot (621)",
            "Screenshot (639)",
            "index104_frame_016",
            "index104_frame_004",
            "Screenshot (675)",
            "Screenshot (625)",
            "Screenshot (641)",
            "index104_frame_006",
            "Screenshot (670)",
            "Screenshot (674)",
            "Screenshot (644)"
        ],
        [
            "Alto 78",
            "index23_frame_002",
            "Alto 80",
            "index23_frame_019",
            "index23_frame_015",
            "index23_frame_003",
            "Alto 84",
            "index23_frame_011",
            "Alto 34",
            "index23_frame_004",
            "DataSetVari 34",
            "Alto 35",
            "Alto 10",
            "Alto 40",
            "Alto 77",
            "Alto 43",
            "Alto 37",
            "Alto 3",
            "Alto 42",
            "Alto 46",
            "DataSetVari 37",
            "Alto 16",
            "Alto 52"
        ],
        [
            "index57_frame_009",
            "index57_frame_013",
            "index57_frame_007",
            "index57_frame_015",
            "index57_frame_006",
            "index57_frame_020",
            "index57_frame_018",
            "index74_frame_004",
            "index57_frame_004",
            "index74_frame_011",
            "index57_frame_016",
            "index57_frame_012",
            "index74_frame_007",
            "index74_frame_010",
            "index74_frame_018",
            "index57_frame_008",
            "index74_frame_006",
            "index57_frame_017",
            "index74_frame_016",
            "index57_frame_011",
            "index57_frame_010",
            "index57_frame_003",
            "index74_frame_003"
        ],
        [
            "Foto 202",
            "Foto 92",
            "Foto 100",
            "Foto 8",
            "Foto 84",
            "index94_frame_002",
            "Foto 104",
            "Foto 107",
            "Foto 105",
            "Foto 76",
            "Foto 7",
            "Foto 15",
            "Foto 151",
            "Foto 72",
            "Foto 203",
            "Foto 41",
            "Foto 153",
            "Foto 34",
            "Foto 81",
            "Foto 95",
            "Foto 26",
            "Foto 23",
            "Foto 145"
        ],
        [
            "index67_frame_009",
            "index3_frame_013",
            "index67_frame_006",
            "index90_frame_024",
            "index3_frame_003",
            "index82_frame_007",
            "index3_frame_012",
            "index79_frame_011",
            "index90_frame_029",
            "index3_frame_019",
            "index82_frame_016",
            "index85_frame_004",
            "index90_frame_023",
            "index86_frame_009",
            "index86_frame_015",
            "index85_frame_013",
            "index90_frame_026",
            "index79_frame_014",
            "index46_frame_013",
            "index86_frame_004",
            "index86_frame_007",
            "index86_frame_006",
            "index65_frame_003"
        ],
        [
            "Alto 69",
            "Alto 72",
            "Alto 74",
            "Alto 73",
            "Alto 66",
            "Alto 71",
            "DataSetVari 97",
            "Alto 68",
            "Alto 64",
            "index106_frame_010",
            "Alto 70",
            "Alto 65",
            "index81_frame_017",
            "Screenshot (524)",
            "index81_frame_008",
            "index81_frame_009",
            "index81_frame_013",
            "Alto 63",
            "DataSetVari 84",
            "index81_frame_018",
            "DataSetVari 87",
            "Alto 75",
            "index81_frame_019"
        ],
        [
            "Screenshot (541)",
            "Screenshot (563)",
            "Screenshot (582)",
            "Screenshot (546)",
            "Screenshot (543)",
            "Screenshot (574)",
            "Screenshot (542)",
            "Screenshot (547)",
            "Screenshot (545)",
            "Screenshot (549)",
            "Foto 177",
            "index4_frame_009",
            "Foto 178",
            "index4_frame_001",
            "Foto 185",
            "index18_frame_015",
            "index18_frame_013",
            "Foto 184",
            "index18_frame_006",
            "Screenshot (590)",
            "index4_frame_003",
            "index4_frame_006",
            "index18_frame_012"
        ],
        [
            "index62_frame_008",
            "Screenshot (53)",
            "Screenshot (50)",
            "index33_frame_004",
            "index62_frame_009",
            "index62_frame_013",
            "index20_frame_017",
            "Screenshot (64)",
            "index33_frame_010",
            "Screenshot (65)",
            "Screenshot (54)",
            "index33_frame_009",
            "index9_frame_015",
            "Screenshot (56)",
            "index33_frame_011",
            "index62_frame_011",
            "index62_frame_017",
            "index62_frame_010",
            "index33_frame_001",
            "index9_frame_011",
            "index33_frame_002",
            "index62_frame_018",
            "index33_frame_008"
        ],
        [
            "index2_frame_006",
            "index80_frame_012",
            "index80_frame_009",
            "index80_frame_005",
            "index80_frame_015",
            "Screenshot (355)",
            "index80_frame_014",
            "index70_frame_008",
            "index80_frame_001",
            "index80_frame_010",
            "index2_frame_001",
