{
    "k": 8,
    "inertia_score": -313312.03125,
    "silhouette_score": 0.06803234666585922,
    "clusters_counts": [
        192,
        202,
        233,
        199,
        170,
        153,
        239,
        110
    ],
    "samples": [
        [
            "Foto 87",
            "Foto 84",
            "Foto 198",
            "Foto 219",
            "Foto 104",
            "Foto 165",
            "Foto 130",
            "Foto 222",
            "Foto 106",
            "Foto 66",
            "Foto 115",
            "Foto 64",
            "Foto 112",
            "Foto 96",
            "Foto 5",
            "Foto 107",
            "Foto 88",
            "Foto 126",
            "Foto 13",
            "Foto 50",
            "Foto 138",
            "Foto 210",
            "Foto 143",
            "Foto 86",
            "Foto 79",
            "Foto 136",
            "Foto 155",
            "Foto 218",
            "Foto 99",
            "Foto 75",
            "Foto 142",
            "Foto 120",
            "Screenshot (680)",
            "Foto 133",
            "Foto 200",
            "Foto 59"
        ],
        [
            "index104_frame_015",
            "index104_frame_020",
            "index32_frame_008",
            "index102_frame_011",
            "index100_frame_006",
            "index102_frame_014",
            "index100_frame_019",
            "DataSetVari 56",
            "index104_frame_001",
            "index41_frame_008",
            "index100_frame_013",
            "index108_frame_001",
            "index6_frame_012",
            "DataSetVari 55",
            "index100_frame_001",
            "index108_frame_004",
            "index41_frame_018",
            "Screenshot (439)",
            "index32_frame_006",
            "Screenshot (25)",
            "index108_frame_007",
            "Screenshot (21)",
            "index106_frame_014",
            "Screenshot (13)",
            "index108_frame_011",
            "Screenshot (572)",
            "index106_frame_005",
            "Screenshot (463)",
            "index32_frame_009",
            "Screenshot (18)",
            "index32_frame_015",
            "Screenshot (7)",
            "index32_frame_019",
            "index28_frame_004",
            "index114_frame_009",
            "index28_frame_011"
        ],
        [
            "index2_frame_015",
            "Screenshot (284)",
            "index83_frame_013",
            "Screenshot (320)",
            "Screenshot (324)",
            "index2_frame_010",
            "index83_frame_007",
            "index83_frame_006",
            "Screenshot (247)",
            "index38_frame_007",
            "index66_frame_010",
            "index83_frame_010",
            "index90_frame_020",
            "Screenshot (205)",
            "Screenshot (45)",
            "index90_frame_015",
            "Screenshot (232)",
            "Screenshot (236)",
            "index69_frame_009",
            "index38_frame_020",
            "index90_frame_001",
            "index90_frame_013",
            "Screenshot (241)",
            "Screenshot (43)",
            "index2_frame_011",
            "index59_frame_001",
            "Screenshot (512)",
            "Screenshot (531)",
            "index71_frame_017",
            "DataSetVari 58",
            "Screenshot (529)",
            "Screenshot (505)",
            "index71_frame_006",
            "index113_frame_020",
            "index113_frame_005",
            "index113_frame_002"
        ],
        [
            "index18_frame_012",
            "Screenshot (57)",
            "Screenshot (557)",
            "index9_frame_015",
            "index18_frame_004",
            "index9_frame_016",
            "DataSetVari 9",
            "index18_frame_018",
            "index72_frame_008",
            "index18_frame_008",
            "Screenshot (80)",
            "Screenshot (544)",
            "Screenshot (84)",
            "index26_frame_015",
            "index72_frame_014",
            "Screenshot (553)",
            "Screenshot (101)",
            "Screenshot (584)",
            "Screenshot (564)",
            "Screenshot (549)",
            "index107_frame_007",
            "Foto 180",
            "Foto 181",
            "Screenshot (81)",
            "index4_frame_001",
            "index72_frame_019",
            "Screenshot (55)",
            "index20_frame_017",
            "index20_frame_018",
            "index16_frame_011",
            "index7_frame_018",
            "index16_frame_001",
            "index16_frame_010",
            "DataSetVari 11",
            "index54_frame_002",
            "index107_frame_017"
        ],
        [
            "Alto 9",
            "DataSetVari 34",
            "Alto 80",
            "DataSetVari 40",
            "Alto 34",
            "index23_frame_019",
            "index23_frame_002",
            "index23_frame_005",
            "index23_frame_011",
            "Alto 69",
            "index23_frame_013",
            "Alto 36",
            "index23_frame_010",
            "Alto 16",
            "DataSetVari 86",
            "Alto 71",
            "Alto 42",
            "Alto 82",
            "index23_frame_016",
            "Alto 2",
            "Alto 73",
            "index81_frame_017",
            "Alto 65",
            "DataSetVari 74",
            "Alto 53",
            "Alto 48",
            "DataSetVari 98",
            "Alto 67",
            "index81_frame_018",
            "Alto 17",
            "Alto 15",
            "DataSetVari 80",
            "Alto 60",
            "DataSetVari 77",
            "DataSetVari 79",
            "Alto 50"
        ],
        [
            "Screenshot (426)",
            "Screenshot (423)",
            "Screenshot (492)",
            "Screenshot (409)",
            "Screenshot (428)",
            "Screenshot (408)",
            "index74_frame_018",
            "index74_frame_011",
            "Screenshot (419)",
            "Screenshot (420)",
            "Screenshot (417)",
            "index74_frame_007",
            "index57_frame_014",
            "Screenshot (466)",
            "index20_frame_026",
            "Screenshot (461)",
            "index20_frame_009",
            "index57_frame_017",
            "index57_frame_010",
            "Screenshot (438)",
            "index109_frame_020",
            "index106_frame_002",
            "index20_frame_001",
            "index14_frame_017",
            "DataSetVari 25",
            "index95_frame_009",
            "index95_frame_017",
            "index95_frame_014",
            "index95_frame_008",
            "index62_frame_002",
            "index108_frame_014",
            "Foto 175",
            "index14_frame_018",
            "index62_frame_004",
            "index95_frame_002",
            "index74_frame_002"
        ],
        [
            "Screenshot (255)",
            "Screenshot (193)",
            "Screenshot (276)",
            "Screenshot (148)",
            "Screenshot (185)",
            "Screenshot (355)",
            "Screenshot (260)",
            "index109_frame_014",
            "index70_frame_007",
            "index80_frame_017",
            "Screenshot (357)",
            "Screenshot (283)",
            "Screenshot (177)",
            "Screenshot (154)",
            "Screenshot (173)",
            "Screenshot (277)",
            "Screenshot (160)",
            "Screenshot (169)",
            "index80_frame_003",
            "index80_frame_014",
            "index88_frame_018",
            "index109_frame_002",
            "Screenshot (147)",
            "Screenshot (259)",
            "Screenshot (144)",
            "index80_frame_016",
            "index109_frame_019",
            "index109_frame_011",
            "index70_frame_011",
            "Screenshot (118)",
            "Screenshot (122)",
            "index88_frame_019",
            "index62_frame_019",
            "Screenshot (138)",
