{
    "k": 23,
    "inertia_score": -257645.546875,
    "silhouette_score": 0.10991524904966354,
    "clusters_counts": [
        9,
        53,
        45,
        148,
        71,
        102,
        77,
        113,
        34,
        63,
        66,
        20,
        40,
        51,
        136,
        30,
        31,
        92,
        101,
        31,
        63,
        67,
        55
    ],
    "samples": [
        [
            "Screenshot (679)",
            "Screenshot (684)",
            "Screenshot (683)",
            "Screenshot (680)",
            "Screenshot (685)",
            "Screenshot (682)",
            "Foto 13",
            "Foto 63",
            "Foto 51"
        ],
        [
            "index72_frame_006",
            "index72_frame_014",
            "index72_frame_011",
            "index72_frame_012",
            "index72_frame_005",
            "index72_frame_013",
            "index72_frame_001",
            "index72_frame_007",
            "index72_frame_010",
            "index72_frame_009",
            "index33_frame_001",
            "index7_frame_008",
            "index7_frame_020",
            "index33_frame_004",
            "index33_frame_003",
            "index33_frame_006",
            "index33_frame_005",
            "index33_frame_002",
            "index7_frame_018",
            "index7_frame_014",
            "index7_frame_006",
            "index9_frame_019",
            "index33_frame_016",
            "DataSetVari 11",
            "index19_frame_013",
            "index19_frame_012"
        ],
        [
            "index41_frame_005",
            "index41_frame_001",
            "index41_frame_002",
            "index100_frame_002",
            "index100_frame_006",
            "index100_frame_017",
            "index100_frame_005",
            "index41_frame_008",
            "index100_frame_019",
            "index100_frame_004",
            "index100_frame_009",
            "index100_frame_015",
            "index100_frame_003",
            "index100_frame_010",
            "index100_frame_013",
            "index41_frame_013",
            "index41_frame_016",
            "index41_frame_019",
            "index41_frame_017",
            "index41_frame_018",
            "index100_frame_001",
            "index28_frame_009",
            "index100_frame_020",
            "index28_frame_004",
            "index28_frame_008",
            "index28_frame_006"
        ],
        [
            "Screenshot (255)",
            "Screenshot (278)",
            "Screenshot (261)",
            "Screenshot (136)",
            "Screenshot (281)",
            "Screenshot (151)",
            "Screenshot (359)",
            "Screenshot (280)",
            "Screenshot (150)",
            "Screenshot (154)",
            "Screenshot (407)",
            "index70_frame_001",
            "Screenshot (347)",
            "index88_frame_014",
            "Screenshot (367)",
            "Screenshot (147)",
            "index70_frame_009",
            "Screenshot (131)",
            "index109_frame_016",
            "index79_frame_014",
            "index70_frame_010",
            "index70_frame_019",
            "Screenshot (141)",
            "Screenshot (137)",
            "index70_frame_006",
            "index92_frame_016"
        ],
        [
            "Screenshot (89)",
            "Screenshot (91)",
            "Screenshot (57)",
            "Screenshot (95)",
            "Screenshot (80)",
            "index18_frame_012",
            "Screenshot (104)",
            "Screenshot (81)",
            "index26_frame_018",
            "index18_frame_015",
            "index30_frame_006",
            "index18_frame_004",
            "index18_frame_018",
            "index25_frame_004",
            "index26_frame_015",
            "Screenshot (103)",
            "Screenshot (64)",
            "Screenshot (100)",
            "index5_frame_001",
            "Screenshot (65)",
            "index5_frame_006",
            "Screenshot (55)",
            "Screenshot (102)",
            "Screenshot (53)",
            "Screenshot (59)",
            "Screenshot (52)"
        ],
        [
            "index66_frame_007",
            "index59_frame_002",
            "Screenshot (206)",
            "index38_frame_014",
            "index66_frame_008",
            "Screenshot (205)",
            "Screenshot (208)",
            "index66_frame_001",
            "index66_frame_010",
            "index71_frame_002",
            "Screenshot (209)",
            "index66_frame_003",
            "Screenshot (236)",
            "index66_frame_014",
            "Screenshot (241)",
            "index38_frame_004",
            "index71_frame_014",
            "index59_frame_009",
            "index59_frame_001",
            "index71_frame_015",
            "index59_frame_006",
            "Screenshot (249)",
            "index38_frame_001",
            "index38_frame_017",
            "index59_frame_008",
            "index25_frame_001"
        ],
        [
            "index23_frame_009",
            "index23_frame_019",
            "index23_frame_005",
            "index23_frame_006",
            "index23_frame_013",
            "Alto 8",
            "index23_frame_007",
            "index23_frame_017",
            "DataSetVari 43",
            "index23_frame_012",
            "index23_frame_001",
            "DataSetVari 41",
            "Alto 79",
            "DataSetVari 33",
            "Alto 84",
            "index23_frame_020",
            "DataSetVari 42",
            "Alto 10",
            "Alto 85",
            "Alto 76",
            "Alto 46",
            "Alto 38",
            "Alto 3",
            "Alto 82",
            "Alto 2",
            "Alto 13"
        ],
        [
            "index102_frame_006",
            "index102_frame_004",
            "index102_frame_018",
            "index102_frame_002",
            "index104_frame_019",
            "index102_frame_012",
            "index104_frame_001",
            "index32_frame_007",
            "index108_frame_004",
            "index6_frame_012",
            "index6_frame_005",
            "DataSetVari 46",
            "Screenshot (636)",
            "index108_frame_006",
            "index108_frame_008",
            "Screenshot (517)",
            "Screenshot (640)",
            "Screenshot (632)",
            "Alto 26",
            "index32_frame_018",
            "Screenshot (670)",
            "index32_frame_002",
            "Screenshot (673)",
            "Screenshot (675)",
            "index32_frame_020",
            "Alto 23"
        ],
        [
            "Screenshot (24)",
            "Screenshot (23)",
            "Screenshot (10)",
            "Screenshot (15)",
            "Screenshot (14)",
            "Screenshot (2)",
            "Screenshot (16)",
            "Screenshot (22)",
            "Screenshot (20)",
            "Screenshot (25)",
            "Screenshot (8)",
            "Screenshot (6)",
            "Screenshot (11)",
            "Screenshot (9)",
            "Screenshot (17)",
            "Screenshot (7)",
            "Screenshot (21)",
            "Screenshot (18)",
            "Screenshot (13)",
            "Screenshot (12)",
            "Screenshot (19)",
            "DataSetVari 32",
            "DataSetVari 44",
            "DataSetVari 45",
            "DataSetVari 35",
            "DataSetVari 94"
        ],
        [
            "index20_frame_014",
            "index20_frame_026",
            "index20_frame_010",
            "index20_frame_006",
            "index20_frame_004",
            "index20_frame_024",
            "index95_frame_005",
            "index20_frame_025",
            "index95_frame_014",
            "index20_frame_012",
            "index20_frame_022",
            "index95_frame_011",
            "index95_frame_003",
            "index95_frame_004",
            "index20_frame_019",
            "index14_frame_017",
