{
    "k": 47,
    "inertia_score": -210780.09375,
    "silhouette_score": 0.14637620747089386,
    "clusters_counts": [
        34,
        47,
        18,
        22,
        53,
        18,
        43,
        34,
        24,
        80,
        91,
        43,
        29,
        53,
        31,
        20,
        14,
        40,
        31,
        27,
        36,
        40,
        90,
        32,
        46,
        14,
        13,
        31,
        33,
        29,
        20,
        34,
        19,
        19,
        13,
        20,
        21,
        40,
        16,
        17,
        30,
        16,
        39,
        20,
        9,
        18,
        31
    ],
    "samples": [
        [
            "Foto 188",
            "Foto 178",
            "index18_frame_010",
            "Foto 184",
            "Foto 186",
            "index18_frame_006",
            "index18_frame_012",
            "Foto 176",
            "index18_frame_018",
            "index16_frame_011"
        ],
        [
            "index90_frame_022",
            "index79_frame_006",
            "index79_frame_009",
            "index79_frame_011",
            "index90_frame_023",
            "index92_frame_006",
            "index46_frame_010",
            "index92_frame_017",
            "index9_frame_011",
            "index92_frame_016"
        ],
        [
            "index114_frame_015",
            "index114_frame_019",
            "index114_frame_012",
            "index114_frame_009",
            "index114_frame_006",
            "index114_frame_014",
            "index114_frame_005",
            "DataSetVari 13",
            "DataSetVari 23",
            "DataSetVari 5"
        ],
        [
            "index23_frame_017",
            "index23_frame_004",
            "index23_frame_012",
            "index23_frame_019",
            "index23_frame_001",
            "index23_frame_007",
            "index23_frame_011",
            "index23_frame_016",
            "index23_frame_020",
            "Alto 46"
        ],
        [
            "index59_frame_003",
            "index38_frame_006",
            "index66_frame_001",
            "index66_frame_010",
            "index66_frame_002",
            "index38_frame_012",
            "Screenshot (164)",
            "index38_frame_017",
            "index38_frame_013",
            "index59_frame_005"
        ],
        [
            "index88_frame_004",
            "index88_frame_011",
            "index88_frame_009",
            "index88_frame_012",
            "index88_frame_008",
            "index88_frame_017",
            "index88_frame_018",
            "index88_frame_014",
            "index88_frame_013",
            "index88_frame_007"
        ],
        [
            "index102_frame_004",
            "index102_frame_017",
            "index102_frame_002",
            "index102_frame_018",
            "index6_frame_006",
            "index6_frame_020",
            "index6_frame_002",
            "index6_frame_009",
            "index108_frame_018",
            "Screenshot (631)"
        ],
        [
            "Screenshot (24)",
            "Screenshot (15)",
            "Screenshot (16)",
            "Screenshot (25)",
            "Screenshot (11)",
            "Screenshot (7)",
            "Screenshot (13)",
            "DataSetVari 32",
            "DataSetVari 35",
            "DataSetVari 100"
        ],
        [
            "Screenshot (303)",
            "Screenshot (312)",
            "Screenshot (309)",
            "Screenshot (306)",
            "Screenshot (324)",
            "Screenshot (284)",
            "Screenshot (315)",
            "Screenshot (319)",
            "Screenshot (285)",
            "Screenshot (292)"
        ],
        [
            "index67_frame_009",
            "index82_frame_003",
            "index3_frame_018",
            "index82_frame_016",
            "index67_frame_001",
            "index86_frame_011",
            "index86_frame_004",
            "index86_frame_006",
            "index65_frame_013",
            "index65_frame_001"
        ],
        [
            "Foto 202",
            "Foto 33",
            "Foto 66",
            "Foto 108",
            "Foto 15",
            "Foto 203",
            "Foto 41",
            "Foto 74",
            "Foto 218",
            "Foto 80"
        ],
        [
            "Screenshot (256)",
            "Screenshot (266)",
            "Screenshot (283)",
            "Screenshot (271)",
            "Screenshot (277)",
            "Screenshot (274)",
            "Screenshot (257)",
            "index109_frame_003",
            "index109_frame_015",
            "index109_frame_008"
        ],
        [
            "index25_frame_001",
            "index25_frame_006",
            "index25_frame_002",
            "index25_frame_011",
            "DataSetVari 3",
            "index25_frame_015",
            "Screenshot (68)",
            "DataSetVari 66",
            "index25_frame_017",
            "DataSetVari 58"
        ],
        [
            "Foto 220",
            "Foto 147",
            "Foto 215",
            "Foto 225",
            "Screenshot (682)",
            "Foto 39",
            "Foto 210",
            "Foto 54",
            "Foto 94",
            "Foto 4"
        ],
        [
            "Screenshot (206)",
            "Screenshot (216)",
            "Screenshot (205)",
            "Screenshot (243)",
            "Screenshot (234)",
            "Screenshot (233)",
            "Screenshot (241)",
            "Screenshot (244)",
            "Screenshot (505)",
            "Screenshot (530)"
        ],
        [
            "DataSetVari 75",
            "DataSetVari 78",
            "DataSetVari 70",
            "DataSetVari 82",
            "DataSetVari 76",
            "DataSetVari 80",
            "DataSetVari 79",
            "DataSetVari 72",
            "Foto 227",
            "Alto 17"
        ],
        [
            "Screenshot (447)",
            "Screenshot (453)",
            "Screenshot (442)",
            "Screenshot (438)",
            "Screenshot (444)",
            "Screenshot (455)",
            "Screenshot (439)",
            "Screenshot (461)",
            "Screenshot (445)",
            "DataSetVari 19"
        ],
        [
            "Alto 69",
            "Alto 66",
            "Alto 68",
            "index81_frame_017",
            "index81_frame_009",
            "Alto 75",
            "DataSetVari 95",
            "DataSetVari 86",
            "Alto 31",
            "DataSetVari 90"
        ],
        [
            "Screenshot (422)",
            "Screenshot (426)",
            "Screenshot (414)",
            "Screenshot (476)",
            "Screenshot (416)",
            "Screenshot (470)",
            "Screenshot (417)",
            "Screenshot (410)",
            "Screenshot (421)",
            "Screenshot (482)"
        ],
        [
            "index80_frame_013",
            "index80_frame_004",
            "index80_frame_006",
            "index80_frame_017",
            "index80_frame_007",
            "index80_frame_011",
            "index2_frame_006",
            "index80_frame_018",
            "index80_frame_005",
            "index80_frame_019"
        ],
        [
            "Screenshot (574)",
            "Screenshot (548)",
            "Screenshot (553)",
            "Screenshot (543)",
            "Screenshot (567)",
            "Screenshot (547)",
            "Screenshot (590)",
            "index4_frame_009",
            "index4_frame_006",
            "Screenshot (544)"
        ],
        [
            "index57_frame_009",
            "index57_frame_006",
            "index57_frame_004",
            "index74_frame_007",
            "index74_frame_006",
            "index57_frame_010",
            "index74_frame_019",
            "index57_frame_019",
            "index74_frame_005",
            "index74_frame_017"
        ],
        [
