{
    "k": 42,
    "inertia_score": -218095.21875,
    "silhouette_score": 0.13983914256095886,
    "clusters_counts": [
        8,
        30,
        44,
        44,
        34,
        61,
        39,
        48,
        43,
        42,
        61,
        69,
        49,
        50,
        46,
        71,
        40,
        40,
        25,
        15,
        16,
        72,
        43,
        18,
        42,
        44,
        18,
        27,
        34,
        17,
        62,
        19,
        19,
        25,
        20,
        16,
        16,
        21,
        20,
        48,
        16,
        26
    ],
    "samples": [
        [
            "index20_frame_022",
            "index20_frame_019",
            "index20_frame_016",
            "index20_frame_002",
            "index20_frame_007",
            "index20_frame_008",
            "index20_frame_028",
            "index14_frame_006"
        ],
        [
            "index20_frame_014",
            "index20_frame_009",
            "index20_frame_021",
            "index20_frame_003",
            "index20_frame_024",
            "index95_frame_014",
            "index95_frame_012",
            "index95_frame_009",
            "index20_frame_013",
            "index95_frame_005",
            "index95_frame_018",
            "index95_frame_020",
            "index20_frame_012"
        ],
        [
            "Screenshot (247)",
            "Screenshot (216)",
            "Screenshot (214)",
            "index38_frame_020",
            "Screenshot (232)",
            "Screenshot (241)",
            "Screenshot (234)",
            "Screenshot (210)",
            "index38_frame_006",
            "Screenshot (231)",
            "index38_frame_008",
            "Screenshot (221)",
            "index38_frame_004"
        ],
        [
            "index80_frame_004",
            "index80_frame_012",
            "index80_frame_015",
            "index80_frame_014",
            "index80_frame_018",
            "index80_frame_016",
            "index2_frame_001",
            "index80_frame_003",
            "index69_frame_008",
            "index2_frame_012",
            "index92_frame_019",
            "index2_frame_011",
            "index69_frame_005"
        ],
        [
            "Screenshot (24)",
            "Screenshot (10)",
            "Screenshot (14)",
            "Screenshot (16)",
            "Screenshot (20)",
            "Screenshot (8)",
            "Screenshot (11)",
            "Screenshot (17)",
            "Screenshot (21)",
            "Screenshot (13)",
            "Screenshot (19)",
            "DataSetVari 44",
            "DataSetVari 35"
        ],
        [
            "index67_frame_009",
            "index3_frame_017",
            "index90_frame_030",
            "index79_frame_012",
            "index90_frame_022",
            "index79_frame_007",
            "index79_frame_002",
            "index67_frame_001",
            "index79_frame_013",
            "index90_frame_021",
            "index67_frame_002",
            "index82_frame_001",
            "index90_frame_028"
        ],
        [
            "Screenshot (574)",
            "Screenshot (548)",
            "Screenshot (553)",
            "Screenshot (567)",
            "Screenshot (542)",
            "Screenshot (547)",
            "Screenshot (590)",
            "index4_frame_009",
            "index4_frame_003",
            "Screenshot (544)",
            "index4_frame_007",
            "Screenshot (595)",
            "index16_frame_004"
        ],
        [
            "Alto 78",
            "Alto 87",
            "Alto 80",
            "Alto 8",
            "Alto 41",
            "DataSetVari 33",
            "Alto 39",
            "Alto 83",
            "Alto 76",
            "Alto 44",
            "Alto 77",
            "Alto 3",
            "Alto 38"
        ],
        [
            "index18_frame_012",
            "index18_frame_015",
            "index25_frame_004",
            "index18_frame_004",
            "index25_frame_006",
            "index18_frame_014",
            "index18_frame_006",
            "index54_frame_004",
            "index25_frame_020",
            "DataSetVari 3",
            "index54_frame_002",
            "index5_frame_005",
            "index54_frame_003"
        ],
        [
            "index90_frame_003",
            "index109_frame_019",
            "index90_frame_014",
            "index90_frame_005",
            "index109_frame_015",
            "index109_frame_016",
            "index109_frame_018",
            "index109_frame_005",
            "index90_frame_020",
            "index90_frame_007",
            "index90_frame_002",
            "index109_frame_010",
            "index109_frame_007"
        ],
        [
            "index66_frame_006",
            "index66_frame_013",
            "index66_frame_010",
            "index66_frame_008",
            "index71_frame_009",
            "index59_frame_009",
            "index66_frame_015",
            "index71_frame_014",
            "index59_frame_012",
            "index59_frame_007",
            "index71_frame_006",
            "index59_frame_008",
            "index71_frame_017"
        ],
        [
            "Foto 160",
            "Foto 100",
            "Foto 109",
            "Foto 204",
            "Foto 195",
            "Foto 53",
            "Foto 13",
            "Foto 63",
            "Foto 146",
            "Screenshot (684)",
            "Foto 54",
            "Foto 17",
            "Foto 4"
        ],
        [
            "Screenshot (275)",
            "Screenshot (279)",
            "Screenshot (278)",
            "Screenshot (261)",
            "Screenshot (260)",
            "Screenshot (267)",
            "Screenshot (280)",
            "Screenshot (258)",
            "Screenshot (349)",
            "Screenshot (355)",
            "Screenshot (259)",
            "index88_frame_011",
            "Screenshot (347)"
        ],
        [
            "index102_frame_004",
            "index102_frame_016",
            "index102_frame_007",
            "index102_frame_019",
            "index102_frame_008",
            "index102_frame_011",
            "index108_frame_009",
            "index6_frame_005",
            "index6_frame_012",
            "index6_frame_004",
            "index6_frame_013",
            "index108_frame_019",
            "index108_frame_001"
        ],
        [
            "Screenshot (190)",
            "Screenshot (185)",
            "Screenshot (177)",
            "Screenshot (191)",
            "Screenshot (195)",
            "Screenshot (192)",
            "Screenshot (170)",
            "Screenshot (173)",
            "Screenshot (200)",
            "Screenshot (168)",
            "index88_frame_017",
            "index88_frame_001",
            "index88_frame_016"
        ],
        [
            "Screenshot (160)",
            "Screenshot (157)",
            "Screenshot (146)",
            "Screenshot (124)",
            "Screenshot (145)",
            "Screenshot (126)",
            "Screenshot (120)",
            "DataSetVari 20",
            "index9_frame_004",
            "DataSetVari 17",
            "DataSetVari 49",
            "index14_frame_020",
            "index9_frame_010"
        ],
        [
            "Alto 69",
            "Alto 66",
            "DataSetVari 97",
            "index106_frame_010",
            "index81_frame_017",
            "index81_frame_008",
            "DataSetVari 84",
            "DataSetVari 87",
            "DataSetVari 95",
            "index81_frame_002",
            "Alto 32",
            "DataSetVari 101",
            "DataSetVari 89"
        ],
        [
            "index57_frame_009",
            "index57_frame_015",
            "index57_frame_018",
            "index74_frame_011",
            "index74_frame_007",
            "index57_frame_008",
            "index74_frame_016",
