{
    "k": 36,
    "inertia_score": -229400.953125,
    "silhouette_score": 0.13034598529338837,
    "clusters_counts": [
        79,
        92,
        20,
        20,
        36,
        45,
        31,
        114,
        52,
        40,
        42,
        87,
        35,
        30,
        31,
        41,
        58,
        73,
        31,
        30,
        34,
        16,
        31,
        19,
        62,
        43,
        55,
        18,
        27,
        17,
        25,
        27,
        20,
        6,
        43,
        68
    ],
    "samples": [
        [
            "index70_frame_016",
            "index70_frame_008",
            "Screenshot (355)",
            "Screenshot (359)",
            "index70_frame_010",
            "index88_frame_014",
            "Screenshot (367)",
            "index88_frame_020",
            "index88_frame_011",
            "index92_frame_017",
            "Screenshot (347)",
            "index70_frame_005",
            "index70_frame_006",
            "index69_frame_010",
            "index62_frame_019",
            "index62_frame_020",
            "index69_frame_004"
        ],
        [
            "index90_frame_012",
            "index90_frame_017",
            "index90_frame_005",
            "index90_frame_011",
            "index2_frame_016",
            "index38_frame_006",
            "index83_frame_008",
            "index90_frame_014",
            "Screenshot (165)",
            "index38_frame_016",
            "index2_frame_018",
            "Screenshot (162)",
            "Screenshot (512)",
            "Screenshot (507)",
            "Screenshot (532)",
            "index7_frame_008",
            "index7_frame_014"
        ],
        [
            "DataSetVari 97",
            "DataSetVari 91",
            "DataSetVari 99",
            "DataSetVari 87",
            "DataSetVari 95",
            "DataSetVari 101",
            "DataSetVari 90",
            "DataSetVari 84",
            "DataSetVari 93",
            "DataSetVari 98",
            "DataSetVari 86",
            "Screenshot (524)",
            "DataSetVari 85",
            "DataSetVari 89",
            "Alto 17",
            "Alto 88",
            "Foto 227"
        ],
        [
            "index67_frame_009",
            "index67_frame_007",
            "index3_frame_013",
            "index67_frame_010",
            "index67_frame_006",
            "index67_frame_011",
            "index67_frame_008",
            "index3_frame_011",
            "index3_frame_017",
            "index3_frame_018",
            "index3_frame_012",
            "index67_frame_012",
            "index3_frame_019",
            "index67_frame_003",
            "index3_frame_001",
            "index3_frame_003",
            "index3_frame_002"
        ],
        [
            "Screenshot (190)",
            "Screenshot (185)",
            "Screenshot (177)",
            "Screenshot (184)",
            "Screenshot (167)",
            "Screenshot (191)",
            "Screenshot (199)",
            "Screenshot (187)",
            "Screenshot (195)",
            "Screenshot (173)",
            "Screenshot (186)",
            "Screenshot (169)",
            "Screenshot (200)",
            "Screenshot (201)",
            "Screenshot (166)",
            "index88_frame_017",
            "index88_frame_001"
        ],
        [
            "Screenshot (574)",
            "Screenshot (551)",
            "Screenshot (541)",
            "Screenshot (543)",
            "Screenshot (553)",
            "Screenshot (542)",
            "Screenshot (581)",
            "Screenshot (546)",
            "Screenshot (557)",
            "Screenshot (545)",
            "index4_frame_001",
            "Screenshot (556)",
            "index4_frame_018",
            "index4_frame_006",
            "index4_frame_005",
            "DataSetVari 9",
            "index4_frame_002"
        ],
        [
            "Alto 57",
            "Alto 60",
            "Alto 61",
            "Alto 56",
            "Alto 5",
            "Alto 6",
            "Alto 62",
            "Alto 45",
            "Alto 19",
            "Alto 14",
            "Alto 7",
            "Alto 49",
            "Alto 58",
            "Alto 55",
            "Alto 12",
            "Alto 18",
            "Alto 59"
        ],
        [
            "Foto 202",
            "Foto 8",
            "Foto 204",
            "Foto 5",
            "Foto 55",
            "Foto 7",
            "index94_frame_001",
            "Foto 40",
            "Foto 37",
            "Foto 53",
            "Foto 56",
            "index7_frame_018",
            "Foto 99",
            "Foto 164",
            "Foto 75",
            "Foto 145",
            "Screenshot (680)"
        ],
        [
            "Foto 220",
            "Foto 224",
            "Foto 77",
            "Screenshot (329)",
            "Foto 225",
            "Foto 143",
            "Foto 219",
            "Foto 141",
            "Foto 39",
            "Foto 206",
            "Foto 79",
            "Foto 31",
            "Foto 154",
            "Foto 207",
            "Foto 1",
            "Foto 200",
            "Foto 166"
        ],
        [
            "index57_frame_009",
            "index57_frame_007",
            "index57_frame_006",
            "index57_frame_018",
            "index57_frame_004",
            "index57_frame_016",
            "index74_frame_007",
            "index74_frame_018",
            "index74_frame_006",
            "index74_frame_016",
            "index57_frame_010",
            "index74_frame_003",
            "index74_frame_019",
            "index74_frame_013",
            "index57_frame_019",
            "index74_frame_008",
            "index74_frame_005"
        ],
        [
            "Screenshot (256)",
            "Screenshot (279)",
            "Screenshot (266)",
            "Screenshot (275)",
            "Screenshot (283)",
            "Screenshot (280)",
            "Screenshot (271)",
            "Screenshot (258)",
            "Screenshot (277)",
            "Screenshot (282)",
            "Screenshot (274)",
            "index109_frame_014",
            "Screenshot (257)",
            "Screenshot (255)",
            "index109_frame_016",
            "index109_frame_007",
            "index109_frame_015"
        ],
        [
            "Screenshot (160)",
            "Screenshot (148)",
            "Screenshot (146)",
            "Screenshot (145)",
            "Screenshot (129)",
            "Screenshot (133)",
            "DataSetVari 20",
            "Screenshot (120)",
            "Screenshot (123)",
            "index95_frame_012",
            "index95_frame_003",
            "Foto 167",
            "Screenshot (78)",
            "DataSetVari 49",
            "Foto 175",
            "index14_frame_020",
            "index14_frame_016"
        ],
        [
            "index23_frame_015",
            "index23_frame_005",
            "index23_frame_006",
            "index23_frame_002",
            "index23_frame_004",
            "index23_frame_007",
            "index23_frame_011",
            "index23_frame_010",
            "index23_frame_016",
            "DataSetVari 43",
            "Alto 8",
            "DataSetVari 40",
            "DataSetVari 41",
            "Alto 46",
            "Alto 52",
            "DataSetVari 4",
            "Alto 13"
        ],
        [
            "index100_frame_006",
            "index100_frame_017",
            "index100_frame_002",
            "index100_frame_005",
            "index100_frame_009",
            "index100_frame_019",
            "index100_frame_003",
            "index100_frame_010",
            "index100_frame_015",
            "index100_frame_004",
            "index41_frame_005",
            "index41_frame_016",
            "index41_frame_019",
            "index41_frame_008",
            "index41_frame_001",
            "index100_frame_013",
