{
    "k": 41,
    "inertia_score": -219253.359375,
    "silhouette_score": 0.14617182314395905,
    "cluster_counts": [
        20,
        55,
        26,
        52,
        47,
        41,
        68,
        43,
        114,
        60,
        55,
        57,
        51,
        19,
        13,
        40,
        20,
        54,
        17,
        63,
        39,
        27,
        44,
        31,
        24,
        40,
        24,
        21,
        20,
        46,
        30,
        21,
        20,
        13,
        27,
        38,
        17,
        20,
        16,
        32,
        33
    ],
    "samples": [
        [
            "index38_frame_015",
            "index38_frame_017",
            "index38_frame_020",
            "index38_frame_006",
            "index38_frame_005",
            "index38_frame_008",
            "index38_frame_014",
            "index38_frame_018",
            "index38_frame_016",
            "index38_frame_019",
            "index38_frame_007",
            "index38_frame_003",
            "index38_frame_002",
            "index38_frame_004"
        ],
        [
            "Screenshot (359)",
            "Screenshot (369)",
            "Screenshot (374)",
            "Screenshot (353)",
            "index79_frame_002",
            "Screenshot (361)",
            "Screenshot (349)",
            "index79_frame_012",
            "index90_frame_021",
            "Screenshot (388)",
            "index88_frame_010",
            "index90_frame_029",
            "index92_frame_017",
            "index88_frame_012"
        ],
        [
            "index100_frame_006",
            "index100_frame_017",
            "index100_frame_002",
            "index100_frame_005",
            "index100_frame_009",
            "index100_frame_019",
            "index100_frame_004",
            "index100_frame_010",
            "index100_frame_003",
            "index100_frame_015",
            "index41_frame_005",
            "index100_frame_013",
            "index41_frame_016",
            "index41_frame_019"
        ],
        [
            "Alto 69",
            "DataSetVari 97",
            "Alto 71",
            "Alto 68",
            "Alto 70",
            "index81_frame_009",
            "DataSetVari 84",
            "Alto 44",
            "Alto 43",
            "DataSetVari 87",
            "Alto 39",
            "Alto 41",
            "Alto 42",
            "Alto 36"
        ],
        [
            "index104_frame_015",
            "index104_frame_002",
            "index102_frame_011",
            "index102_frame_004",
            "index102_frame_006",
            "index102_frame_016",
            "index104_frame_004",
            "index104_frame_016",
            "index102_frame_012",
            "index102_frame_007",
            "Screenshot (637)",
            "Screenshot (639)",
            "index102_frame_009",
            "Screenshot (517)"
        ],
        [
            "index20_frame_005",
            "index20_frame_014",
            "index20_frame_009",
            "index20_frame_010",
            "index20_frame_004",
            "index20_frame_022",
            "index20_frame_012",
            "index20_frame_025",
            "index20_frame_011",
            "Foto 169",
            "Foto 171",
            "index20_frame_002",
            "Foto 173",
            "Foto 175"
        ],
        [
            "Screenshot (422)",
            "Screenshot (425)",
            "DataSetVari 21",
            "Screenshot (466)",
            "Screenshot (476)",
            "Screenshot (416)",
            "Screenshot (415)",
            "Screenshot (410)",
            "Screenshot (461)",
            "DataSetVari 18",
            "index106_frame_014",
            "index106_frame_004",
            "Screenshot (482)",
            "index114_frame_019"
        ],
        [
            "Screenshot (57)",
            "Screenshot (64)",
            "Screenshot (53)",
            "index26_frame_004",
            "Screenshot (67)",
            "Screenshot (58)",
            "index33_frame_005",
            "index20_frame_017",
            "index33_frame_001",
            "Screenshot (66)",
            "index20_frame_018",
            "index33_frame_002",
            "index30_frame_019",
            "DataSetVari 3"
        ],
        [
            "Foto 202",
            "Foto 27",
            "Foto 216",
            "Foto 93",
            "Foto 109",
            "Foto 88",
            "Foto 151",
            "Foto 2",
            "Foto 81",
            "Foto 95",
            "Foto 54",
            "Foto 59",
            "Screenshot (680)",
            "Foto 80"
        ],
        [
            "index66_frame_011",
            "index66_frame_012",
            "index66_frame_014",
            "index66_frame_009",
            "index66_frame_002",
            "index59_frame_003",
            "index71_frame_001",
            "index59_frame_009",
            "Screenshot (87)",
            "Screenshot (81)",
            "index71_frame_010",
            "index71_frame_016",
            "index71_frame_007",
            "index59_frame_014"
        ],
        [
            "Foto 220",
            "Foto 224",
            "Foto 77",
            "Screenshot (329)",
            "Foto 143",
            "Foto 87",
            "Foto 219",
            "Foto 141",
            "Foto 206",
            "Foto 49",
            "Foto 42",
            "Foto 79",
            "Foto 154",
            "Foto 44"
        ],
        [
            "Screenshot (582)",
            "Screenshot (551)",
            "Screenshot (581)",
            "Screenshot (546)",
            "Screenshot (549)",
            "index4_frame_009",
            "Foto 185",
            "Screenshot (556)",
            "Screenshot (576)",
            "Foto 187",
            "Screenshot (571)",
            "Foto 176",
            "index4_frame_005",
            "index4_frame_007"
        ],
        [
            "index80_frame_004",
            "index80_frame_006",
            "index80_frame_015",
            "index80_frame_013",
            "index80_frame_001",
            "index80_frame_018",
            "index80_frame_016",
            "index80_frame_019",
            "index80_frame_002",
            "index2_frame_012",
            "index2_frame_019",
            "index69_frame_009",
            "index69_frame_010",
            "index69_frame_003"
        ],
        [
            "index32_frame_017",
            "index32_frame_018",
            "index32_frame_008",
            "index32_frame_015",
            "index32_frame_010",
            "index32_frame_007",
            "index32_frame_006",
            "index32_frame_016",
            "index32_frame_004",
            "index32_frame_001",
            "index32_frame_009",
            "index32_frame_003",
            "index32_frame_011",
            "index32_frame_002"
        ],
        [
            "index95_frame_008",
            "index95_frame_017",
            "index95_frame_014",
            "index95_frame_012",
            "index95_frame_005",
            "index95_frame_018",
            "index95_frame_011",
            "index95_frame_009",
            "index95_frame_004",
            "index95_frame_001",
            "index95_frame_020",
            "index95_frame_003",
            "index95_frame_002"
        ],
        [
            "index57_frame_009",
            "index57_frame_007",
            "index57_frame_006",
            "index57_frame_018",
            "index57_frame_004",
            "index57_frame_016",
            "index74_frame_007",
            "index74_frame_018",
            "index74_frame_006",
            "index74_frame_016",
            "index57_frame_010",
            "index74_frame_003",
            "index74_frame_019",
            "index74_frame_013"
        ],
        [
            "DataSetVari 75",
            "DataSetVari 71",
            "DataSetVari 78",
            "DataSetVari 69",
