{
    "k": 25,
    "inertia_score": -250601.515625,
    "silhouette_score": 0.11559924483299255,
    "clusters_counts": [
        40,
        104,
        62,
        108,
        40,
        60,
        46,
        70,
        20,
        69,
        57,
        34,
        65,
        56,
        59,
        44,
        42,
        45,
        98,
        119,
        34,
        25,
        63,
        101,
        37
    ],
    "samples": [
        [
            "index57_frame_009",
            "index57_frame_013",
            "index57_frame_007",
            "index57_frame_015",
            "index57_frame_006",
            "index57_frame_020",
            "index57_frame_018",
            "index74_frame_004",
            "index57_frame_004",
            "index74_frame_011",
            "index57_frame_016",
            "index57_frame_012",
            "index74_frame_007",
            "index74_frame_010",
            "index74_frame_018",
            "index57_frame_008",
            "index74_frame_006",
            "index57_frame_017",
            "index74_frame_016",
            "index57_frame_011",
            "index57_frame_010",
            "index57_frame_003",
            "index74_frame_003",
            "index74_frame_012",
            "index74_frame_019"
        ],
        [
            "Screenshot (247)",
            "index38_frame_014",
            "index83_frame_008",
            "Screenshot (216)",
            "Screenshot (232)",
            "Screenshot (47)",
            "index83_frame_014",
            "index83_frame_005",
            "Screenshot (38)",
            "index38_frame_012",
            "index83_frame_010",
            "index83_frame_011",
            "index83_frame_009",
            "Screenshot (249)",
            "index38_frame_005",
            "index38_frame_018",
            "Screenshot (528)",
            "index38_frame_017",
            "Screenshot (532)",
            "Screenshot (530)",
            "Foto 57",
            "Screenshot (33)",
            "Foto 20",
            "Screenshot (28)",
            "Screenshot (26)"
        ],
        [
            "index70_frame_004",
            "index72_frame_006",
            "index72_frame_018",
            "index70_frame_001",
            "index72_frame_005",
            "index72_frame_012",
            "index72_frame_014",
            "index70_frame_020",
            "index72_frame_013",
            "index72_frame_015",
            "index70_frame_016",
            "index70_frame_017",
            "index72_frame_019",
            "index72_frame_020",
            "index70_frame_019",
            "index70_frame_005",
            "index70_frame_006",
            "index70_frame_011",
            "index70_frame_012",
            "index72_frame_004",
            "index9_frame_011",
            "index7_frame_016",
            "Foto 219",
            "index7_frame_020",
            "index9_frame_002"
        ],
        [
            "index67_frame_009",
            "index3_frame_013",
            "index67_frame_006",
            "index90_frame_024",
            "index3_frame_003",
            "index82_frame_007",
            "index3_frame_012",
            "index79_frame_011",
            "index90_frame_029",
            "index3_frame_019",
            "index82_frame_016",
            "index85_frame_004",
            "index90_frame_023",
            "index86_frame_009",
            "index86_frame_015",
            "index85_frame_013",
            "index90_frame_026",
            "index79_frame_014",
            "index46_frame_013",
            "index86_frame_004",
            "index86_frame_007",
            "index86_frame_006",
            "index65_frame_003",
            "index65_frame_013",
            "index65_frame_001"
        ],
        [
            "Alto 69",
            "Alto 72",
            "Alto 74",
            "Alto 66",
            "Alto 73",
            "Alto 71",
            "DataSetVari 97",
            "Alto 64",
            "Alto 68",
            "index106_frame_010",
            "Alto 70",
            "Alto 65",
            "index81_frame_017",
            "Screenshot (524)",
            "index81_frame_009",
            "index81_frame_008",
            "index81_frame_013",
            "Alto 63",
            "DataSetVari 84",
            "index81_frame_018",
            "index81_frame_019",
            "DataSetVari 87",
            "Alto 75",
            "index81_frame_003",
            "DataSetVari 95"
        ],
        [
            "Alto 34",
            "Alto 33",
            "Alto 87",
            "Alto 41",
            "Alto 35",
            "Alto 81",
            "Alto 43",
            "DataSetVari 28",
            "Alto 8",
            "Alto 85",
            "Alto 36",
            "Alto 10",
            "DataSetVari 34",
            "Alto 38",
            "Alto 76",
            "Alto 37",
            "Alto 2",
            "Alto 82",
            "DataSetVari 76",
            "DataSetVari 80",
            "DataSetVari 75",
            "DataSetVari 71",
            "DataSetVari 82",
            "DataSetVari 29",
            "DataSetVari 79"
        ],
        [
            "index41_frame_005",
            "index41_frame_001",
            "index41_frame_002",
            "index100_frame_002",
            "index41_frame_008",
            "index100_frame_017",
            "index100_frame_006",
            "index100_frame_005",
            "index100_frame_019",
            "index100_frame_004",
            "index100_frame_009",
            "index100_frame_015",
            "index100_frame_003",
            "index100_frame_010",
            "index41_frame_013",
            "index41_frame_016",
            "index100_frame_013",
            "index41_frame_019",
            "index41_frame_017",
            "index41_frame_018",
            "index100_frame_001",
            "index28_frame_009",
            "index100_frame_020",
            "index28_frame_004",
            "index28_frame_008"
        ],
        [
            "index104_frame_015",
            "index104_frame_019",
            "index102_frame_006",
            "index102_frame_004",
            "index104_frame_020",
            "index102_frame_001",
            "index104_frame_001",
            "index102_frame_016",
            "index102_frame_019",
            "index102_frame_018",
            "index6_frame_005",
            "index102_frame_007",
            "index6_frame_006",
            "index104_frame_016",
            "index6_frame_003",
            "index104_frame_018",
            "index6_frame_004",
            "index102_frame_005",
            "Screenshot (677)",
            "Screenshot (640)",
            "index6_frame_010",
            "Screenshot (637)",
            "index6_frame_013",
            "Screenshot (665)",
            "Screenshot (641)"
        ],
        [
            "index95_frame_005",
            "index95_frame_008",
            "index95_frame_014",
            "index95_frame_012",
            "index95_frame_017",
            "index95_frame_004",
            "index95_frame_001",
            "index95_frame_009",
            "index95_frame_018",
            "index95_frame_011",
            "index95_frame_020",
            "index95_frame_003",
            "index95_frame_002",
            "Screenshot (78)",
            "Screenshot (74)",
            "Screenshot (70)",
            "Screenshot (72)",
            "Screenshot (75)",
            "Screenshot (77)",
            "Screenshot (71)"
        ],
        [
            "Screenshot (422)",
            "Screenshot (426)",
            "Screenshot (425)",
            "Screenshot (411)",
            "DataSetVari 21",
            "Screenshot (480)",
            "Screenshot (466)",
            "Screenshot (469)",
            "Screenshot (476)",
            "Screenshot (408)",
            "Screenshot (416)",
            "Screenshot (420)",
            "Screenshot (417)",
            "Screenshot (439)",
