{
    "k": 50,
    "inertia_score": -204317.796875,
    "silhouette_score": 0.15905572474002838,
    "cluster_counts": [
        63,
        40,
        41,
        25,
        16,
        72,
        25,
        97,
        19,
        41,
        34,
        13,
        40,
        21,
        10,
        17,
        48,
        24,
        24,
        28,
        30,
        66,
        34,
        32,
        22,
        44,
        21,
        50,
        20,
        20,
        30,
        31,
        19,
        20,
        19,
        28,
        19,
        51,
        16,
        23,
        26,
        19,
        11,
        13,
        37,
        13,
        14,
        38,
        21,
        13
    ],
    "samples": [
        [
            "Screenshot (47)",
            "Screenshot (36)",
            "Screenshot (38)",
            "index9_frame_015",
            "index9_frame_016",
            "Screenshot (32)",
            "Foto 38",
            "Screenshot (519)"
        ],
        [
            "index57_frame_009",
            "index57_frame_020",
            "index57_frame_016",
            "index57_frame_008",
            "index57_frame_010",
            "index74_frame_014",
            "index74_frame_008",
            "index74_frame_001"
        ],
        [
            "Alto 78",
            "Alto 9",
            "Alto 85",
            "DataSetVari 41",
            "Alto 76",
            "Alto 37",
            "Alto 42",
            "Alto 4"
        ],
        [
            "index72_frame_006",
            "index72_frame_008",
            "index72_frame_011",
            "index72_frame_001",
            "index72_frame_012",
            "index72_frame_010",
            "index72_frame_004",
            "index16_frame_011"
        ],
        [
            "index104_frame_015",
            "index104_frame_019",
            "index104_frame_004",
            "index104_frame_006",
            "index104_frame_010",
            "index104_frame_020",
            "index104_frame_005",
            "index104_frame_008"
        ],
        [
            "index90_frame_012",
            "index83_frame_014",
            "index38_frame_015",
            "index90_frame_019",
            "index2_frame_010",
            "index38_frame_018",
            "Screenshot (507)",
            "Screenshot (506)"
        ],
        [
            "index20_frame_005",
            "index20_frame_006",
            "index20_frame_004",
            "index20_frame_003",
            "index20_frame_012",
            "index20_frame_022",
            "index20_frame_001",
            "index20_frame_016"
        ],
        [
            "Foto 202",
            "Foto 27",
            "Foto 107",
            "Foto 40",
            "Foto 22",
            "Foto 6",
            "Foto 10",
            "Foto 60"
        ],
        [
            "index32_frame_017",
            "index32_frame_008",
            "index32_frame_010",
            "index32_frame_006",
            "index32_frame_004",
            "index32_frame_009",
            "index32_frame_011",
            "index32_frame_014"
        ],
        [
            "index88_frame_009",
            "Screenshot (355)",
            "Screenshot (374)",
            "index88_frame_008",
            "index88_frame_007",
            "index92_frame_009",
            "index92_frame_008",
            "index88_frame_016"
        ],
        [
            "Screenshot (302)",
            "Screenshot (312)",
            "Screenshot (324)",
            "Screenshot (319)",
            "Screenshot (294)",
            "Screenshot (289)",
            "index2_frame_016",
            "index69_frame_008"
        ],
        [
            "Foto 178",
            "Foto 185",
            "Foto 179",
            "Foto 186",
            "Foto 184",
            "Foto 180",
            "Foto 187",
            "Foto 181"
        ],
        [
            "Alto 69",
            "Alto 71",
            "Alto 70",
            "index81_frame_008",
            "index81_frame_019",
            "Alto 67",
            "Alto 32",
            "DataSetVari 90"
        ],
        [
            "Screenshot (2)",
            "Screenshot (11)",
            "Screenshot (25)",
            "Screenshot (24)",
            "Screenshot (7)",
            "Screenshot (17)",
            "Screenshot (23)",
            "Screenshot (18)"
        ],
        [
            "Alto 14",
            "Alto 18",
            "Alto 22",
            "Alto 15",
            "Alto 17",
            "Alto 19",
            "Alto 20",
            "Alto 13"
        ],
        [
            "Screenshot (91)",
            "Screenshot (94)",
            "Screenshot (95)",
            "Screenshot (87)",
            "Screenshot (83)",
            "Screenshot (80)",
            "Screenshot (100)",
            "Screenshot (103)"
        ],
        [
            "Screenshot (136)",
            "Screenshot (160)",
            "Screenshot (129)",
            "Screenshot (133)",
            "Screenshot (150)",
            "Screenshot (137)",
            "Screenshot (123)",
            "Screenshot (130)"
        ],
        [
            "index33_frame_010",
            "index33_frame_004",
            "index33_frame_011",
            "index7_frame_020",
            "index33_frame_009",
            "index7_frame_006",
            "index33_frame_012",
            "index7_frame_001"
        ],
        [
            "Screenshot (264)",
            "Screenshot (260)",
            "Screenshot (275)",
            "Screenshot (263)",
            "Screenshot (270)",
            "Screenshot (283)",
            "Screenshot (276)",
            "Screenshot (277)"
        ],
        [
            "index79_frame_007",
            "index79_frame_001",
            "index79_frame_002",
            "index90_frame_022",
            "index90_frame_024",
            "index90_frame_030",
            "index90_frame_026",
            "index46_frame_008"
        ],
        [
            "Screenshot (190)",
            "Screenshot (185)",
            "Screenshot (189)",
            "Screenshot (191)",
            "Screenshot (167)",
            "Screenshot (186)",
            "Screenshot (175)",
            "Screenshot (173)"
        ],
        [
            "Screenshot (422)",
            "Screenshot (409)",
            "Screenshot (476)",
            "Screenshot (415)",
            "Screenshot (461)",
            "index106_frame_014",
            "index106_frame_005",
            "index114_frame_014"
        ],
        [
            "index67_frame_009",
            "index67_frame_006",
            "index3_frame_011",
            "index67_frame_011",
            "index3_frame_019",
            "index67_frame_002",
            "index82_frame_015",
            "index82_frame_008"
        ],
        [
            "Screenshot (57)",
            "index26_frame_018",
            "Screenshot (53)",
            "Screenshot (67)",
            "Screenshot (52)",
            "index30_frame_006",
            "index30_frame_019",
            "index54_frame_002"
        ],
        [
            "index23_frame_015",
            "index23_frame_012",
            "index23_frame_013",
            "index23_frame_004",
            "index23_frame_006",
            "index23_frame_007",
            "index23_frame_011",
            "index23_frame_010"
        ],
        [
            "Foto 118",
            "Foto 127",
            "Foto 116",
            "Foto 119",
            "Foto 115",
            "Foto 135",
            "Foto 214",
            "Foto 137"
        ],
        [
            "index107_frame_002",
            "index107_frame_006",
            "index107_frame_004",
            "index107_frame_017",
            "index107_frame_007",
            "index107_frame_009",
            "index107_frame_014",
            "index5_frame_009"
        ],
        [
            "index41_frame_005",
            "index100_frame_005",
