{
    "k": 11,
    "inertia_score": -296300.53125,
    "silhouette_score": 0.08262062817811966,
    "cluster_counts": [
        193,
        40,
        228,
        193,
        217,
        108,
        151,
        45,
        69,
        164,
        90
    ],
    "samples": [
        [
            "Foto 87",
            "Foto 84",
            "Foto 198",
            "Foto 219",
            "Foto 104",
            "Foto 116",
            "Foto 213",
            "Foto 122",
            "Foto 106",
            "Foto 124",
            "Foto 115",
            "Foto 64",
            "Foto 112",
            "Foto 118",
            "Foto 148",
            "Screenshot (329)",
            "Foto 28",
            "Foto 126",
            "Foto 30",
            "Foto 151",
            "Foto 138",
            "Foto 210",
            "Foto 34",
            "Foto 154",
            "Screenshot (337)",
            "Foto 49",
            "Foto 29",
            "Foto 23",
            "Foto 98",
            "Foto 89",
            "Foto 110",
            "Foto 95",
            "Foto 145",
            "Foto 9"
        ],
        [
            "index57_frame_009",
            "index57_frame_013",
            "index57_frame_007",
            "index57_frame_015",
            "index57_frame_006",
            "index57_frame_020",
            "index57_frame_018",
            "index74_frame_004",
            "index57_frame_004",
            "index74_frame_011",
            "index57_frame_016",
            "index57_frame_012",
            "index74_frame_007",
            "index74_frame_010",
            "index74_frame_018",
            "index57_frame_008",
            "index74_frame_006",
            "index57_frame_017",
            "index74_frame_016",
            "index57_frame_011",
            "index57_frame_010",
            "index57_frame_003",
            "index74_frame_003",
            "index74_frame_012",
            "index74_frame_019",
            "index74_frame_014",
            "index74_frame_013",
            "index74_frame_020",
            "index57_frame_019",
            "index57_frame_005",
            "index74_frame_008",
            "index57_frame_002",
            "index74_frame_005",
            "index57_frame_001"
        ],
        [
            "index2_frame_015",
            "Screenshot (284)",
            "Screenshot (315)",
            "Screenshot (320)",
            "Screenshot (324)",
            "index2_frame_010",
            "index38_frame_006",
            "index83_frame_014",
            "Screenshot (208)",
            "index90_frame_005",
            "index90_frame_016",
            "index83_frame_010",
            "Screenshot (313)",
            "Screenshot (42)",
            "Screenshot (45)",
            "Screenshot (227)",
            "index83_frame_011",
            "Screenshot (236)",
            "Screenshot (37)",
            "index90_frame_002",
            "index90_frame_007",
            "Screenshot (248)",
            "Screenshot (43)",
            "index59_frame_009",
            "index38_frame_018",
            "index113_frame_013",
            "index38_frame_017",
            "Screenshot (528)",
            "index71_frame_013",
            "index113_frame_008",
            "index71_frame_007",
            "index113_frame_019",
            "index113_frame_017",
            "index7_frame_001"
        ],
        [
            "Alto 9",
            "Alto 80",
            "Alto 87",
            "Alto 37",
            "index23_frame_019",
            "Alto 40",
            "Alto 84",
            "DataSetVari 42",
            "Alto 4",
            "Alto 71",
            "Alto 52",
            "DataSetVari 4",
            "Alto 77",
            "DataSetVari 87",
            "index23_frame_016",
            "DataSetVari 37",
            "Alto 73",
            "Screenshot (20)",
            "Alto 70",
            "Alto 32",
            "DataSetVari 32",
            "Alto 66",
            "Screenshot (14)",
            "Alto 7",
            "index81_frame_009",
            "DataSetVari 12",
            "DataSetVari 98",
            "Alto 15",
            "DataSetVari 85",
            "Alto 60",
            "Alto 17",
            "Alto 20",
            "Foto 227",
            "DataSetVari 35"
        ],
        [
            "index18_frame_012",
            "Screenshot (57)",
            "index18_frame_013",
            "index25_frame_005",
            "DataSetVari 9",
            "Screenshot (545)",
            "index107_frame_011",
            "Screenshot (544)",
            "index5_frame_006",
            "Screenshot (575)",
            "Foto 177",
            "index72_frame_001",
            "Screenshot (553)",
            "Screenshot (63)",
            "Foto 182",
            "index33_frame_001",
            "index107_frame_007",
            "index107_frame_002",
            "Screenshot (50)",
            "index54_frame_009",
            "index25_frame_011",
            "Foto 181",
            "index72_frame_004",
            "Screenshot (55)",
            "index54_frame_019",
            "index5_frame_005",
            "index16_frame_011",
            "index16_frame_013",
            "DataSetVari 11",
            "index32_frame_006",
            "index107_frame_003",
            "Screenshot (66)",
            "index32_frame_016",
            "index32_frame_001"
        ],
        [
            "index67_frame_009",
            "index85_frame_003",
            "index3_frame_017",
            "index67_frame_008",
            "index90_frame_024",
            "index82_frame_014",
            "index82_frame_004",
            "index67_frame_003",
            "index3_frame_012",
            "Screenshot (109)",
            "index67_frame_001",
            "index79_frame_009",
            "index3_frame_019",
            "index79_frame_012",
            "index79_frame_001",
            "index86_frame_012",
            "index90_frame_023",
            "index85_frame_015",
            "index86_frame_011",
            "index79_frame_002",
            "index85_frame_013",
            "index90_frame_021",
            "index86_frame_003",
            "index65_frame_011",
            "index46_frame_013",
            "index85_frame_014",
            "index86_frame_016",
            "index65_frame_018",
            "index86_frame_006",
            "index46_frame_015",
            "index65_frame_008",
            "index65_frame_004",
            "index65_frame_001",
            "index86_frame_018"
        ],
        [
            "Screenshot (255)",
            "Screenshot (266)",
            "Screenshot (276)",
            "index80_frame_004",
            "Screenshot (197)",
            "Screenshot (192)",
            "Screenshot (170)",
            "Screenshot (199)",
            "Screenshot (369)",
            "index109_frame_014",
            "Screenshot (355)",
            "Screenshot (357)",
            "index80_frame_007",
            "Screenshot (260)",
            "Screenshot (283)",
            "index80_frame_015",
            "index92_frame_001",
            "Screenshot (353)",
            "Screenshot (407)",
            "Screenshot (169)",
            "Screenshot (195)",
            "index80_frame_009",
            "index109_frame_017",
            "index2_frame_018",
            "Screenshot (201)",
            "index109_frame_013",
            "index80_frame_008",
            "index92_frame_018",
            "index90_frame_014",
            "index80_frame_016",
            "Screenshot (198)",
            "index109_frame_019",
            "index109_frame_011",
            "index69_frame_003"
        ],
        [
            "index41_frame_005",
            "index41_frame_001",
            "index41_frame_002",
            "index100_frame_002",
            "index100_frame_006",
            "index100_frame_017",
            "index100_frame_005",
            "index41_frame_008",
            "index100_frame_019",
