{
    "k": 45,
    "inertia_score": -212994.53125,
    "silhouette_score": 0.1483485996723175,
    "clusters_counts": [
        32,
        21,
        41,
        65,
        24,
        37,
        20,
        39,
        80,
        45,
        19,
        57,
        40,
        17,
        25,
        19,
        49,
        20,
        43,
        33,
        31,
        30,
        13,
        19,
        79,
        40,
        13,
        29,
        17,
        21,
        55,
        48,
        35,
        29,
        68,
        50,
        17,
        21,
        19,
        20,
        7,
        28,
        44,
        13,
        26
    ],
    "samples": [
        [
            "index104_frame_011",
            "index104_frame_015",
            "index104_frame_002",
            "index104_frame_020",
            "index104_frame_001",
            "index104_frame_018",
            "Screenshot (621)",
            "index104_frame_016",
            "Screenshot (675)",
            "Screenshot (641)",
            "Screenshot (670)"
        ],
        [
            "index62_frame_009",
            "index62_frame_012",
            "index62_frame_020",
            "index62_frame_013",
            "index62_frame_010",
            "index62_frame_008",
            "index62_frame_018",
            "index62_frame_019",
            "index62_frame_014",
            "index62_frame_005",
            "index62_frame_011"
        ],
        [
            "Foto 87",
            "Foto 8",
            "Foto 92",
            "Foto 161",
            "Foto 65",
            "Foto 68",
            "Foto 30",
            "Foto 209",
            "Foto 26",
            "index7_frame_018",
            "Foto 146"
        ],
        [
            "Screenshot (193)",
            "Screenshot (194)",
            "Screenshot (189)",
            "Screenshot (174)",
            "Screenshot (168)",
            "Screenshot (169)",
            "Screenshot (200)",
            "index80_frame_003",
            "index80_frame_016",
            "index2_frame_004",
            "index80_frame_002"
        ],
        [
            "Screenshot (202)",
            "Screenshot (205)",
            "Screenshot (247)",
            "Screenshot (236)",
            "Screenshot (204)",
            "Screenshot (243)",
            "Screenshot (210)",
            "Screenshot (221)",
            "Screenshot (241)",
            "Screenshot (208)",
            "Screenshot (233)"
        ],
        [
            "Alto 57",
            "Alto 61",
            "Alto 14",
            "Alto 19",
            "Alto 12",
            "Alto 55",
            "Alto 59",
            "Alto 53",
            "Alto 54",
            "Alto 22",
            "Alto 20"
        ],
        [
            "index70_frame_016",
            "index70_frame_007",
            "index70_frame_004",
            "index70_frame_008",
            "index70_frame_010",
            "index70_frame_003",
            "index70_frame_017",
            "index70_frame_012",
            "index70_frame_018",
            "index70_frame_009",
            "index70_frame_011"
        ],
        [
            "index25_frame_005",
            "index18_frame_012",
            "index25_frame_006",
            "index18_frame_002",
            "index18_frame_008",
            "DataSetVari 60",
            "index18_frame_006",
            "Screenshot (595)",
            "DataSetVari 66",
            "DataSetVari 56",
            "index54_frame_009"
        ],
        [
            "Alto 78",
            "Alto 80",
            "DataSetVari 41",
            "index23_frame_011",
            "index23_frame_001",
            "Alto 39",
            "Alto 10",
            "Alto 36",
            "Alto 2",
            "DataSetVari 4",
            "DataSetVari 79"
        ],
        [
            "index41_frame_005",
            "index100_frame_017",
            "index100_frame_019",
            "index100_frame_003",
            "index41_frame_013",
            "index100_frame_001",
            "index28_frame_008",
            "index28_frame_005",
            "index28_frame_007",
            "index28_frame_017",
            "index28_frame_014"
        ],
        [
            "index109_frame_017",
            "index109_frame_005",
            "index109_frame_019",
            "index109_frame_016",
            "index109_frame_002",
            "index109_frame_015",
            "index109_frame_018",
            "index109_frame_004",
            "index109_frame_007",
            "index109_frame_010",
            "index109_frame_003"
        ],
        [
            "index83_frame_012",
            "Screenshot (34)",
            "index83_frame_003",
            "index83_frame_006",
            "Screenshot (35)",
            "index83_frame_011",
            "Screenshot (528)",
            "Screenshot (505)",
            "Screenshot (529)",
            "Screenshot (30)",
            "Screenshot (28)"
        ],
        [
            "index57_frame_009",
            "index57_frame_015",
            "index57_frame_018",
            "index74_frame_011",
            "index74_frame_007",
            "index57_frame_008",
            "index74_frame_016",
            "index57_frame_003",
            "index74_frame_019",
            "index74_frame_020",
            "index74_frame_008"
        ],
        [
            "index82_frame_013",
            "index82_frame_014",
            "index82_frame_012",
            "index82_frame_015",
            "index82_frame_016",
            "index82_frame_004",
            "index82_frame_008",
            "index82_frame_007",
            "index82_frame_003",
            "index82_frame_002",
            "index82_frame_009"
        ],
        [
            "Alto 69",
            "Alto 74",
            "Alto 64",
            "index81_frame_013",
            "Alto 73",
            "Alto 66",
            "index81_frame_003",
            "index81_frame_017",
            "Alto 63",
            "index81_frame_009",
            "index81_frame_002"
        ],
        [
            "index32_frame_017",
            "index32_frame_018",
            "index32_frame_008",
            "index32_frame_015",
            "index32_frame_010",
            "index32_frame_007",
            "index32_frame_006",
            "index32_frame_016",
            "index32_frame_004",
            "index32_frame_001",
            "index32_frame_009"
        ],
        [
            "Screenshot (302)",
            "Screenshot (303)",
            "Screenshot (319)",
            "Screenshot (294)",
            "Screenshot (315)",
            "Screenshot (327)",
            "index113_frame_003",
            "index69_frame_007",
            "index113_frame_001",
            "index113_frame_004",
            "index113_frame_015"
        ],
        [
            "index108_frame_016",
            "DataSetVari 46",
            "index108_frame_011",
            "index108_frame_008",
            "index108_frame_007",
            "index108_frame_019",
            "index108_frame_018",
            "index108_frame_005",
            "index108_frame_006",
            "index108_frame_009",
            "index108_frame_004"
        ],
        [
            "Screenshot (57)",
            "Screenshot (59)",
            "Screenshot (64)",
            "Screenshot (52)",
            "Screenshot (58)",
            "index26_frame_004",
            "index26_frame_012",
            "index33_frame_001",
            "Screenshot (66)",
            "index30_frame_006",
            "index26_frame_015"
        ],
        [
            "index102_frame_004",
            "index102_frame_003",
            "index102_frame_007",
            "index102_frame_002",
            "index102_frame_010",
            "index102_frame_013",
            "index6_frame_004",
            "index6_frame_012",
            "index6_frame_002",
            "index6_frame_017",
            "Alto 26"
        ],
        [
