{
    "k": 12,
    "inertia_score": -443594.28125,
    "silhouette_score": 0.16579818725585938,
    "cluster_counts": [
        152,
        241,
        170,
        209,
        169,
        253,
        273,
        148,
        610,
        67,
        145,
        216
    ],
    "centroids": [
        "da_2_index70_frame_008",
        "index57_frame_013",
        "da_4_added43_frame_015",
        "Screenshot (428)",
        "added20_frame_021",
        "index102_frame_006",
        "da_2_Alto 9",
        "da_4_added90_frame_070",
        "added18_frame_007",
        "da_2_added74_frame_015",
        "da_1_added16_frame_011",
        "da_2_Screenshot (25)"
    ],
    "samples": [
        [
            "da_5_index70_frame_030",
            "da_5_index70_frame_008",
            "da_3_index70_frame_008",
            "da_0_index70_frame_030",
            "da_0_index70_frame_006",
            "da_9_index70_frame_009",
            "da_0_index70_frame_009",
            "da_6_index70_frame_030",
            "da_1_index70_frame_024",
            "da_0_index70_frame_008",
            "index70_frame_016",
            "da_7_index70_frame_010",
            "da_8_index70_frame_009",
            "da_5_index70_frame_024",
            "da_0_index70_frame_005",
            "da_2_index70_frame_024",
            "da_4_index70_frame_005",
            "index70_frame_015",
            "index70_frame_019",
            "da_6_index70_frame_010",
            "da_5_index70_frame_021",
            "da_0_index70_frame_021"
        ],
        [
            "da_0_index74_frame_011",
            "index57_frame_009",
            "da_4_index57_frame_004",
            "index74_frame_011",
            "da_3_index57_frame_007",
            "da_8_index74_frame_010",
            "da_3_index74_frame_013",
            "da_2_index74_frame_003",
            "da_5_index74_frame_015",
            "da_6_index74_frame_010",
            "index57_frame_010",
            "da_0_index57_frame_014",
            "da_4_index57_frame_015",
            "da_0_index57_frame_013",
            "da_8_index57_frame_003",
            "da_6_index74_frame_013",
            "da_0_index57_frame_015",
            "da_4_index74_frame_012",
            "index74_frame_020",
            "da_0_index57_frame_005",
            "da_3_index57_frame_020",
            "da_4_index57_frame_001"
        ],
        [
            "added43_frame_011",
            "added43_frame_016",
            "da_2_added43_frame_017",
            "added43_frame_027",
            "da_2_added43_frame_019",
            "da_0_added43_frame_023",
            "da_3_added43_frame_030",
            "da_2_added43_frame_020",
            "da_1_added43_frame_023",
            "da_0_added43_frame_005",
            "da_2_added43_frame_022",
            "da_4_added43_frame_016",
            "da_0_added43_frame_024",
            "da_1_added43_frame_029",
            "da_1_added43_frame_002",
            "da_1_added43_frame_026",
            "added43_frame_026",
            "da_2_added43_frame_027",
            "da_5_added43_frame_009",
            "da_3_added43_frame_025",
            "da_1_added43_frame_003",
            "da_1_added43_frame_015"
        ],
        [
            "Screenshot (422)",
            "Screenshot (480)",
            "Screenshot (409)",
            "da_2_Screenshot (466)",
            "Screenshot (461)",
            "da_2_Screenshot (419)",
            "da_1_index106_frame_005",
            "da_4_Screenshot (422)",
            "da_3_Screenshot (440)",
            "Screenshot (440)",
            "Screenshot (445)",
            "da_1_Screenshot (417)",
            "da_2_index106_frame_003",
            "da_3_Screenshot (420)",
            "da_3_DataSetVari 21",
            "da_4_Screenshot (445)",
            "da_3_index106_frame_011",
            "da_4_index106_frame_011",
            "da_3_index106_frame_007",
            "DataSetVari 20",
            "index20_frame_013",
            "da_3_index20_frame_012"
        ],
        [
            "da_3_added20_frame_017",
            "da_3_added20_frame_006",
            "da_4_added20_frame_021",
            "added20_frame_011",
            "da_1_added20_frame_014",
            "da_2_added20_frame_010",
            "da_3_added20_frame_008",
            "da_2_added20_frame_015",
            "added20_frame_004",
            "added20_frame_009",
            "added20_frame_001",
            "da_0_added20_frame_001",
            "da_0_added20_frame_011",
            "added20_frame_026",
            "da_0_added20_frame_014",
            "da_2_added20_frame_020",
            "da_5_added20_frame_022",
            "da_0_added20_frame_012",
            "da_3_added20_frame_002",
            "da_0_added20_frame_004",
            "da_1_added20_frame_018",
            "da_0_added20_frame_027"
        ],
        [
            "da_0_index104_frame_011",
            "index104_frame_020",
            "index104_frame_001",
            "da_0_index104_frame_010",
            "da_0_index6_frame_003",
            "da_1_index102_frame_008",
            "da_2_added33_frame_007",
            "added29_frame_019",
            "index6_frame_020",
            "da_1_index102_frame_004",
            "da_0_index6_frame_006",
            "da_3_index102_frame_001",
            "da_0_added29_frame_008",
            "da_1_added32_frame_075",
            "da_0_Screenshot (517)",
            "added32_frame_064",
            "DataSetVari 64",
            "da_0_Screenshot (621)",
            "Screenshot (644)",
            "Screenshot (522)",
            "da_0_Screenshot (572)",
            "index104_frame_012"
        ],
        [
            "da_5_Alto 8",
            "Alto 11",
            "da_2_Alto 35",
            "da_5_Alto 35",
            "da_4_DataSetVari 41",
            "da_3_Alto 4",
            "da_0_Alto 42",
            "da_1_DataSetVari 36",
            "da_0_DataSetVari 33",
            "da_2_Alto 5",
            "da_2_Alto 51",
            "da_4_index81_frame_019",
            "da_1_index81_frame_017",
            "da_2_index81_frame_017",
            "da_3_Alto 47",
            "da_2_index81_frame_013",
            "da_4_Alto 53",
            "da_4_index81_frame_002",
            "da_0_index81_frame_013",
            "da_1_DataSetVari 68",
            "DataSetVari 73",
            "da_2_DataSetVari 72"
        ],
        [
            "da_1_added90_frame_040",
            "added90_frame_003",
            "added90_frame_047",
            "da_4_added90_frame_056",
            "da_2_added90_frame_056",
            "da_0_added90_frame_047",
            "da_3_added90_frame_047",
            "da_3_added90_frame_056",
            "da_2_added90_frame_016",
            "da_2_added90_frame_077",
            "da_4_added90_frame_016",
            "da_1_added90_frame_090",
            "da_1_added90_frame_005",
            "da_1_added90_frame_042",
            "da_2_added90_frame_027",
            "da_1_added90_frame_033",
            "da_0_added90_frame_003",
            "da_2_added90_frame_070",
            "da_2_added90_frame_088",
            "added90_frame_063",
            "da_0_added90_frame_070",
            "da_2_added90_frame_065"
        ],
        [
            "da_1_index72_frame_025",
            "index28_frame_011",
            "index65_frame_028",
            "index65_frame_009",
            "index28_frame_006",
            "index83_frame_006",
            "index69_frame_011",
            "da_0_index83_frame_004",
            "index107_frame_002",
            "da_0_added89_frame_008",
            "added27_frame_029",
            "da_0_index18_frame_012",
            "Screenshot (357)",
            "index9_frame_012",
            "da_1_Foto 141",
            "index80_frame_008",
            "da_0_index16_frame_016",
            "Foto 84",
            "index113_frame_012",
            "added27_frame_003",
            "index9_frame_009",
            "added46_frame_013"
        ],
        [
