{
    "k": 17,
    "inertia_score": -492997.59375,
    "silhouette_score": 0.1722276210784912,
    "cluster_counts": [
        179,
        258,
        290,
        259,
        154,
        259,
        151,
        323,
        221,
        186,
        103,
        50,
        301,
        83,
        124,
        128,
        81
    ],
    "centroids": [
        "added20_frame_021",
        "index2_frame_016",
        "index57_frame_013",
        "da_0_index28_frame_009",
        "da_4_added90_frame_070",
        "da_0_Alto 43",
        "da_2_index70_frame_008",
        "da_1_index72_frame_017",
        "Screenshot (428)",
        "da_4_added43_frame_015",
        "added16_frame_011",
        "da_0_Alto 52",
        "da_0_index102_frame_005",
        "added98_frame_014",
        "da_2_Screenshot (20)",
        "da_0_Foto 77",
        "da_3_added74_frame_015"
    ],
    "samples": [
        [
            "da_3_added20_frame_017",
            "da_2_added20_frame_005",
            "da_1_added20_frame_010",
            "da_2_added20_frame_025",
            "da_2_added20_frame_024",
            "added20_frame_013",
            "da_3_added20_frame_010",
            "da_3_added20_frame_024",
            "da_0_added20_frame_017",
            "da_4_added20_frame_009",
            "da_0_added20_frame_011",
            "da_0_added20_frame_028",
            "da_1_added20_frame_012",
            "da_0_added20_frame_010",
            "da_3_added20_frame_028",
            "da_0_added20_frame_026",
            "da_0_added20_frame_013",
            "da_4_added20_frame_027"
        ],
        [
            "index2_frame_015",
            "added28_frame_018",
            "index2_frame_009",
            "index2_frame_004",
            "index66_frame_013",
            "index83_frame_007",
            "index66_frame_004",
            "added27_frame_012",
            "index80_frame_007",
            "da_0_added18_frame_010",
            "da_0_added27_frame_010",
            "index59_frame_012",
            "da_0_index80_frame_012",
            "index113_frame_008",
            "index86_frame_026",
            "Screenshot (347)",
            "index86_frame_060",
            "added27_frame_003"
        ],
        [
            "da_4_index74_frame_019",
            "da_4_index74_frame_014",
            "da_5_index74_frame_004",
            "da_0_index57_frame_009",
            "index74_frame_012",
            "index57_frame_003",
            "da_5_index57_frame_018",
            "da_0_index74_frame_018",
            "da_6_index57_frame_003",
            "index74_frame_013",
            "da_2_index74_frame_001",
            "index74_frame_008",
            "da_6_index57_frame_015",
            "da_3_index57_frame_019",
            "index74_frame_009",
            "da_8_index74_frame_014",
            "da_0_index74_frame_002",
            "da_3_index74_frame_002"
        ],
        [
            "da_1_index28_frame_008",
            "index28_frame_009",
            "index28_frame_010",
            "da_0_index100_frame_010",
            "da_3_index32_frame_009",
            "index65_frame_008",
            "da_1_index100_frame_002",
            "index32_frame_017",
            "da_0_index32_frame_001",
            "da_3_index32_frame_018",
            "da_1_index32_frame_010",
            "da_4_index32_frame_011",
            "da_0_index25_frame_006",
            "da_1_index32_frame_016",
            "index32_frame_019",
            "da_2_index32_frame_016",
            "index32_frame_020",
            "index18_frame_006"
        ],
        [
            "da_1_added90_frame_040",
            "da_0_added90_frame_040",
            "da_2_added90_frame_060",
            "da_2_added90_frame_056",
            "da_3_added90_frame_051",
            "da_4_added90_frame_051",
            "added90_frame_056",
            "da_0_added90_frame_027",
            "da_0_added90_frame_077",
            "da_1_added90_frame_005",
            "added90_frame_026",
            "da_3_added90_frame_005",
            "da_2_added90_frame_063",
            "da_1_added90_frame_001",
            "added90_frame_088",
            "da_4_added90_frame_029",
            "da_2_added90_frame_003",
            "added90_frame_070"
        ],
        [
            "da_1_Alto 34",
            "Alto 9",
            "da_3_Alto 35",
            "da_4_Alto 43",
            "da_0_Alto 38",
            "da_2_Alto 11",
            "da_3_Alto 8",
            "da_3_DataSetVari 33",
            "da_5_DataSetVari 28",
            "da_4_DataSetVari 28",
            "da_3_index81_frame_017",
            "da_4_index81_frame_017",
            "da_2_index81_frame_008",
            "da_0_Alto 7",
            "index81_frame_019",
            "Alto 7",
            "da_0_DataSetVari 83",
            "da_0_DataSetVari 1"
        ],
        [
            "da_5_index70_frame_030",
            "da_2_index70_frame_016",
            "da_3_index70_frame_015",
            "da_0_index70_frame_006",
            "da_3_index70_frame_003",
            "da_6_index70_frame_022",
            "da_1_index70_frame_024",
            "da_6_index70_frame_001",
            "da_2_index70_frame_015",
            "da_0_index70_frame_003",
            "da_7_index70_frame_024",
            "da_0_index70_frame_018",
            "da_4_index70_frame_005",
            "da_0_index70_frame_025",
            "da_6_index70_frame_024",
            "da_5_index70_frame_021",
            "da_0_index70_frame_023",
            "da_3_index70_frame_023"
        ],
        [
            "da_0_index72_frame_017",
            "index72_frame_009",
            "da_0_index72_frame_016",
            "index72_frame_027",
            "da_1_index72_frame_028",
            "da_1_index72_frame_006",
            "index95_frame_020",
            "index95_frame_008",
            "index62_frame_012",
            "DataSetVari 27",
            "index9_frame_012",
            "added89_frame_001",
            "da_0_index23_frame_015",
            "index20_frame_021",
            "index16_frame_004",
            "da_0_index9_frame_009",
            "index23_frame_009",
            "da_2_index23_frame_013"
        ],
        [
            "Screenshot (422)",
            "Screenshot (453)",
            "da_2_Screenshot (422)",
            "da_1_Screenshot (453)",
            "da_0_Screenshot (413)",
            "da_2_Screenshot (409)",
            "da_0_Screenshot (428)",
            "da_2_Screenshot (492)",
            "da_1_Screenshot (481)",
            "da_2_Screenshot (461)",
            "da_3_Screenshot (408)",
            "da_4_index106_frame_003",
            "da_4_Screenshot (438)",
            "da_3_DataSetVari 21",
            "da_2_Screenshot (463)",
            "da_2_Screenshot (417)",
            "da_0_index106_frame_011",
            "da_0_index106_frame_007"
        ],
        [
            "added43_frame_011",
            "da_2_added43_frame_017",
            "added43_frame_027",
            "da_4_added43_frame_007",
            "da_4_added43_frame_021",
            "da_1_added43_frame_007",
            "da_3_added43_frame_021",
            "da_2_added43_frame_013",
            "da_3_added43_frame_007",
            "da_0_added43_frame_024",
            "da_4_added43_frame_019",
            "da_0_added43_frame_014",
            "da_3_added43_frame_006",
            "da_4_added43_frame_013",
            "da_0_added43_frame_009",
            "da_5_added43_frame_015",
            "da_3_added43_frame_019",
            "da_1_added43_frame_005"
        ],
        [
            "da_2_added16_frame_026",
            "da_0_added16_frame_006",
            "da_0_added16_frame_003",
            "da_1_added16_frame_015",
            "da_0_added16_frame_029",
            "da_2_added16_frame_024",
            "da_0_added16_frame_011",
            "added16_frame_006",
            "da_1_added16_frame_029",
            "da_0_added16_frame_025",
            "da_0_added16_frame_010",
