{
    "k": 8,
    "inertia_score": -459096.03125,
    "silhouette_score": 0.1651380956172943,
    "cluster_counts": [
        340,
        234,
        194,
        289,
        384,
        273,
        541,
        297
    ],
    "centroids": [
        "da_2_added16_frame_011",
        "index57_frame_013",
        "added20_frame_021",
        "da_4_Alto 11",
        "da_0_added90_frame_003",
        "da_5_added43_frame_022",
        "added18_frame_007",
        "da_3_Screenshot (428)"
    ],
    "samples": [
        [
            "da_2_added16_frame_026",
            "da_3_added16_frame_021",
            "added16_frame_014",
            "da_4_added16_frame_026",
            "da_3_added16_frame_003",
            "da_3_added16_frame_002",
            "da_3_added16_frame_014",
            "added16_frame_010",
            "da_2_added16_frame_015",
            "da_1_added16_frame_016",
            "da_2_added16_frame_029",
            "da_0_added16_frame_005",
            "da_1_index70_frame_003",
            "da_0_index70_frame_008",
            "da_6_index70_frame_010",
            "da_1_index70_frame_030",
            "index70_frame_027",
            "da_0_index70_frame_023",
            "da_5_index70_frame_027",
            "da_0_index70_frame_005",
            "Foto 207",
            "index70_frame_021",
            "da_0_Foto 130",
            "da_3_Foto 113",
            "da_3_Foto 122"
        ],
        [
            "da_1_index74_frame_004",
            "da_1_index57_frame_009",
            "da_3_index57_frame_003",
            "da_3_index57_frame_016",
            "da_5_index57_frame_004",
            "index57_frame_012",
            "da_6_index74_frame_011",
            "da_2_index57_frame_018",
            "da_5_index74_frame_012",
            "da_4_index74_frame_012",
            "da_4_index57_frame_007",
            "da_3_index57_frame_009",
            "da_6_index57_frame_017",
            "da_5_index57_frame_007",
            "da_1_index74_frame_010",
            "da_1_index57_frame_017",
            "da_0_index74_frame_008",
            "da_0_index74_frame_016",
            "da_4_index74_frame_007",
            "index74_frame_017",
            "da_5_index74_frame_004",
            "da_6_index74_frame_005",
            "da_4_index74_frame_003",
            "da_4_index57_frame_009",
            "da_6_index57_frame_003"
        ],
        [
            "da_2_added20_frame_007",
            "da_3_added20_frame_007",
            "da_4_added20_frame_006",
            "da_1_added20_frame_017",
            "da_3_added20_frame_002",
            "da_2_added20_frame_010",
            "da_3_added20_frame_022",
            "da_2_added20_frame_024",
            "da_3_added20_frame_003",
            "da_3_added20_frame_005",
            "da_5_added20_frame_013",
            "added20_frame_013",
            "da_4_added20_frame_014",
            "da_0_added20_frame_021",
            "da_2_added20_frame_001",
            "da_1_added20_frame_027",
            "da_5_added20_frame_018",
            "added20_frame_004",
            "da_4_added20_frame_001",
            "added20_frame_012",
            "da_2_added20_frame_006",
            "da_6_added20_frame_004",
            "da_0_added20_frame_028",
            "da_5_added20_frame_019",
            "da_2_added20_frame_029"
        ],
        [
            "da_2_Alto 42",
            "Alto 33",
            "da_0_Alto 7",
            "da_2_Alto 10",
            "da_1_DataSetVari 34",
            "da_4_Alto 36",
            "Alto 36",
            "da_1_DataSetVari 33",
            "da_4_Alto 39",
            "da_0_DataSetVari 36",
            "da_5_Alto 4",
            "da_4_DataSetVari 29",
            "da_4_index81_frame_008",
            "da_1_DataSetVari 31",
            "da_7_Alto 52",
            "da_4_index81_frame_018",
            "da_2_index81_frame_017",
            "da_1_index81_frame_009",
            "da_4_index81_frame_002",
            "da_1_Alto 50",
            "da_0_DataSetVari 31",
            "da_1_index81_frame_008",
            "da_2_DataSetVari 24",
            "da_3_Alto 49",
            "Alto 5"
        ],
        [
            "da_4_Screenshot (20)",
            "da_2_Screenshot (20)",
            "da_4_added90_frame_063",
            "da_4_Screenshot (15)",
            "da_4_added90_frame_012",
            "da_1_added90_frame_005",
            "da_5_added90_frame_070",
            "da_6_added90_frame_060",
            "da_1_Screenshot (2)",
            "da_5_Screenshot (17)",
            "da_5_added90_frame_042",
            "added90_frame_003",
            "da_0_added90_frame_042",
            "da_0_Screenshot (11)",
            "da_2_Screenshot (6)",
            "da_1_Screenshot (8)",
            "Screenshot (21)",
            "da_5_added90_frame_082",
            "da_2_Screenshot (19)",
            "da_3_added90_frame_060",
            "added90_frame_054",
            "da_1_DataSetVari 32",
            "da_0_added90_frame_088",
            "da_2_DataSetVari 35",
            "da_1_index32_frame_008"
        ],
        [
            "da_2_added43_frame_030",
            "da_2_added43_frame_011",
            "da_0_added43_frame_005",
            "da_0_added43_frame_029",
            "added43_frame_019",
            "da_5_added43_frame_028",
            "da_1_added43_frame_016",
            "da_2_added43_frame_022",
            "da_3_added43_frame_010",
            "added43_frame_015",
            "da_0_added43_frame_023",
            "da_3_added43_frame_020",
            "da_5_added43_frame_006",
            "da_0_added43_frame_006",
            "da_1_added43_frame_029",
            "added28_frame_013",
            "index80_frame_003",
            "added27_frame_017",
            "index2_frame_020",
            "da_3_index113_frame_018",
            "index69_frame_007",
            "da_1_index113_frame_003",
            "da_0_index113_frame_001",
            "da_1_index113_frame_007",
            "index113_frame_005"
        ],
        [
            "index65_frame_015",
            "index66_frame_016",
            "index83_frame_012",
            "index65_frame_014",
            "index72_frame_028",
            "index108_frame_005",
            "index83_frame_006",
            "index26_frame_012",
            "index88_frame_028",
            "index32_frame_007",
            "da_0_index6_frame_003",
            "added98_frame_003",
            "index18_frame_002",
            "index62_frame_017",
            "added32_frame_075",
            "index108_frame_018",
            "index71_frame_017",
            "Foto 141",
            "index16_frame_004",
            "index32_frame_006",
            "added32_frame_051",
            "index32_frame_009",
            "added74_frame_008",
            "da_0_Foto 23",
            "da_0_DataSetVari 26"
        ],
        [
            "Screenshot (428)",
            "da_5_Screenshot (455)",
            "Screenshot (447)",
            "da_0_index106_frame_007",
            "Screenshot (439)",
            "Screenshot (480)",
            "da_1_index106_frame_004",
            "da_0_Screenshot (413)",
            "da_1_Screenshot (445)",
            "da_2_Screenshot (438)",
            "da_5_Screenshot (439)",
            "index106_frame_004",
            "index106_frame_007",
            "da_3_Screenshot (409)",
            "da_3_index106_frame_005",
            "DataSetVari 5",
            "index102_frame_003",
            "index102_frame_013",
            "DataSetVari 23",
            "index102_frame_001",
            "index20_frame_001",
            "index6_frame_004",
            "added34_frame_001",
            "index104_frame_005",
            "added34_frame_008"
        ]
    ]
}