{
    "k": 14,
    "inertia_score": -518283.96875,
    "silhouette_score": 0.15998625755310059,
    "cluster_counts": [
        186,
        290,
        165,
        226,
        125,
        309,
        81,
        173,
        155,
        263,
        455,
        151,
        179,
        392
    ],
    "centroids": [
        "da_4_added43_frame_015",
        "index57_frame_013",
        "da_2_added16_frame_021",
        "Screenshot (428)",
        "da_2_Screenshot (20)",
        "da_2_Alto 9",
        "da_3_added74_frame_015",
        "da_0_index28_frame_009",
        "da_4_added90_frame_070",
        "index2_frame_016",
        "da_1_index72_frame_017",
        "da_2_index70_frame_008",
        "added20_frame_021",
        "da_0_index102_frame_005"
    ],
    "samples": [
        [
            "added43_frame_011",
            "added43_frame_015",
            "da_3_added43_frame_001",
            "da_2_added43_frame_019",
            "da_3_added43_frame_015",
            "added43_frame_028",
            "da_2_added43_frame_026",
            "da_1_added43_frame_006",
            "added43_frame_003",
            "added43_frame_006",
            "da_0_added43_frame_024",
            "da_4_added43_frame_003",
            "da_4_added43_frame_014",
            "da_0_added43_frame_012",
            "da_3_added43_frame_011",
            "da_1_added43_frame_013",
            "da_1_added43_frame_030",
            "da_2_added43_frame_023",
            "da_2_added43_frame_014",
            "da_0_added43_frame_006"
        ],
        [
            "da_4_index74_frame_019",
            "da_0_index57_frame_007",
            "da_4_index57_frame_004",
            "index57_frame_018",
            "da_1_index74_frame_004",
            "da_1_index74_frame_018",
            "da_3_index57_frame_012",
            "da_2_index74_frame_007",
            "da_0_index74_frame_018",
            "da_4_index57_frame_014",
            "da_4_index57_frame_009",
            "da_0_index74_frame_015",
            "da_8_index57_frame_003",
            "da_2_index74_frame_006",
            "da_1_index57_frame_010",
            "da_3_index57_frame_014",
            "index74_frame_009",
            "da_0_index57_frame_016",
            "da_1_index57_frame_019",
            "da_3_index74_frame_005"
        ],
        [
            "da_4_added16_frame_021",
            "da_1_added16_frame_021",
            "da_4_added16_frame_003",
            "da_3_added16_frame_021",
            "da_5_added16_frame_003",
            "added16_frame_028",
            "added16_frame_014",
            "da_3_added16_frame_013",
            "added16_frame_008",
            "da_0_added16_frame_001",
            "added16_frame_019",
            "added16_frame_015",
            "da_2_added16_frame_017",
            "da_5_Foto 207",
            "da_0_Foto 130",
            "da_6_Foto 207",
            "index30_frame_016",
            "da_1_Foto 77",
            "da_2_Foto 122",
            "da_0_Foto 163"
        ],
        [
            "Screenshot (422)",
            "Screenshot (453)",
            "da_1_Screenshot (466)",
            "da_1_Screenshot (453)",
            "da_3_Screenshot (409)",
            "da_1_Screenshot (419)",
            "Screenshot (438)",
            "da_2_DataSetVari 21",
            "da_1_Screenshot (408)",
            "da_0_Screenshot (444)",
            "da_3_Screenshot (482)",
            "da_3_Screenshot (408)",
            "da_1_Screenshot (417)",
            "da_1_Screenshot (463)",
            "index106_frame_014",
            "da_2_Screenshot (463)",
            "da_0_index106_frame_001",
            "da_3_index106_frame_011",
            "da_4_index106_frame_011",
            "da_4_DataSetVari 21"
        ],
        [
            "da_5_Screenshot (2)",
            "da_2_Screenshot (6)",
            "da_1_Screenshot (25)",
            "da_3_Screenshot (2)",
            "da_3_Screenshot (16)",
            "Screenshot (6)",
            "Screenshot (8)",
            "da_1_Screenshot (14)",
            "Screenshot (17)",
            "da_5_Screenshot (15)",
            "Screenshot (9)",
            "da_0_Screenshot (9)",
            "Screenshot (21)",
            "da_2_Screenshot (12)",
            "da_1_Screenshot (18)",
            "da_3_DataSetVari 32",
            "da_3_DataSetVari 44",
            "DataSetVari 44",
            "da_4_DataSetVari 44",
            "DataSetVari 39"
        ],
        [
            "da_0_Alto 43",
            "da_2_Alto 34",
            "da_2_DataSetVari 34",
            "Alto 8",
            "da_3_Alto 34",
            "da_0_Alto 39",
            "da_3_Alto 4",
            "da_2_DataSetVari 40",
            "Alto 42",
            "da_0_Alto 6",
            "da_0_Alto 47",
            "da_2_Alto 46",
            "da_6_index81_frame_017",
            "da_1_DataSetVari 37",
            "da_4_index81_frame_013",
            "da_4_Alto 53",
            "index81_frame_008",
            "da_3_DataSetVari 37",
            "da_3_DataSetVari 72",
            "da_1_Alto 45"
        ],
        [
            "da_2_added74_frame_015",
            "added74_frame_015",
            "da_1_added74_frame_026",
            "added74_frame_017",
            "da_4_added74_frame_015",
            "added74_frame_020",
            "da_0_added74_frame_015",
            "da_0_added74_frame_011",
            "da_1_added74_frame_001",
            "da_1_added74_frame_003",
            "da_4_added74_frame_020",
            "da_0_added74_frame_003",
            "da_1_added74_frame_017",
            "da_2_added74_frame_017",
            "added74_frame_014",
            "da_3_added74_frame_011",
            "da_0_added74_frame_018",
            "da_3_added74_frame_013",
            "da_0_added74_frame_013",
            "da_2_added74_frame_014"
        ],
        [
            "da_1_index28_frame_008",
            "da_1_index28_frame_009",
            "index41_frame_017",
            "da_1_index41_frame_013",
            "index28_frame_006",
            "da_1_index41_frame_020",
            "index65_frame_026",
            "index65_frame_001",
            "da_0_index28_frame_007",
            "index41_frame_001",
            "index25_frame_001",
            "da_0_index100_frame_009",
            "da_0_index41_frame_018",
            "index26_frame_012",
            "da_0_DataSetVari 56",
            "index65_frame_021",
            "index28_frame_018",
            "da_0_index26_frame_010",
            "da_0_index26_frame_004",
            "Foto 24"
        ],
        [
            "da_1_added90_frame_040",
            "da_1_added90_frame_025",
            "da_2_added90_frame_090",
            "da_4_added90_frame_003",
            "added90_frame_040",
            "da_3_added90_frame_040",
            "da_1_added90_frame_060",
            "da_2_added90_frame_016",
            "da_0_added90_frame_027",
            "da_1_added90_frame_029",
            "da_4_added90_frame_063",
            "da_3_added90_frame_070",
            "da_1_added90_frame_042",
            "da_2_added90_frame_027",
            "da_0_added90_frame_058",
            "da_2_added90_frame_070",
            "da_3_added90_frame_065",
            "added90_frame_012",
            "da_5_added90_frame_047",
            "da_4_added90_frame_065"
        ],
        [
            "index2_frame_015",
            "added28_frame_001",
            "index83_frame_013",
            "index2_frame_004",
            "index69_frame_011",
            "added18_frame_013",
            "index83_frame_006",
            "added28_frame_023",
            "da_0_Screenshot (361)",
            "index86_frame_037",
            "index80_frame_018",
            "index71_frame_010",
            "index59_frame_001",
            "index113_frame_013",
            "added17_frame_006",
            "index86_frame_021",
            "index113_frame_020",
            "added53_frame_027",
            "index86_frame_036",
            "index86_frame_047"
