{
    "k": 19,
    "inertia_score": -389833.59375,
    "silhouette_score": 0.18493559956550598,
    "cluster_counts": [
        54,
        115,
        204,
        152,
        170,
        178,
        241,
        169,
        148,
        95,
        79,
        126,
        172,
        67,
        99,
        236,
        202,
        57,
        89
    ],
    "centroids": [
        "da_2_index32_frame_010",
        "added98_frame_009",
        "index2_frame_016",
        "da_1_added16_frame_011",
        "da_4_added43_frame_015",
        "Screenshot (428)",
        "index57_frame_013",
        "added20_frame_021",
        "da_4_added90_frame_070",
        "da_4_index70_frame_011",
        "da_1_Alto 51",
        "da_3_DataSetVari 40",
        "da_1_index28_frame_008",
        "da_2_added74_frame_015",
        "da_3_Alto 37",
        "index102_frame_006",
        "da_1_index62_frame_006",
        "da_1_index70_frame_024",
        "da_5_Screenshot (2)"
    ],
    "samples": [
        [
            "index32_frame_017",
            "index32_frame_008",
            "index32_frame_001",
            "da_3_index32_frame_008",
            "da_4_index32_frame_009",
            "index32_frame_006",
            "index32_frame_003",
            "da_0_index32_frame_003",
            "index32_frame_011",
            "da_0_index32_frame_005",
            "index32_frame_002",
            "da_0_index32_frame_017",
            "da_1_index32_frame_004",
            "index32_frame_020",
            "da_0_index32_frame_002",
            "da_0_index32_frame_019"
        ],
        [
            "da_0_added98_frame_024",
            "added98_frame_021",
            "index72_frame_029",
            "index72_frame_016",
            "added98_frame_001",
            "index72_frame_030",
            "da_0_added98_frame_010",
            "index72_frame_005",
            "da_1_added98_frame_009",
            "da_0_added98_frame_030",
            "index107_frame_011",
            "index88_frame_012",
            "index95_frame_002",
            "index9_frame_016",
            "index107_frame_018",
            "added102_frame_027"
        ],
        [
            "index2_frame_015",
            "added28_frame_001",
            "added27_frame_026",
            "index69_frame_009",
            "index80_frame_006",
            "index66_frame_008",
            "added18_frame_001",
            "index69_frame_005",
            "index80_frame_013",
            "added27_frame_002",
            "index69_frame_003",
            "index71_frame_017",
            "added27_frame_014",
            "index69_frame_004",
            "index86_frame_078",
            "index86_frame_060"
        ],
        [
            "da_2_added16_frame_021",
            "da_1_added16_frame_014",
            "da_1_added16_frame_015",
            "da_3_added16_frame_026",
            "added16_frame_028",
            "da_2_added16_frame_003",
            "added16_frame_024",
            "da_3_added16_frame_017",
            "da_3_added16_frame_012",
            "da_2_added16_frame_015",
            "da_3_added16_frame_025",
            "added16_frame_005",
            "da_3_Foto 207",
            "da_1_Foto 206",
            "da_1_Foto 113",
            "da_0_Foto 166"
        ],
        [
            "added43_frame_011",
            "added43_frame_013",
            "da_0_added43_frame_027",
            "da_1_added43_frame_022",
            "da_4_added43_frame_024",
            "da_2_added43_frame_026",
            "added43_frame_019",
            "da_2_added43_frame_022",
            "da_2_added43_frame_007",
            "da_0_added43_frame_002",
            "da_0_added43_frame_014",
            "da_2_added43_frame_029",
            "da_0_added43_frame_025",
            "da_4_added43_frame_027",
            "da_1_added43_frame_003",
            "da_1_added43_frame_017"
        ],
        [
            "Screenshot (422)",
            "da_0_Screenshot (480)",
            "Screenshot (469)",
            "da_1_Screenshot (492)",
            "da_2_Screenshot (447)",
            "da_1_index106_frame_002",
            "da_0_Screenshot (414)",
            "Screenshot (413)",
            "da_3_Screenshot (439)",
            "da_1_Screenshot (447)",
            "da_1_Screenshot (417)",
            "da_6_Screenshot (482)",
            "da_4_Screenshot (444)",
            "da_3_Screenshot (444)",
            "Screenshot (482)",
            "index106_frame_011"
        ],
        [
            "da_0_index74_frame_011",
            "index74_frame_018",
            "index74_frame_011",
            "da_1_index74_frame_004",
            "da_3_index74_frame_013",
            "da_0_index74_frame_014",
            "da_6_index74_frame_010",
            "da_0_index74_frame_013",
            "da_4_index57_frame_015",
            "da_3_index57_frame_016",
            "da_6_index74_frame_013",
            "da_4_index57_frame_011",
            "index74_frame_020",
            "da_8_index74_frame_009",
            "da_4_index57_frame_001",
            "da_0_index74_frame_012"
        ],
        [
            "da_3_added20_frame_017",
            "da_0_added20_frame_020",
            "da_3_added20_frame_023",
            "added20_frame_003",
            "added20_frame_013",
            "da_1_added20_frame_013",
            "da_2_added20_frame_008",
            "added20_frame_001",
            "da_2_added20_frame_001",
            "da_3_added20_frame_015",
            "da_0_added20_frame_016",
            "da_3_added20_frame_027",
            "da_3_added20_frame_028",
            "da_2_added20_frame_030",
            "da_1_added20_frame_018",
            "da_4_added20_frame_003"
        ],
        [
            "da_1_added90_frame_040",
            "da_2_added90_frame_033",
            "da_4_added90_frame_056",
            "added90_frame_040",
            "da_2_added90_frame_014",
            "added90_frame_056",
            "da_2_added90_frame_009",
            "da_1_added90_frame_009",
            "da_3_added90_frame_042",
            "da_0_added90_frame_068",
            "da_2_added90_frame_012",
            "da_1_added90_frame_063",
            "da_3_added90_frame_065",
            "da_1_added90_frame_065",
            "da_2_added90_frame_025",
            "da_0_added90_frame_033"
        ],
        [
            "da_2_index70_frame_006",
            "da_4_index70_frame_006",
            "da_5_index70_frame_022",
            "da_3_index70_frame_003",
            "index70_frame_016",
            "da_1_index70_frame_001",
            "da_5_index70_frame_010",
            "da_7_index70_frame_009",
            "da_1_index70_frame_003",
            "da_7_index70_frame_010",
            "da_7_index70_frame_003",
            "da_0_index70_frame_019",
            "da_1_index70_frame_011",
            "da_9_index70_frame_009",
            "da_1_index70_frame_015",
            "da_1_index70_frame_030"
        ],
        [
            "da_0_Alto 51",
            "da_0_Alto 52",
            "da_4_Alto 53",
            "Alto 47",
            "Alto 48",
            "da_0_Alto 53",
            "Alto 50",
            "da_1_Alto 48",
            "da_3_Alto 47",
            "da_1_DataSetVari 12",
            "da_4_Alto 50",
            "da_2_Alto 49",
            "da_0_Alto 49",
            "da_1_DataSetVari 1",
            "da_3_DataSetVari 12",
            "da_0_DataSetVari 68"
        ],
        [
            "da_1_DataSetVari 34",
            "Alto 11",
            "da_1_DataSetVari 28",
            "da_0_Alto 11",
            "da_0_DataSetVari 34",
            "da_3_Alto 11",
            "da_1_DataSetVari 40",
            "da_1_Alto 5",
            "da_1_DataSetVari 33",
            "da_3_Alto 12",
            "da_4_Alto 6",
            "da_0_DataSetVari 31",
            "da_0_DataSetVari 35",
            "da_5_DataSetVari 44",
            "da_5_DataSetVari 39",
            "da_0_DataSetVari 30"
        ],
        [
