{
    "k": 10,
    "inertia_score": -469780.59375,
    "silhouette_score": 0.14988665282726288,
    "cluster_counts": [
        151,
        236,
        241,
        594,
        148,
        245,
        443,
        177,
        273,
        145
    ],
    "centroids": [
        "da_2_index70_frame_008",
        "da_4_added20_frame_005",
        "index57_frame_013",
        "da_1_index72_frame_025",
        "da_4_added90_frame_070",
        "da_1_added43_frame_012",
        "da_3_Screenshot (447)",
        "da_2_Screenshot (6)",
        "da_2_Alto 9",
        "da_1_added16_frame_011"
    ],
    "samples": [
        [
            "da_5_index70_frame_030",
            "da_5_index70_frame_022",
            "da_2_index70_frame_006",
            "da_0_index70_frame_030",
            "da_0_index70_frame_006",
            "da_9_index70_frame_009",
            "da_1_index70_frame_019",
            "da_6_index70_frame_030",
            "da_1_index70_frame_024",
            "da_2_index70_frame_010",
            "index70_frame_016",
            "da_7_index70_frame_010",
            "da_0_index70_frame_003",
            "da_3_index70_frame_022",
            "da_1_index70_frame_010",
            "da_2_index70_frame_024",
            "da_4_index70_frame_005",
            "da_5_index70_frame_023",
            "index70_frame_019",
            "da_6_index70_frame_010",
            "da_5_index70_frame_021",
            "da_2_index70_frame_005",
            "da_4_index70_frame_026"
        ],
        [
            "da_3_added20_frame_017",
            "da_1_added20_frame_014",
            "da_0_added20_frame_020",
            "added20_frame_002",
            "da_3_added20_frame_003",
            "da_3_added20_frame_020",
            "da_2_added20_frame_003",
            "da_3_added20_frame_024",
            "da_7_added20_frame_009",
            "da_3_added20_frame_005",
            "added20_frame_025",
            "da_3_added20_frame_007",
            "da_2_added20_frame_020",
            "da_1_added20_frame_018",
            "da_0_added20_frame_023",
            "da_5_added20_frame_027",
            "da_1_added20_frame_027",
            "da_3_added74_frame_021",
            "da_0_added20_frame_019",
            "da_3_added74_frame_014",
            "added74_frame_008",
            "da_3_added74_frame_024",
            "added74_frame_002"
        ],
        [
            "da_0_index74_frame_011",
            "index57_frame_009",
            "da_4_index57_frame_004",
            "index74_frame_011",
            "da_3_index57_frame_007",
            "da_8_index74_frame_010",
            "da_3_index74_frame_013",
            "da_2_index74_frame_003",
            "da_5_index74_frame_015",
            "da_6_index74_frame_010",
            "index57_frame_010",
            "da_0_index57_frame_014",
            "da_4_index57_frame_015",
            "da_0_index57_frame_013",
            "da_8_index57_frame_003",
            "da_6_index74_frame_013",
            "da_0_index57_frame_015",
            "da_4_index74_frame_012",
            "index74_frame_020",
            "da_0_index57_frame_005",
            "da_3_index57_frame_020",
            "da_4_index57_frame_001",
            "da_3_index74_frame_005"
        ],
        [
            "da_0_index28_frame_009",
            "index72_frame_025",
            "index66_frame_011",
            "index71_frame_001",
            "index83_frame_013",
            "da_0_DataSetVari 56",
            "da_2_added98_frame_024",
            "index41_frame_016",
            "index107_frame_002",
            "DataSetVari 66",
            "da_1_added98_frame_026",
            "index2_frame_012",
            "da_0_index62_frame_021",
            "added89_frame_008",
            "index62_frame_027",
            "da_0_index102_frame_014",
            "Screenshot (521)",
            "added53_frame_021",
            "index16_frame_004",
            "Foto 27",
            "da_0_index108_frame_004",
            "index16_frame_011",
            "Foto 204"
        ],
        [
            "da_1_added90_frame_040",
            "added90_frame_003",
            "added90_frame_047",
            "da_4_added90_frame_056",
            "da_2_added90_frame_056",
            "da_0_added90_frame_047",
            "da_3_added90_frame_047",
            "da_3_added90_frame_056",
            "da_2_added90_frame_016",
            "da_2_added90_frame_077",
            "da_4_added90_frame_016",
            "da_1_added90_frame_090",
            "da_1_added90_frame_005",
            "da_1_added90_frame_042",
            "da_2_added90_frame_027",
            "da_1_added90_frame_033",
            "da_0_added90_frame_003",
            "da_2_added90_frame_070",
            "da_2_added90_frame_088",
            "added90_frame_063",
            "da_0_added90_frame_070",
            "da_2_added90_frame_065",
            "da_0_added90_frame_056"
        ],
        [
            "da_4_added43_frame_015",
            "da_1_added43_frame_007",
            "added43_frame_010",
            "da_3_added43_frame_015",
            "added43_frame_013",
            "da_3_added43_frame_026",
            "da_1_added43_frame_009",
            "da_2_added43_frame_006",
            "da_0_added43_frame_002",
            "da_3_added43_frame_006",
            "da_1_added43_frame_002",
            "added43_frame_029",
            "da_2_added43_frame_018",
            "da_1_added43_frame_014",
            "da_5_added43_frame_009",
            "da_4_added43_frame_018",
            "da_2_added43_frame_014",
            "added28_frame_013",
            "added27_frame_012",
            "index113_frame_013",
            "index80_frame_013",
            "index80_frame_011",
            "index86_frame_026"
        ],
        [
            "da_1_index106_frame_002",
            "Screenshot (439)",
            "da_1_Screenshot (492)",
            "da_0_Screenshot (410)",
            "da_0_Screenshot (440)",
            "da_0_index104_frame_003",
            "da_2_index106_frame_014",
            "da_1_index6_frame_020",
            "da_0_index106_frame_003",
            "da_2_added33_frame_011",
            "da_0_Screenshot (482)",
            "da_0_Screenshot (637)",
            "da_1_index102_frame_001",
            "da_0_Screenshot (417)",
            "da_0_Screenshot (675)",
            "added34_frame_014",
            "da_0_added32_frame_064",
            "da_2_Screenshot (639)",
            "index20_frame_001",
            "da_1_index20_frame_017",
            "Screenshot (632)",
            "index20_frame_026",
            "da_1_index14_frame_006"
        ],
        [
            "da_2_Screenshot (25)",
            "da_4_Screenshot (6)",
            "da_1_Screenshot (25)",
            "da_0_Screenshot (9)",
            "da_4_Screenshot (16)",
            "da_0_Screenshot (2)",
            "da_1_Screenshot (6)",
            "Screenshot (20)",
            "da_2_Screenshot (14)",
            "da_5_Screenshot (15)",
            "da_2_Screenshot (11)",
            "da_2_Screenshot (12)",
            "Screenshot (18)",
            "da_4_DataSetVari 32",
            "da_4_index32_frame_009",
            "da_2_index32_frame_017",
            "da_0_index32_frame_006",
            "da_1_index32_frame_005",
            "da_2_DataSetVari 44",
            "da_3_index32_frame_011",
            "index32_frame_006",
            "da_0_index32_frame_018",
            "DataSetVari 30"
        ],
        [
            "da_5_Alto 8",
            "Alto 33",
            "da_2_DataSetVari 34",
            "da_5_Alto 37",
            "da_4_Alto 11",
            "da_0_DataSetVari 28",
            "Alto 38",
            "da_1_Alto 38",
            "da_0_Alto 41",
            "DataSetVari 36",
            "Alto 51",
            "Alto 4",
            "da_4_index81_frame_019",
            "Alto 47",
            "da_0_index81_frame_017",
            "Alto 12",
            "da_4_added99_frame_010",
