{
    "k": 14,
    "inertia_score": -389994.40625,
    "silhouette_score": 0.18656356632709503,
    "cluster_counts": [
        172,
        399,
        142,
        151,
        229,
        194,
        152,
        235,
        135,
        188,
        301,
        119,
        94,
        41
    ],
    "centroids": [
        "da_3_Alto 42",
        "index2_frame_016",
        "da_3_added16_frame_021",
        "added43_frame_011",
        "da_5_added90_frame_012",
        "added20_frame_021",
        "Screenshot (2)",
        "index57_frame_013",
        "da_5_index70_frame_009",
        "da_3_Screenshot (428)",
        "added32_frame_083",
        "da_1_Alto 52",
        "da_0_Foto 126",
        "index113_frame_001"
    ],
    "samples": [
        [
            "da_2_Alto 34",
            "da_0_DataSetVari 34",
            "da_2_Alto 37",
            "da_3_Alto 38",
            "da_5_Alto 34",
            "Alto 40",
            "DataSetVari 33",
            "da_2_added99_frame_010",
            "da_0_Alto 10",
            "da_5_index81_frame_017",
            "da_1_DataSetVari 36",
            "da_3_Alto 7",
            "da_5_index81_frame_019",
            "Alto 42",
            "da_1_DataSetVari 40",
            "da_0_DataSetVari 28",
            "da_2_DataSetVari 33",
            "index81_frame_019",
            "index81_frame_002",
            "index81_frame_003"
        ],
        [
            "added18_frame_007",
            "index66_frame_011",
            "added28_frame_018",
            "index71_frame_001",
            "index72_frame_016",
            "added27_frame_007",
            "index69_frame_005",
            "index71_frame_012",
            "index41_frame_008",
            "index95_frame_020",
            "added27_frame_012",
            "index100_frame_013",
            "index100_frame_019",
            "index80_frame_014",
            "index86_frame_037",
            "index18_frame_013",
            "index95_frame_014",
            "added98_frame_016",
            "Foto 53",
            "index86_frame_034"
        ],
        [
            "da_1_added16_frame_027",
            "da_4_added16_frame_011",
            "da_1_added16_frame_021",
            "da_3_added16_frame_001",
            "da_0_added16_frame_006",
            "added16_frame_016",
            "added16_frame_015",
            "da_3_added16_frame_011",
            "da_1_added16_frame_002",
            "da_1_added16_frame_024",
            "added16_frame_022",
            "da_0_added16_frame_028",
            "da_2_added16_frame_002",
            "da_2_added16_frame_001",
            "da_4_added16_frame_001",
            "da_2_added16_frame_019",
            "da_3_added16_frame_019",
            "da_1_added16_frame_014",
            "da_3_added16_frame_024",
            "da_1_added16_frame_008"
        ],
        [
            "added43_frame_010",
            "da_3_added43_frame_009",
            "added43_frame_007",
            "added43_frame_020",
            "da_0_added43_frame_027",
            "da_2_added43_frame_023",
            "da_3_added43_frame_021",
            "added43_frame_014",
            "da_1_added43_frame_017",
            "da_2_added43_frame_007",
            "da_3_added43_frame_020",
            "da_0_added43_frame_011",
            "da_5_added43_frame_028",
            "da_1_added43_frame_027",
            "da_5_added43_frame_006",
            "da_4_added43_frame_011",
            "da_5_added43_frame_009",
            "da_3_added43_frame_027",
            "da_4_added43_frame_030",
            "da_4_added43_frame_023"
        ],
        [
            "da_2_added90_frame_012",
            "da_4_added90_frame_003",
            "da_5_added90_frame_090",
            "da_4_added90_frame_033",
            "da_4_added90_frame_042",
            "added90_frame_040",
            "da_4_added90_frame_082",
            "da_1_added90_frame_047",
            "da_6_added90_frame_016",
            "added90_frame_054",
            "da_1_added90_frame_070",
            "da_3_added90_frame_027",
            "da_3_added90_frame_047",
            "da_2_added90_frame_029",
            "da_2_added90_frame_058",
            "da_0_added90_frame_026",
            "da_5_added90_frame_063",
            "da_1_added90_frame_001",
            "da_0_DataSetVari 39",
            "da_1_index32_frame_011"
        ],
        [
            "da_2_added20_frame_007",
            "da_0_added20_frame_014",
            "da_0_added20_frame_001",
            "da_5_added20_frame_016",
            "added20_frame_006",
            "da_0_added20_frame_010",
            "da_0_added20_frame_004",
            "da_3_added20_frame_005",
            "da_5_added20_frame_003",
            "da_1_added20_frame_020",
            "da_4_added20_frame_012",
            "da_4_added20_frame_010",
            "da_0_added20_frame_007",
            "da_1_added20_frame_022",
            "da_4_added20_frame_001",
            "da_5_added20_frame_012",
            "added20_frame_026",
            "da_4_added20_frame_023",
            "da_3_added20_frame_017",
            "added20_frame_016"
        ],
        [
            "da_4_Screenshot (16)",
            "da_3_Screenshot (17)",
            "da_0_Screenshot (2)",
            "da_0_Screenshot (16)",
            "da_4_Screenshot (14)",
            "da_7_Screenshot (20)",
            "da_4_Screenshot (8)",
            "Screenshot (17)",
            "da_2_Screenshot (24)",
            "da_2_Screenshot (20)",
            "da_1_Screenshot (23)",
            "da_1_Screenshot (21)",
            "Screenshot (21)",
            "da_6_Screenshot (8)",
            "da_4_Screenshot (13)",
            "da_2_Screenshot (8)",
            "da_5_Screenshot (6)",
            "da_0_Screenshot (19)",
            "Screenshot (12)",
            "Screenshot (9)"
        ],
        [
            "da_1_index74_frame_004",
            "index57_frame_015",
            "index74_frame_018",
            "index57_frame_007",
            "da_2_index57_frame_012",
            "da_3_index57_frame_019",
            "da_8_index74_frame_007",
            "da_4_index74_frame_012",
            "da_0_index57_frame_007",
            "da_4_index74_frame_019",
            "da_3_index74_frame_013",
            "da_0_index74_frame_020",
            "da_2_index74_frame_007",
            "da_3_index57_frame_005",
            "da_3_index74_frame_019",
            "da_4_index57_frame_018",
            "da_5_index74_frame_016",
            "da_6_index74_frame_005",
            "da_4_index74_frame_003",
            "da_4_index74_frame_005"
        ],
        [
            "da_0_index70_frame_003",
            "da_1_index70_frame_006",
            "da_4_index70_frame_001",
            "da_3_index70_frame_006",
            "da_0_index70_frame_001",
            "da_8_index70_frame_010",
            "da_2_index70_frame_027",
            "da_4_index70_frame_018",
            "da_4_index70_frame_003",
            "da_2_index70_frame_008",
            "da_5_index70_frame_024",
            "da_1_index70_frame_027",
            "da_2_index70_frame_019",
            "da_2_index70_frame_023",
            "da_5_index70_frame_016",
            "index70_frame_016",
            "da_2_index70_frame_025",
            "index70_frame_021",
            "index70_frame_022",
            "index70_frame_015"
        ],
        [
            "Screenshot (428)",
            "da_4_Screenshot (408)",
            "DataSetVari 21",
            "da_0_Screenshot (408)",
            "da_1_Screenshot (419)",
            "Screenshot (476)",
            "Screenshot (461)",
            "da_3_Screenshot (408)",
            "da_3_index106_frame_004",
            "da_3_Screenshot (413)",
            "Screenshot (413)",
            "da_3_Screenshot (440)",
            "da_3_Screenshot (409)",
            "da_3_Screenshot (444)",
            "da_7_Screenshot (482)",
            "da_3_Screenshot (438)",
            "da_1_Screenshot (439)",
