{
    "k": 19,
    "inertia_score": -473695.84375,
    "silhouette_score": 0.18503142893314362,
    "cluster_counts": [
        154,
        154,
        72,
        290,
        168,
        46,
        186,
        179,
        90,
        183,
        151,
        173,
        81,
        143,
        173,
        220,
        124,
        259,
        304
    ],
    "centroids": [
        "da_4_added90_frame_070",
        "da_1_added98_frame_017",
        "da_2_index32_frame_010",
        "index57_frame_013",
        "da_2_added16_frame_021",
        "da_2_index81_frame_008",
        "da_4_added43_frame_015",
        "added20_frame_021",
        "da_1_Alto 51",
        "da_0_index104_frame_011",
        "da_2_index70_frame_008",
        "da_0_Alto 43",
        "da_3_added74_frame_015",
        "da_0_index102_frame_005",
        "da_0_index28_frame_009",
        "Screenshot (428)",
        "da_2_Screenshot (20)",
        "index2_frame_016",
        "index88_frame_029"
    ],
    "samples": [
        [
            "da_1_added90_frame_040",
            "da_2_added90_frame_033",
            "da_3_added90_frame_090",
            "added90_frame_016",
            "da_3_added90_frame_040",
            "da_3_added90_frame_056",
            "da_3_added90_frame_082",
            "da_1_added90_frame_029",
            "da_1_added90_frame_005",
            "added90_frame_042",
            "da_3_added90_frame_014",
            "da_0_added90_frame_003",
            "da_0_added90_frame_063",
            "da_0_added90_frame_009",
            "da_0_added90_frame_070",
            "added90_frame_068"
        ],
        [
            "da_3_added98_frame_024",
            "added98_frame_007",
            "index72_frame_016",
            "added98_frame_010",
            "added98_frame_012",
            "added98_frame_001",
            "index72_frame_012",
            "da_1_index72_frame_023",
            "index72_frame_027",
            "da_2_index72_frame_015",
            "da_1_added98_frame_030",
            "da_1_added98_frame_012",
            "added98_frame_002",
            "added102_frame_025",
            "index95_frame_005",
            "index95_frame_014"
        ],
        [
            "index32_frame_017",
            "index32_frame_016",
            "da_1_index32_frame_003",
            "da_0_index32_frame_011",
            "index32_frame_001",
            "da_0_index32_frame_007",
            "da_2_index32_frame_005",
            "index32_frame_007",
            "da_0_index32_frame_003",
            "index32_frame_004",
            "da_2_index32_frame_009",
            "da_1_index32_frame_020",
            "da_0_index32_frame_017",
            "da_0_index32_frame_002",
            "da_0_index32_frame_001",
            "da_1_index32_frame_005"
        ],
        [
            "da_4_index74_frame_019",
            "da_4_index57_frame_017",
            "da_4_index74_frame_013",
            "da_7_index74_frame_010",
            "da_2_index57_frame_013",
            "da_0_index74_frame_020",
            "da_4_index57_frame_016",
            "da_4_index57_frame_014",
            "index74_frame_013",
            "da_1_index74_frame_015",
            "da_6_index74_frame_013",
            "index74_frame_015",
            "da_5_index74_frame_014",
            "index57_frame_002",
            "da_1_index57_frame_019",
            "da_1_index74_frame_007"
        ],
        [
            "da_4_added16_frame_021",
            "da_1_added16_frame_014",
            "da_1_added16_frame_006",
            "da_0_added16_frame_021",
            "added16_frame_028",
            "da_2_added16_frame_029",
            "da_3_added16_frame_017",
            "da_0_added16_frame_001",
            "da_0_added16_frame_022",
            "da_1_added16_frame_019",
            "da_1_added16_frame_005",
            "da_4_Foto 206",
            "da_0_Foto 77",
            "da_3_Foto 166",
            "Foto 122",
            "Foto 111"
        ],
        [
            "da_1_index81_frame_003",
            "da_4_index81_frame_013",
            "da_5_index81_frame_017",
            "index81_frame_013",
            "da_5_index81_frame_013",
            "index81_frame_017",
            "da_1_index81_frame_002",
            "index81_frame_008",
            "da_0_index81_frame_009",
            "da_1_index81_frame_019",
            "da_2_index81_frame_013",
            "da_0_index81_frame_017",
            "index81_frame_019",
            "da_4_index81_frame_002",
            "index81_frame_009",
            "da_4_index81_frame_019"
        ],
        [
            "added43_frame_011",
            "added43_frame_013",
            "da_0_added43_frame_001",
            "da_3_added43_frame_004",
            "da_2_added43_frame_021",
            "da_2_added43_frame_002",
            "da_3_added43_frame_029",
            "added43_frame_023",
            "da_3_added43_frame_020",
            "da_4_added43_frame_003",
            "da_0_added43_frame_014",
            "da_2_added43_frame_012",
            "da_2_added43_frame_027",
            "da_4_added43_frame_020",
            "da_1_added43_frame_003",
            "da_0_added43_frame_029"
        ],
        [
            "da_3_added20_frame_017",
            "da_0_added20_frame_020",
            "da_3_added20_frame_023",
            "da_2_added20_frame_006",
            "da_2_added20_frame_002",
            "da_1_added20_frame_013",
            "da_2_added20_frame_008",
            "da_5_added20_frame_001",
            "da_2_added20_frame_026",
            "da_0_added20_frame_028",
            "da_2_added20_frame_020",
            "da_2_added20_frame_022",
            "da_1_added20_frame_023",
            "da_6_added20_frame_009",
            "da_1_added20_frame_005",
            "da_3_added20_frame_026"
        ],
        [
            "da_0_Alto 51",
            "Alto 52",
            "da_2_Alto 48",
            "da_3_Alto 49",
            "da_3_Alto 45",
            "da_1_Alto 49",
            "Alto 50",
            "da_3_Alto 47",
            "da_1_DataSetVari 12",
            "da_4_Alto 50",
            "da_3_Alto 46",
            "da_0_Alto 46",
            "da_1_DataSetVari 68",
            "Alto 12",
            "da_1_DataSetVari 73",
            "da_0_DataSetVari 67"
        ],
        [
            "da_0_index104_frame_016",
            "index104_frame_010",
            "da_0_Screenshot (644)",
            "da_1_index6_frame_006",
            "da_0_Screenshot (636)",
            "Screenshot (670)",
            "index6_frame_010",
            "Screenshot (639)",
            "da_1_added33_frame_012",
            "da_2_added33_frame_012",
            "Screenshot (675)",
            "da_0_index6_frame_002",
            "Screenshot (674)",
            "index6_frame_013",
            "da_1_added33_frame_024",
            "da_2_Screenshot (631)"
        ],
        [
            "da_5_index70_frame_030",
            "da_4_index70_frame_011",
            "da_0_index70_frame_030",
            "da_2_index70_frame_019",
            "da_1_index70_frame_019",
            "da_2_index70_frame_030",
            "da_2_index70_frame_010",
            "da_3_index70_frame_024",
            "da_0_index70_frame_003",
            "index70_frame_021",
            "da_2_index70_frame_024",
            "index70_frame_027",
            "index70_frame_019",
            "da_3_index70_frame_018",
            "da_2_index70_frame_005",
            "da_7_index70_frame_023"
        ],
        [
            "Alto 35",
            "Alto 9",
            "Alto 11",
            "da_1_Alto 8",
            "da_5_Alto 37",
            "da_1_Alto 36",
            "DataSetVari 33",
            "da_0_Alto 42",
            "da_1_Alto 4",
            "da_0_DataSetVari 41",
            "da_2_Alto 4",
            "da_3_DataSetVari 41",
            "da_1_Alto 5",
            "da_4_Alto 6",
            "da_0_DataSetVari 37",
            "da_4_DataSetVari 37"
        ],
        [
