{
    "k": 15,
    "inertia_score": -507722.53125,
    "silhouette_score": 0.1684546321630478,
    "cluster_counts": [
        293,
        204,
        154,
        309,
        155,
        254,
        152,
        322,
        179,
        290,
        155,
        186,
        220,
        196,
        81
    ],
    "centroids": [
        "index88_frame_029",
        "da_1_index28_frame_008",
        "da_4_added90_frame_070",
        "da_2_Alto 9",
        "da_1_added98_frame_017",
        "index2_frame_016",
        "da_2_index70_frame_008",
        "da_0_index102_frame_005",
        "added20_frame_021",
        "index57_frame_013",
        "da_1_added16_frame_011",
        "da_4_added43_frame_015",
        "Screenshot (428)",
        "da_2_Screenshot (6)",
        "da_3_added74_frame_015"
    ],
    "samples": [
        [
            "da_1_index62_frame_006",
            "index62_frame_028",
            "da_0_index62_frame_014",
            "index88_frame_014",
            "index62_frame_012",
            "da_0_index14_frame_007",
            "da_2_index20_frame_005",
            "index88_frame_001",
            "da_0_index107_frame_018",
            "index23_frame_022",
            "index33_frame_009",
            "da_1_index23_frame_016",
            "da_0_Foto 27",
            "da_0_index9_frame_009",
            "da_0_Foto 25",
            "da_1_index23_frame_013",
            "Foto 59",
            "da_5_index23_frame_020",
            "da_0_Foto 89"
        ],
        [
            "da_0_index28_frame_009",
            "index28_frame_001",
            "index65_frame_008",
            "da_1_index41_frame_013",
            "index41_frame_013",
            "index100_frame_006",
            "da_0_index41_frame_001",
            "index100_frame_020",
            "da_0_index100_frame_010",
            "da_0_index100_frame_013",
            "da_1_index25_frame_006",
            "index18_frame_010",
            "index65_frame_021",
            "da_0_index108_frame_002",
            "index26_frame_010",
            "da_0_index59_frame_005",
            "index33_frame_001",
            "Foto 38",
            "da_1_index16_frame_006"
        ],
        [
            "da_1_added90_frame_040",
            "da_0_added90_frame_040",
            "da_2_added90_frame_060",
            "da_2_added90_frame_056",
            "da_3_added90_frame_051",
            "da_4_added90_frame_051",
            "added90_frame_056",
            "da_0_added90_frame_027",
            "da_0_added90_frame_077",
            "da_1_added90_frame_005",
            "added90_frame_026",
            "da_3_added90_frame_005",
            "da_2_added90_frame_063",
            "da_1_added90_frame_001",
            "added90_frame_088",
            "da_4_added90_frame_029",
            "da_2_added90_frame_003",
            "added90_frame_070",
            "da_1_added90_frame_026"
        ],
        [
            "da_0_Alto 43",
            "da_0_Alto 37",
            "da_2_Alto 33",
            "da_5_Alto 35",
            "da_0_Alto 44",
            "da_3_Alto 33",
            "da_3_Alto 12",
            "da_3_Alto 6",
            "da_2_Alto 5",
            "da_2_DataSetVari 1",
            "da_3_Alto 46",
            "da_3_Alto 45",
            "da_3_index81_frame_013",
            "da_3_Alto 50",
            "DataSetVari 12",
            "index81_frame_008",
            "da_4_Alto 50",
            "da_2_Alto 45",
            "DataSetVari 83"
        ],
        [
            "da_3_added98_frame_024",
            "index72_frame_013",
            "da_2_index72_frame_013",
            "index72_frame_008",
            "da_0_added98_frame_009",
            "added98_frame_023",
            "da_0_added98_frame_014",
            "da_0_index72_frame_025",
            "da_1_index72_frame_023",
            "index72_frame_022",
            "da_0_index72_frame_020",
            "da_1_added98_frame_009",
            "index72_frame_009",
            "da_1_added98_frame_007",
            "index107_frame_011",
            "index95_frame_004",
            "index107_frame_004",
            "index107_frame_018",
            "da_0_index107_frame_002"
        ],
        [
            "index2_frame_015",
            "da_0_added27_frame_014",
            "index83_frame_015",
            "added18_frame_003",
            "da_0_added28_frame_020",
            "added18_frame_013",
            "index80_frame_019",
            "added27_frame_016",
            "index69_frame_005",
            "da_0_index83_frame_004",
            "added27_frame_027",
            "da_0_index80_frame_017",
            "index59_frame_001",
            "index113_frame_013",
            "added54_frame_049",
            "index113_frame_018",
            "added53_frame_021",
            "index113_frame_002",
            "index86_frame_036"
        ],
        [
            "da_5_index70_frame_030",
            "da_2_index70_frame_016",
            "da_3_index70_frame_015",
            "da_0_index70_frame_006",
            "da_3_index70_frame_003",
            "da_6_index70_frame_022",
            "da_1_index70_frame_024",
            "da_6_index70_frame_001",
            "index70_frame_024",
            "da_8_index70_frame_009",
            "da_3_index70_frame_022",
            "da_0_index70_frame_024",
            "da_4_index70_frame_005",
            "da_4_index70_frame_015",
            "da_4_index70_frame_018",
            "da_5_index70_frame_021",
            "da_0_index70_frame_023",
            "da_3_index70_frame_023",
            "da_3_index70_frame_025"
        ],
        [
            "index102_frame_006",
            "da_0_index104_frame_006",
            "index102_frame_020",
            "da_0_index104_frame_001",
            "da_1_index102_frame_001",
            "index104_frame_016",
            "added33_frame_020",
            "index6_frame_020",
            "da_1_Screenshot (640)",
            "da_0_Screenshot (625)",
            "da_0_Screenshot (643)",
            "da_2_index108_frame_006",
            "da_2_added33_frame_012",
            "da_1_index104_frame_002",
            "added29_frame_015",
            "Screenshot (517)",
            "index6_frame_017",
            "da_0_index104_frame_008",
            "da_0_DataSetVari 23"
        ],
        [
            "da_3_added20_frame_017",
            "da_2_added20_frame_005",
            "da_1_added20_frame_010",
            "da_2_added20_frame_025",
            "da_2_added20_frame_024",
            "added20_frame_013",
            "da_3_added20_frame_010",
            "da_3_added20_frame_024",
            "da_0_added20_frame_017",
            "da_4_added20_frame_009",
            "da_0_added20_frame_011",
            "da_0_added20_frame_028",
            "da_1_added20_frame_012",
            "da_0_added20_frame_010",
            "da_3_added20_frame_028",
            "da_0_added20_frame_026",
            "da_0_added20_frame_013",
            "da_4_added20_frame_027",
            "da_2_added20_frame_028"
        ],
        [
            "da_4_index74_frame_019",
            "index74_frame_018",
            "da_1_index74_frame_009",
            "da_2_index57_frame_019",
            "da_1_index57_frame_012",
            "da_1_index57_frame_020",
            "da_0_index74_frame_020",
            "da_1_index57_frame_002",
            "da_6_index74_frame_007",
            "da_2_index74_frame_005",
            "da_0_index57_frame_013",
            "da_0_index74_frame_010",
            "da_6_index74_frame_013",
            "da_0_index57_frame_015",
            "da_3_index57_frame_014",
            "da_5_index57_frame_003",
            "da_8_index74_frame_014",
            "da_0_index57_frame_001",
            "da_1_index74_frame_007"
        ],
        [
            "da_2_added16_frame_021",
            "da_1_added16_frame_026",
            "da_1_added16_frame_028",
            "da_0_added16_frame_026",
            "da_1_added16_frame_012",
