{
    "k": 20,
    "inertia_score": -469449.90625,
    "silhouette_score": 0.16176258027553558,
    "cluster_counts": [
        70,
        186,
        115,
        264,
        147,
        155,
        179,
        236,
        154,
        151,
        81,
        217,
        72,
        249,
        90,
        161,
        143,
        46,
        207,
        227
    ],
    "centroids": [
        "Alto 33",
        "da_4_added43_frame_015",
        "da_2_added16_frame_026",
        "index102_frame_006",
        "index74_frame_004",
        "da_4_added90_frame_070",
        "added20_frame_021",
        "index62_frame_001",
        "da_1_added98_frame_017",
        "da_2_index70_frame_008",
        "da_3_added74_frame_015",
        "Screenshot (428)",
        "da_2_index32_frame_010",
        "index2_frame_016",
        "da_5_Screenshot (2)",
        "da_0_index28_frame_009",
        "index57_frame_013",
        "da_2_index81_frame_008",
        "da_2_index14_frame_017",
        "da_2_Alto 10"
    ],
    "samples": [
        [
            "da_0_Alto 34",
            "da_3_Alto 34",
            "Alto 34",
            "da_2_Alto 34",
            "da_0_Alto 44",
            "da_0_Alto 33",
            "da_1_Alto 40",
            "da_2_Alto 44",
            "da_5_Alto 37",
            "da_2_Alto 35",
            "Alto 43",
            "da_3_Alto 33",
            "Alto 40",
            "da_0_Alto 35",
            "Alto 42"
        ],
        [
            "added43_frame_011",
            "da_1_added43_frame_019",
            "da_1_added43_frame_012",
            "da_3_added43_frame_015",
            "da_6_added43_frame_006",
            "da_3_added43_frame_021",
            "added43_frame_003",
            "da_2_added43_frame_007",
            "da_0_added43_frame_003",
            "da_4_added43_frame_014",
            "da_3_added43_frame_006",
            "da_2_added43_frame_027",
            "da_4_added43_frame_027",
            "da_0_added43_frame_015",
            "da_0_added43_frame_021"
        ],
        [
            "da_1_added16_frame_026",
            "da_0_added16_frame_003",
            "da_2_added16_frame_006",
            "da_1_added16_frame_027",
            "da_0_added16_frame_011",
            "da_3_added16_frame_003",
            "added16_frame_006",
            "da_1_added16_frame_029",
            "added16_frame_008",
            "added16_frame_015",
            "da_2_added16_frame_015",
            "da_1_added16_frame_022",
            "da_0_added16_frame_017",
            "da_2_added16_frame_011",
            "added16_frame_005"
        ],
        [
            "da_0_index102_frame_005",
            "index102_frame_011",
            "index102_frame_005",
            "da_2_index104_frame_019",
            "index102_frame_012",
            "da_1_index102_frame_012",
            "da_2_index6_frame_009",
            "da_0_Screenshot (643)",
            "Screenshot (646)",
            "da_1_added33_frame_007",
            "Screenshot (518)",
            "da_1_index102_frame_013",
            "da_0_Screenshot (639)",
            "Screenshot (517)",
            "da_1_index104_frame_020"
        ],
        [
            "da_0_index74_frame_011",
            "da_4_index74_frame_013",
            "da_1_index74_frame_004",
            "da_0_index74_frame_008",
            "da_6_index74_frame_011",
            "da_2_index74_frame_016",
            "da_1_index74_frame_009",
            "da_6_index74_frame_008",
            "da_6_index74_frame_019",
            "da_0_index74_frame_017",
            "da_3_index74_frame_011",
            "da_1_index74_frame_003",
            "da_4_index74_frame_018",
            "da_0_index74_frame_002",
            "da_8_index74_frame_002"
        ],
        [
            "da_1_added90_frame_040",
            "added90_frame_047",
            "da_0_added90_frame_016",
            "da_0_added90_frame_047",
            "da_4_added90_frame_051",
            "da_3_added90_frame_054",
            "da_0_added90_frame_005",
            "da_4_added90_frame_063",
            "added90_frame_026",
            "da_1_added90_frame_033",
            "da_0_added90_frame_058",
            "da_3_added90_frame_065",
            "added90_frame_012",
            "da_2_added90_frame_025",
            "da_5_added90_frame_063"
        ],
        [
            "da_3_added20_frame_017",
            "da_0_added20_frame_020",
            "da_3_added20_frame_023",
            "da_2_added20_frame_006",
            "da_2_added20_frame_002",
            "da_1_added20_frame_013",
            "da_2_added20_frame_008",
            "da_5_added20_frame_001",
            "da_2_added20_frame_026",
            "da_0_added20_frame_028",
            "da_2_added20_frame_020",
            "da_2_added20_frame_022",
            "da_1_added20_frame_023",
            "da_6_added20_frame_009",
            "da_1_added20_frame_005"
        ],
        [
            "index62_frame_013",
            "index62_frame_025",
            "index62_frame_027",
            "da_0_Foto 27",
            "Foto 165",
            "Foto 209",
            "index33_frame_003",
            "index9_frame_004",
            "added46_frame_013",
            "da_0_Foto 75",
            "da_0_index16_frame_004",
            "da_2_Foto 56",
            "da_0_Foto 100",
            "Foto 78",
            "da_2_index9_frame_010"
        ],
        [
            "da_3_added98_frame_024",
            "added98_frame_017",
            "index72_frame_025",
            "da_0_index72_frame_030",
            "added98_frame_005",
            "da_0_added98_frame_014",
            "index72_frame_017",
            "index72_frame_022",
            "da_2_index72_frame_015",
            "da_1_index72_frame_028",
            "da_1_added98_frame_012",
            "da_1_index72_frame_015",
            "index95_frame_004",
            "index95_frame_018",
            "da_0_index107_frame_003"
        ],
        [
            "da_5_index70_frame_030",
            "da_7_index70_frame_030",
            "da_5_index70_frame_009",
            "da_9_index70_frame_009",
            "da_6_index70_frame_022",
            "da_4_index70_frame_016",
            "index70_frame_016",
            "da_4_index70_frame_030",
            "da_7_index70_frame_024",
            "da_2_index70_frame_024",
            "da_4_index70_frame_027",
            "da_5_index70_frame_005",
            "da_5_index70_frame_021",
            "da_6_index70_frame_023",
            "index70_frame_018"
        ],
        [
            "da_2_added74_frame_015",
            "da_1_added74_frame_016",
            "added74_frame_026",
            "da_3_added74_frame_001",
            "added74_frame_020",
            "da_0_added74_frame_016",
            "da_5_added74_frame_021",
            "da_3_added74_frame_024",
            "da_4_added74_frame_020",
            "da_1_added74_frame_022",
            "da_1_added74_frame_002",
            "added74_frame_003",
            "da_3_added74_frame_011",
            "da_4_added74_frame_024",
            "da_0_added74_frame_002"
        ],
        [
            "Screenshot (422)",
            "da_1_Screenshot (409)",
            "da_2_Screenshot (480)",
            "da_2_Screenshot (469)",
            "da_0_Screenshot (422)",
            "da_1_Screenshot (440)",
            "da_2_Screenshot (492)",
            "da_4_Screenshot (408)",
            "da_2_Screenshot (482)",
            "da_3_Screenshot (420)",
            "da_0_index106_frame_003",
            "da_6_Screenshot (482)",
            "da_5_index106_frame_011",
            "da_1_index106_frame_014",
            "da_4_index106_frame_011"
        ],
        [
            "index32_frame_017",
            "index32_frame_016",
            "da_1_index32_frame_003",
            "da_0_index32_frame_011",
            "index32_frame_001",
            "da_0_index32_frame_007",
            "da_2_index32_frame_005",
            "index32_frame_007",
