{
    "k": 4,
    "inertia_score": -228359.859375,
    "silhouette_score": 0.07273416221141815,
    "cluster_counts": [
        276,
        218,
        131,
        381
    ],
    "centroids": [
        "index2_frame_020",
        "index104_frame_015",
        "Alto 35",
        "index65_frame_015"
    ],
    "samples": [
        [
            "index2_frame_006",
            "index69_frame_001",
            "index69_frame_009",
            "Screenshot (353)",
            "Screenshot (349)",
            "index80_frame_003",
            "added43_frame_001",
            "index80_frame_015",
            "added43_frame_004",
            "added43_frame_018",
            "index80_frame_011",
            "added20_frame_015",
            "index57_frame_003",
            "index113_frame_019",
            "added20_frame_006",
            "index74_frame_012",
            "added32_frame_075",
            "index86_frame_062",
            "index20_frame_009",
            "index113_frame_001",
            "index9_frame_010",
            "index86_frame_047",
            "added17_frame_005",
            "index9_frame_004",
            "index23_frame_010",
            "added20_frame_004",
            "added20_frame_024",
            "added74_frame_009"
        ],
        [
            "index104_frame_011",
            "index104_frame_010",
            "index102_frame_013",
            "index102_frame_008",
            "Screenshot (439)",
            "index108_frame_016",
            "added34_frame_017",
            "index32_frame_008",
            "index108_frame_001",
            "added33_frame_012",
            "added33_frame_027",
            "Screenshot (640)",
            "added33_frame_021",
            "added33_frame_005",
            "added34_frame_014",
            "index106_frame_004",
            "index106_frame_005",
            "Screenshot (476)",
            "added29_frame_017",
            "index6_frame_009",
            "added90_frame_001",
            "Screenshot (522)",
            "added90_frame_009",
            "added90_frame_082",
            "added90_frame_033",
            "added90_frame_056",
            "added90_frame_090",
            "index104_frame_005"
        ],
        [
            "Alto 37",
            "Alto 11",
            "Alto 8",
            "Alto 41",
            "index70_frame_024",
            "Alto 42",
            "Alto 51",
            "added16_frame_003",
            "added99_frame_010",
            "index70_frame_023",
            "added16_frame_016",
            "added16_frame_015",
            "added16_frame_013",
            "Alto 47",
            "DataSetVari 41",
            "added16_frame_030",
            "added16_frame_014",
            "Screenshot (2)",
            "index70_frame_025",
            "Alto 52",
            "Screenshot (15)",
            "Alto 50",
            "index81_frame_009",
            "Alto 53",
            "Alto 7",
            "DataSetVari 12",
            "index81_frame_013",
            "Alto 45"
        ],
        [
            "index65_frame_006",
            "index66_frame_009",
            "index66_frame_011",
            "index28_frame_005",
            "index28_frame_006",
            "added18_frame_017",
            "added28_frame_013",
            "index88_frame_012",
            "index88_frame_002",
            "index2_frame_009",
            "added28_frame_006",
            "index71_frame_014",
            "added27_frame_021",
            "added27_frame_002",
            "index100_frame_002",
            "added28_frame_023",
            "index107_frame_004",
            "index100_frame_001",
            "index62_frame_013",
            "DataSetVari 64",
            "index71_frame_013",
            "index71_frame_017",
            "DataSetVari 27",
            "Foto 77",
            "index16_frame_016",
            "index95_frame_012",
            "Foto 165",
            "Foto 44"
        ]
    ]
}