{
    "k": 12,
    "inertia_score": -182481.53125,
    "silhouette_score": 0.11996734142303467,
    "cluster_counts": [
        114,
        89,
        137,
        194,
        58,
        30,
        129,
        72,
        55,
        59,
        30,
        39
    ],
    "centroids": [
        "index62_frame_001",
        "index72_frame_013",
        "index102_frame_006",
        "index2_frame_016",
        "added16_frame_011",
        "added43_frame_022",
        "index65_frame_015",
        "Screenshot (422)",
        "added90_frame_025",
        "Alto 9",
        "added20_frame_021",
        "index57_frame_013"
    ],
    "samples": [
        [
            "index62_frame_018",
            "index62_frame_027",
            "index62_frame_002",
            "index62_frame_016",
            "index62_frame_030",
            "added32_frame_075",
            "index9_frame_004",
            "index9_frame_003",
            "added74_frame_013",
            "Foto 84",
            "added74_frame_015",
            "DataSetVari 49",
            "Foto 11",
            "added74_frame_023",
            "index23_frame_009",
            "added89_frame_005",
            "Foto 204",
            "added74_frame_014",
            "Foto 66",
            "Foto 23",
            "Foto 83",
            "Foto 123"
        ],
        [
            "index72_frame_001",
            "index72_frame_016",
            "index72_frame_030",
            "added98_frame_017",
            "added98_frame_005",
            "added98_frame_028",
            "index72_frame_006",
            "added98_frame_010",
            "added98_frame_030",
            "index72_frame_028",
            "index107_frame_011",
            "index95_frame_004",
            "index107_frame_002",
            "index88_frame_028",
            "index95_frame_018",
            "index107_frame_004",
            "index95_frame_014",
            "index88_frame_003",
            "index107_frame_014",
            "index14_frame_017",
            "DataSetVari 17",
            "added102_frame_027"
        ],
        [
            "index102_frame_005",
            "index102_frame_017",
            "index102_frame_013",
            "index104_frame_020",
            "index102_frame_008",
            "index108_frame_004",
            "index32_frame_008",
            "index104_frame_006",
            "added34_frame_017",
            "index108_frame_007",
            "added34_frame_005",
            "index6_frame_004",
            "Screenshot (517)",
            "index32_frame_006",
            "Screenshot (534)",
            "Screenshot (665)",
            "added34_frame_024",
            "Screenshot (624)",
            "Screenshot (632)",
            "Screenshot (572)",
            "added33_frame_024",
            "index32_frame_019"
        ],
        [
            "index2_frame_015",
            "added28_frame_014",
            "index83_frame_015",
            "added28_frame_015",
            "index83_frame_004",
            "index83_frame_012",
            "index80_frame_009",
            "index80_frame_014",
            "index80_frame_015",
            "added28_frame_023",
            "Screenshot (369)",
            "index71_frame_011",
            "index80_frame_011",
            "Screenshot (357)",
            "index71_frame_016",
            "index59_frame_012",
            "index113_frame_003",
            "index86_frame_082",
            "index59_frame_010",
            "index113_frame_001",
            "added17_frame_004",
            "index59_frame_008"
        ],
        [
            "added16_frame_006",
            "added16_frame_017",
            "added16_frame_016",
            "added16_frame_003",
            "added16_frame_013",
            "added16_frame_014",
            "added16_frame_002",
            "added16_frame_024",
            "added16_frame_022",
            "added16_frame_019",
            "added16_frame_005",
            "added16_frame_030",
            "index70_frame_019",
            "index70_frame_030",
            "index70_frame_027",
            "index70_frame_016",
            "index70_frame_003",
            "index70_frame_021",
            "index70_frame_005",
            "index70_frame_022",
            "index70_frame_015",
            "index30_frame_016"
        ],
        [
            "added43_frame_015",
            "added43_frame_016",
            "added43_frame_010",
            "added43_frame_020",
            "added43_frame_014",
            "added43_frame_013",
            "added43_frame_012",
            "added43_frame_005",
            "added43_frame_011",
            "added43_frame_007",
            "added43_frame_030",
            "added43_frame_027",
            "added43_frame_021",
            "added43_frame_028",
            "added43_frame_009",
            "added43_frame_024",
            "added43_frame_004",
            "added43_frame_017",
            "added43_frame_003",
            "added43_frame_006",
            "added43_frame_026",
            "added43_frame_019"
        ],
        [
            "index65_frame_006",
            "index65_frame_028",
            "index65_frame_026",
            "index65_frame_002",
            "DataSetVari 60",
            "index28_frame_010",
            "index41_frame_016",
            "index100_frame_002",
            "index41_frame_013",
            "index66_frame_007",
            "index25_frame_003",
            "index28_frame_020",
            "index100_frame_017",
            "index66_frame_004",
            "index18_frame_010",
            "DataSetVari 58",
            "index18_frame_002",
            "DataSetVari 56",
            "index26_frame_015",
            "index26_frame_010",
            "Foto 24",
            "index33_frame_003"
        ],
        [
            "Screenshot (428)",
            "Screenshot (476)",
            "Screenshot (480)",
            "Screenshot (408)",
            "Screenshot (420)",
            "Screenshot (410)",
            "index106_frame_002",
            "Screenshot (440)",
            "Screenshot (438)",
            "index20_frame_006",
            "index106_frame_005",
            "DataSetVari 22",
            "index20_frame_021",
            "DataSetVari 25",
            "Screenshot (482)",
            "index20_frame_009",
            "Screenshot (673)",
            "Screenshot (670)",
            "Screenshot (675)",
            "Screenshot (481)",
            "index106_frame_003",
            "index20_frame_002"
        ],
        [
            "added90_frame_027",
            "added90_frame_009",
            "Screenshot (15)",
            "added90_frame_047",
            "added90_frame_001",
            "added90_frame_060",
            "Screenshot (22)",
            "added90_frame_077",
            "added90_frame_056",
            "added90_frame_040",
            "Screenshot (14)",
            "added90_frame_042",
            "added90_frame_068",
            "added90_frame_082",
            "Screenshot (11)",
            "added90_frame_065",
            "Screenshot (18)",
            "added90_frame_070",
            "added90_frame_088",
            "added90_frame_012",
            "added90_frame_029",
            "Screenshot (21)"
        ],
        [
            "Alto 33",
            "Alto 35",
            "Alto 39",
            "Alto 40",
            "Alto 44",
            "Alto 36",
            "DataSetVari 34",
            "DataSetVari 41",
            "DataSetVari 33",
            "Alto 42",
            "DataSetVari 36",
            "Alto 4",
            "DataSetVari 1",
            "Alto 47",
            "Alto 46",
            "DataSetVari 12",
            "Alto 7",
            "DataSetVari 31",
            "Alto 48",
            "Alto 6",
            "index81_frame_019",
            "index81_frame_018"
        ],
        [
            "added20_frame_006",
            "added20_frame_002",
            "added20_frame_015",
            "added20_frame_020",
