{
    "k": 16,
    "inertia_score": -168307.390625,
    "silhouette_score": 0.13256937265396118,
    "cluster_counts": [
        30,
        86,
        76,
        50,
        116,
        28,
        37,
        59,
        99,
        65,
        38,
        30,
        39,
        92,
        26,
        128
    ],
    "centroids": [
        "added43_frame_022",
        "index72_frame_013",
        "index2_frame_006",
        "added16_frame_011",
        "index62_frame_001",
        "added90_frame_047",
        "index32_frame_008",
        "Alto 9",
        "index65_frame_015",
        "Screenshot (422)",
        "added74_frame_016",
        "added20_frame_021",
        "index57_frame_013",
        "index104_frame_015",
        "Screenshot (2)",
        "index2_frame_015"
    ],
    "samples": [
        [
            "added43_frame_015",
            "added43_frame_016",
            "added43_frame_010",
            "added43_frame_020",
            "added43_frame_014",
            "added43_frame_013",
            "added43_frame_012",
            "added43_frame_005",
            "added43_frame_011",
            "added43_frame_007",
            "added43_frame_030",
            "added43_frame_027",
            "added43_frame_021",
            "added43_frame_028",
            "added43_frame_009",
            "added43_frame_024",
            "added43_frame_004",
            "added43_frame_017"
        ],
        [
            "index72_frame_001",
            "index72_frame_016",
            "added98_frame_024",
            "added98_frame_017",
            "index72_frame_012",
            "added98_frame_028",
            "index72_frame_006",
            "added98_frame_010",
            "added98_frame_003",
            "index72_frame_028",
            "index107_frame_011",
            "index95_frame_004",
            "index107_frame_002",
            "index88_frame_028",
            "index95_frame_018",
            "added102_frame_025",
            "index107_frame_020",
            "index95_frame_011"
        ],
        [
            "index80_frame_004",
            "index2_frame_004",
            "index80_frame_013",
            "index80_frame_018",
            "index80_frame_019",
            "index80_frame_003",
            "index113_frame_011",
            "Screenshot (353)",
            "index113_frame_003",
            "index86_frame_067",
            "index69_frame_010",
            "index69_frame_003",
            "Screenshot (349)",
            "index86_frame_062",
            "Screenshot (367)",
            "index86_frame_035",
            "index86_frame_070",
            "Screenshot (388)"
        ],
        [
            "added16_frame_006",
            "added16_frame_027",
            "added16_frame_010",
            "added16_frame_026",
            "added16_frame_015",
            "added16_frame_003",
            "added16_frame_029",
            "added16_frame_024",
            "added16_frame_022",
            "added16_frame_012",
            "added16_frame_019",
            "added16_frame_030",
            "index70_frame_024",
            "index70_frame_001",
            "index70_frame_027",
            "index70_frame_026",
            "index70_frame_021",
            "index70_frame_023"
        ],
        [
            "index62_frame_018",
            "index62_frame_025",
            "index62_frame_027",
            "index9_frame_011",
            "index20_frame_018",
            "index33_frame_003",
            "index23_frame_002",
            "Foto 100",
            "index16_frame_016",
            "index9_frame_019",
            "DataSetVari 11",
            "DataSetVari 26",
            "index16_frame_011",
            "index16_frame_013",
            "index14_frame_018",
            "Foto 23",
            "Foto 59",
            "Foto 89"
        ],
        [
            "added90_frame_054",
            "added90_frame_051",
            "added90_frame_033",
            "added90_frame_060",
            "added90_frame_009",
            "added90_frame_025",
            "added90_frame_005",
            "added90_frame_040",
            "added90_frame_003",
            "added90_frame_014",
            "added90_frame_090",
            "added90_frame_056",
            "added90_frame_016",
            "added90_frame_077",
            "added90_frame_001",
            "added90_frame_027",
            "added90_frame_082",
            "added90_frame_026"
        ],
        [
            "index32_frame_007",
            "index32_frame_006",
            "index32_frame_009",
            "index32_frame_011",
            "index32_frame_003",
            "index32_frame_001",
            "index108_frame_008",
            "index108_frame_011",
            "index32_frame_002",
            "index108_frame_009",
            "index108_frame_018",
            "index32_frame_016",
            "index32_frame_005",
            "index108_frame_006",
            "Screenshot (521)",
            "Screenshot (517)",
            "Screenshot (572)",
            "Screenshot (533)"
        ],
        [
            "Alto 33",
            "Alto 11",
            "Alto 40",
            "Alto 41",
            "DataSetVari 34",
            "Alto 38",
            "Alto 42",
            "Alto 51",
            "DataSetVari 1",
            "added99_frame_010",
            "DataSetVari 12",
            "DataSetVari 29",
            "Alto 48",
            "Alto 50",
            "index81_frame_018",
            "Alto 5",
            "index81_frame_003",
            "Alto 45"
        ],
        [
            "index65_frame_006",
            "index28_frame_007",
            "index65_frame_016",
            "index65_frame_002",
            "index28_frame_010",
            "index41_frame_017",
            "index41_frame_018",
            "index100_frame_013",
            "index100_frame_010",
            "index100_frame_015",
            "index66_frame_009",
            "index25_frame_004",
            "DataSetVari 54",
            "index18_frame_015",
            "index18_frame_010",
            "index25_frame_002",
            "index26_frame_015",
            "DataSetVari 3"
        ],
        [
            "Screenshot (428)",
            "Screenshot (409)",
            "Screenshot (419)",
            "Screenshot (420)",
            "Screenshot (417)",
            "Screenshot (461)",
            "Screenshot (439)",
            "Screenshot (438)",
            "Screenshot (440)",
            "index20_frame_014",
            "index106_frame_005",
            "index106_frame_001",
            "DataSetVari 25",
            "index106_frame_007",
            "DataSetVari 5",
            "index20_frame_026",
            "index20_frame_004",
            "index106_frame_018"
        ],
        [
            "added74_frame_020",
            "added74_frame_017",
            "added74_frame_021",
            "added74_frame_011",
            "added33_frame_009",
            "added33_frame_007",
            "added33_frame_011",
            "added33_frame_005",
            "added33_frame_002",
            "added74_frame_009",
            "added33_frame_027",
            "added33_frame_012",
            "added33_frame_018",
            "added74_frame_002",
            "added74_frame_022",
            "added32_frame_082",
            "added33_frame_022",
            "added32_frame_080"
        ],
        [
            "added20_frame_006",
            "added20_frame_002",
            "added20_frame_015",
            "added20_frame_020",
            "added20_frame_014",
            "added20_frame_004",
            "added20_frame_010",
            "added20_frame_024",
            "added20_frame_003",
            "added20_frame_007",
            "added20_frame_011",
            "added20_frame_005",
            "added20_frame_013",
            "added20_frame_025",
            "added20_frame_001",
            "added20_frame_017",
            "added20_frame_008",
            "added20_frame_027"
        ],
