{
    "k": 14,
    "inertia_score": -174592.046875,
    "silhouette_score": 0.12857291102409363,
    "cluster_counts": [
        154,
        102,
        180,
        60,
        30,
        57,
        39,
        30,
        115,
        59,
        55,
        66,
        17,
        34
    ],
    "centroids": [
        "index72_frame_013",
        "added33_frame_020",
        "index2_frame_016",
        "added16_frame_011",
        "added20_frame_021",
        "Screenshot (422)",
        "index57_frame_013",
        "added43_frame_022",
        "index65_frame_015",
        "Alto 9",
        "added90_frame_025",
        "index104_frame_015",
        "index113_frame_001",
        "added98_frame_009"
    ],
    "samples": [
        [
            "index88_frame_029",
            "index72_frame_017",
            "index72_frame_012",
            "index62_frame_001",
            "index62_frame_027",
            "index95_frame_020",
            "index62_frame_024",
            "index95_frame_001",
            "index9_frame_002",
            "index33_frame_001",
            "index14_frame_017",
            "index20_frame_018",
            "index14_frame_007",
            "index9_frame_010",
            "Foto 53",
            "index14_frame_016",
            "index23_frame_001",
            "Foto 204",
            "added89_frame_005",
            "Foto 66"
        ],
        [
            "added33_frame_005",
            "added34_frame_005",
            "added33_frame_027",
            "added32_frame_064",
            "added33_frame_003",
            "added34_frame_021",
            "added32_frame_058",
            "index108_frame_018",
            "added34_frame_018",
            "added34_frame_013",
            "index32_frame_009",
            "Screenshot (518)",
            "added29_frame_007",
            "index32_frame_011",
            "added34_frame_008",
            "Screenshot (533)",
            "DataSetVari 57",
            "index32_frame_019",
            "added74_frame_009",
            "added74_frame_001"
        ],
        [
            "index2_frame_015",
            "index80_frame_004",
            "index83_frame_015",
            "added28_frame_006",
            "index83_frame_012",
            "index80_frame_001",
            "index71_frame_001",
            "added27_frame_017",
            "index80_frame_007",
            "index66_frame_004",
            "added18_frame_010",
            "index80_frame_008",
            "Screenshot (361)",
            "added28_frame_022",
            "added27_frame_029",
            "index86_frame_043",
            "index59_frame_005",
            "added17_frame_004",
            "added53_frame_027",
            "added27_frame_003"
        ],
        [
            "added16_frame_006",
            "added16_frame_017",
            "added16_frame_026",
            "added16_frame_021",
            "added16_frame_024",
            "added16_frame_015",
            "added16_frame_008",
            "added16_frame_025",
            "index70_frame_019",
            "index70_frame_001",
            "index70_frame_016",
            "Foto 206",
            "index70_frame_005",
            "index70_frame_009",
            "index30_frame_016",
            "Foto 126",
            "index70_frame_018",
            "Foto 31",
            "Foto 113",
            "Foto 137"
        ],
        [
            "added20_frame_006",
            "added20_frame_002",
            "added20_frame_015",
            "added20_frame_020",
            "added20_frame_014",
            "added20_frame_004",
            "added20_frame_010",
            "added20_frame_024",
            "added20_frame_003",
            "added20_frame_007",
            "added20_frame_011",
            "added20_frame_005",
            "added20_frame_013",
            "added20_frame_025",
            "added20_frame_001",
            "added20_frame_017",
            "added20_frame_008",
            "added20_frame_027",
            "added20_frame_012",
            "added20_frame_026"
        ],
        [
            "Screenshot (428)",
            "Screenshot (476)",
            "Screenshot (480)",
            "Screenshot (414)",
            "Screenshot (466)",
            "Screenshot (408)",
            "Screenshot (469)",
            "Screenshot (417)",
            "Screenshot (461)",
            "Screenshot (439)",
            "Screenshot (455)",
            "Screenshot (442)",
            "Screenshot (440)",
            "Screenshot (445)",
            "index20_frame_005",
            "index106_frame_005",
            "DataSetVari 22",
            "index20_frame_006",
            "Screenshot (482)",
            "index20_frame_021"
        ],
        [
            "index57_frame_009",
            "index57_frame_007",
            "index57_frame_015",
            "index57_frame_006",
            "index57_frame_020",
            "index57_frame_018",
            "index74_frame_004",
            "index57_frame_004",
            "index74_frame_011",
            "index57_frame_016",
            "index57_frame_012",
            "index74_frame_007",
            "index74_frame_010",
            "index74_frame_018",
            "index74_frame_006",
            "index74_frame_016",
            "index57_frame_017",
            "index57_frame_011",
            "index57_frame_010",
            "index57_frame_003"
        ],
        [
            "added43_frame_015",
            "added43_frame_016",
            "added43_frame_010",
            "added43_frame_020",
            "added43_frame_014",
            "added43_frame_013",
            "added43_frame_012",
            "added43_frame_005",
            "added43_frame_011",
            "added43_frame_007",
            "added43_frame_030",
            "added43_frame_027",
            "added43_frame_021",
            "added43_frame_028",
            "added43_frame_009",
            "added43_frame_024",
            "added43_frame_004",
            "added43_frame_017",
            "added43_frame_003",
            "added43_frame_006"
        ],
        [
            "index65_frame_006",
            "index65_frame_028",
            "index65_frame_026",
            "index28_frame_009",
            "index100_frame_009",
            "index28_frame_005",
            "index28_frame_011",
            "index41_frame_020",
            "index100_frame_005",
            "index66_frame_009",
            "index100_frame_003",
            "index100_frame_017",
            "index66_frame_016",
            "index65_frame_022",
            "index28_frame_017",
            "index28_frame_014",
            "index18_frame_013",
            "index18_frame_008",
            "index18_frame_006",
            "DataSetVari 62"
        ],
        [
            "Alto 33",
            "Alto 35",
            "Alto 39",
            "Alto 40",
            "Alto 44",
            "Alto 36",
            "DataSetVari 34",
            "DataSetVari 41",
            "DataSetVari 33",
            "Alto 42",
            "DataSetVari 36",
            "Alto 4",
            "DataSetVari 1",
            "Alto 47",
            "Alto 46",
            "DataSetVari 12",
            "Alto 7",
            "DataSetVari 31",
            "Alto 48",
            "Alto 6"
        ],
        [
            "added90_frame_027",
            "added90_frame_009",
            "Screenshot (15)",
            "added90_frame_047",
            "added90_frame_001",
            "added90_frame_060",
            "Screenshot (22)",
            "added90_frame_077",
            "added90_frame_056",
            "added90_frame_040",
            "Screenshot (14)",
            "added90_frame_042",
            "added90_frame_068",
            "added90_frame_082",
            "Screenshot (11)",
            "added90_frame_065",
            "Screenshot (18)",
            "added90_frame_070",
            "added90_frame_088",
            "added90_frame_012"
        ],
        [
            "index104_frame_019",
