{
    "k": 10,
    "inertia_score": -191389.28125,
    "silhouette_score": 0.10267376899719238,
    "cluster_counts": [
        58,
        48,
        161,
        105,
        39,
        143,
        96,
        181,
        113,
        55
    ],
    "centroids": [
        "Foto 77",
        "added43_frame_028",
        "index72_frame_013",
        "Alto 35",
        "index57_frame_013",
        "index102_frame_006",
        "Screenshot (422)",
        "index2_frame_016",
        "index65_frame_015",
        "added90_frame_025"
    ],
    "samples": [
        [
            "Foto 84",
            "Foto 141",
            "Foto 206",
            "added52_frame_176",
            "Foto 100",
            "added53_frame_135",
            "Foto 165",
            "added53_frame_027",
            "Foto 130",
            "Foto 20",
            "Foto 122",
            "Foto 11",
            "Foto 30",
            "Foto 29",
            "Foto 163",
            "Foto 54",
            "Foto 56",
            "Foto 126",
            "Foto 34",
            "Foto 196",
            "Foto 38",
            "added46_frame_013",
            "Foto 75"
        ],
        [
            "added43_frame_030",
            "added43_frame_015",
            "added43_frame_016",
            "added43_frame_010",
            "added43_frame_024",
            "added43_frame_019",
            "added43_frame_023",
            "added43_frame_007",
            "added43_frame_025",
            "added43_frame_006",
            "added43_frame_021",
            "added43_frame_004",
            "added43_frame_017",
            "added43_frame_008",
            "added43_frame_018",
            "added74_frame_013",
            "added74_frame_018",
            "added74_frame_008",
            "added74_frame_016",
            "added74_frame_015",
            "added74_frame_009",
            "added74_frame_001",
            "added74_frame_023"
        ],
        [
            "index72_frame_025",
            "index72_frame_022",
            "index72_frame_012",
            "index72_frame_015",
            "index88_frame_007",
            "added98_frame_017",
            "added98_frame_003",
            "added98_frame_010",
            "index95_frame_002",
            "index62_frame_024",
            "index88_frame_003",
            "index62_frame_013",
            "added98_frame_002",
            "index107_frame_018",
            "index95_frame_017",
            "DataSetVari 27",
            "index20_frame_018",
            "added89_frame_008",
            "DataSetVari 26",
            "added89_frame_004",
            "index23_frame_001",
            "index14_frame_020",
            "added70_frame_030"
        ],
        [
            "Alto 44",
            "Alto 40",
            "Alto 33",
            "added16_frame_028",
            "added16_frame_027",
            "added16_frame_010",
            "index70_frame_024",
            "added16_frame_013",
            "Alto 37",
            "added16_frame_012",
            "added16_frame_030",
            "Alto 38",
            "index70_frame_005",
            "Alto 10",
            "Alto 51",
            "index70_frame_010",
            "DataSetVari 1",
            "Alto 4",
            "index70_frame_015",
            "Alto 7",
            "index70_frame_003",
            "DataSetVari 31",
            "index81_frame_013"
        ],
        [
            "index57_frame_009",
            "index57_frame_007",
            "index57_frame_015",
            "index57_frame_006",
            "index57_frame_020",
            "index57_frame_018",
            "index74_frame_004",
            "index57_frame_004",
            "index74_frame_011",
            "index57_frame_016",
            "index57_frame_012",
            "index74_frame_007",
            "index74_frame_010",
            "index74_frame_018",
            "index74_frame_006",
            "index74_frame_016",
            "index57_frame_017",
            "index57_frame_011",
            "index57_frame_010",
            "index57_frame_003",
            "index74_frame_012",
            "index74_frame_003",
            "index74_frame_019"
        ],
        [
            "index102_frame_005",
            "index104_frame_010",
            "index102_frame_002",
            "added32_frame_083",
            "added33_frame_014",
            "Screenshot (625)",
            "DataSetVari 46",
            "added29_frame_019",
            "index104_frame_006",
            "added29_frame_023",
            "DataSetVari 9",
            "index6_frame_020",
            "added29_frame_017",
            "added29_frame_015",
            "index32_frame_006",
            "added29_frame_026",
            "Screenshot (665)",
            "added34_frame_013",
            "added32_frame_082",
            "index32_frame_001",
            "Screenshot (572)",
            "index6_frame_017",
            "added34_frame_011"
        ],
        [
            "Screenshot (433)",
            "Screenshot (414)",
            "Screenshot (469)",
            "Screenshot (420)",
            "Screenshot (419)",
            "Screenshot (413)",
            "Screenshot (447)",
            "Screenshot (455)",
            "added20_frame_011",
            "index20_frame_005",
            "index20_frame_021",
            "index106_frame_018",
            "index20_frame_001",
            "Screenshot (639)",
            "added20_frame_025",
            "Screenshot (675)",
            "added20_frame_007",
            "index20_frame_004",
            "index20_frame_011",
            "added20_frame_008",
            "added20_frame_018",
            "index104_frame_012",
            "added20_frame_019"
        ],
        [
            "index2_frame_015",
            "index2_frame_019",
            "added28_frame_018",
            "index80_frame_012",
            "index69_frame_009",
            "index2_frame_018",
            "index83_frame_012",
            "added27_frame_009",
            "index83_frame_007",
            "added27_frame_023",
            "index66_frame_003",
            "index71_frame_009",
            "index69_frame_010",
            "index80_frame_011",
            "Screenshot (374)",
            "added28_frame_022",
            "index71_frame_003",
            "index59_frame_012",
            "index71_frame_007",
            "added27_frame_014",
            "added27_frame_024",
            "index86_frame_062",
            "Screenshot (367)"
        ],
        [
            "index65_frame_006",
            "index65_frame_018",
            "index65_frame_016",
            "index65_frame_009",
            "index28_frame_009",
            "index28_frame_006",
            "index100_frame_009",
            "index28_frame_011",
            "index41_frame_005",
            "index41_frame_008",
            "index100_frame_010",
            "index66_frame_009",
            "index66_frame_013",
            "index100_frame_003",
            "index25_frame_003",
            "index100_frame_001",
            "index25_frame_006",
            "index18_frame_012",
            "index65_frame_021",
            "DataSetVari 58",
            "index18_frame_004",
            "index18_frame_013",
            "index108_frame_002"
        ],
        [
            "added90_frame_027",
            "added90_frame_009",
            "Screenshot (15)",
            "added90_frame_047",
            "added90_frame_001",
            "added90_frame_060",
            "Screenshot (22)",
            "added90_frame_077",
            "added90_frame_056",
            "added90_frame_040",
            "Screenshot (14)",
            "added90_frame_042",
            "added90_frame_068",
            "added90_frame_082",
            "Screenshot (11)",
            "added90_frame_065",
            "Screenshot (18)",
            "added90_frame_070",
            "added90_frame_088",
            "added90_frame_012",
            "added90_frame_029",
            "Screenshot (21)",
