{
    "k": 13,
    "inertia_score": -178989.984375,
    "silhouette_score": 0.12105149030685425,
    "cluster_counts": [
        113,
        46,
        96,
        144,
        140,
        29,
        54,
        58,
        30,
        59,
        101,
        89,
        39
    ],
    "centroids": [
        "index104_frame_002",
        "added43_frame_021",
        "index62_frame_001",
        "index2_frame_016",
        "index65_frame_015",
        "index32_frame_008",
        "added90_frame_025",
        "added16_frame_011",
        "added20_frame_021",
        "Alto 9",
        "index72_frame_008",
        "added33_frame_005",
        "index57_frame_013"
    ],
    "samples": [
        [
            "index104_frame_011",
            "index104_frame_003",
            "Screenshot (447)",
            "Screenshot (422)",
            "index102_frame_014",
            "Screenshot (639)",
            "index102_frame_006",
            "index106_frame_014",
            "index102_frame_017",
            "index106_frame_002",
            "index106_frame_004",
            "Screenshot (433)",
            "Screenshot (492)",
            "index6_frame_012",
            "Screenshot (476)",
            "Screenshot (409)",
            "index6_frame_010",
            "Screenshot (646)",
            "added29_frame_026",
            "Screenshot (534)",
            "DataSetVari 25"
        ],
        [
            "added43_frame_016",
            "added43_frame_022",
            "added43_frame_019",
            "added43_frame_015",
            "added43_frame_010",
            "added43_frame_007",
            "added43_frame_020",
            "added43_frame_001",
            "added43_frame_030",
            "added43_frame_028",
            "added43_frame_029",
            "added43_frame_024",
            "added43_frame_002",
            "added43_frame_023",
            "added43_frame_026",
            "index113_frame_011",
            "index113_frame_012",
            "index113_frame_003",
            "index113_frame_017",
            "index113_frame_008",
            "index113_frame_002"
        ],
        [
            "index62_frame_021",
            "index62_frame_028",
            "index62_frame_003",
            "index62_frame_011",
            "index62_frame_016",
            "added89_frame_008",
            "added74_frame_016",
            "added74_frame_026",
            "added74_frame_018",
            "added74_frame_021",
            "added74_frame_015",
            "added74_frame_020",
            "Foto 165",
            "Foto 11",
            "added46_frame_013",
            "added74_frame_003",
            "Foto 204",
            "added74_frame_014",
            "index14_frame_019",
            "index23_frame_018",
            "Foto 9"
        ],
        [
            "index2_frame_015",
            "added28_frame_014",
            "added28_frame_020",
            "index2_frame_013",
            "index80_frame_009",
            "index69_frame_008",
            "index2_frame_018",
            "added27_frame_019",
            "index69_frame_007",
            "index80_frame_005",
            "added27_frame_010",
            "added18_frame_005",
            "index80_frame_011",
            "added18_frame_023",
            "Screenshot (357)",
            "added18_frame_025",
            "index83_frame_011",
            "index86_frame_082",
            "index71_frame_016",
            "added17_frame_006",
            "index86_frame_034"
        ],
        [
            "index65_frame_006",
            "index65_frame_008",
            "index65_frame_002",
            "index65_frame_010",
            "index28_frame_011",
            "index66_frame_014",
            "index66_frame_007",
            "index28_frame_002",
            "index100_frame_005",
            "index25_frame_005",
            "index66_frame_004",
            "added18_frame_010",
            "index18_frame_015",
            "index26_frame_018",
            "index28_frame_014",
            "index18_frame_004",
            "Screenshot (521)",
            "DataSetVari 62",
            "DataSetVari 65",
            "index33_frame_006",
            "index16_frame_004"
        ],
        [
            "index32_frame_007",
            "index32_frame_006",
            "index32_frame_009",
            "index32_frame_018",
            "index32_frame_017",
            "index108_frame_016",
            "index32_frame_011",
            "index32_frame_003",
            "index32_frame_010",
            "DataSetVari 46",
            "index32_frame_001",
            "index32_frame_004",
            "index108_frame_008",
            "index32_frame_019",
            "index108_frame_005",
            "index108_frame_011",
            "index32_frame_002",
            "index32_frame_016",
            "index32_frame_005",
            "index108_frame_019",
            "index108_frame_007"
        ],
        [
            "added90_frame_027",
            "added90_frame_009",
            "added90_frame_051",
            "added90_frame_047",
            "Screenshot (24)",
            "added90_frame_060",
            "added90_frame_016",
            "added90_frame_077",
            "added90_frame_063",
            "added90_frame_056",
            "added90_frame_054",
            "added90_frame_090",
            "added90_frame_068",
            "Screenshot (2)",
            "Screenshot (11)",
            "added90_frame_065",
            "Screenshot (8)",
            "Screenshot (6)",
            "added90_frame_012",
            "Screenshot (9)",
            "added90_frame_029"
        ],
        [
            "added16_frame_006",
            "added16_frame_017",
            "added16_frame_016",
            "added16_frame_003",
            "added16_frame_013",
            "added16_frame_014",
            "added16_frame_002",
            "added16_frame_024",
            "added16_frame_022",
            "added16_frame_019",
            "added16_frame_005",
            "added16_frame_030",
            "index70_frame_019",
            "index70_frame_030",
            "index70_frame_027",
            "index70_frame_016",
            "index70_frame_003",
            "index70_frame_021",
            "index70_frame_005",
            "index70_frame_022",
            "index70_frame_015"
        ],
        [
            "added20_frame_006",
            "added20_frame_002",
            "added20_frame_015",
            "added20_frame_020",
            "added20_frame_014",
            "added20_frame_004",
            "added20_frame_010",
            "added20_frame_024",
            "added20_frame_003",
            "added20_frame_007",
            "added20_frame_011",
            "added20_frame_005",
            "added20_frame_013",
            "added20_frame_025",
            "added20_frame_001",
            "added20_frame_017",
            "added20_frame_008",
            "added20_frame_027",
            "added20_frame_012",
            "added20_frame_026",
            "added20_frame_022"
        ],
        [
            "Alto 33",
            "Alto 35",
            "Alto 39",
            "Alto 40",
            "Alto 44",
            "Alto 36",
            "DataSetVari 34",
            "DataSetVari 41",
            "DataSetVari 33",
            "Alto 42",
            "DataSetVari 36",
            "Alto 4",
            "DataSetVari 1",
            "Alto 47",
            "Alto 46",
            "DataSetVari 12",
            "Alto 7",
            "DataSetVari 31",
            "Alto 48",
            "Alto 6",
            "index81_frame_019"
        ],
        [
            "index72_frame_001",
            "index72_frame_029",
            "index72_frame_030",
            "index72_frame_022",
            "index72_frame_002",
            "index72_frame_027",
            "added98_frame_005",
            "added98_frame_028",
            "index88_frame_020",
            "added98_frame_026",
            "added98_frame_030",
