{
    "k": 18,
    "inertia_score": -181692.484375,
    "silhouette_score": 0.1376718282699585,
    "cluster_counts": [
        30,
        47,
        118,
        66,
        169,
        39,
        51,
        30,
        28,
        18,
        85,
        55,
        86,
        46,
        94,
        90,
        21,
        55
    ],
    "centroids": [
        "added43_frame_022",
        "added35_frame_007",
        "index88_frame_018",
        "index104_frame_015",
        "index19_frame_030",
        "index57_frame_013",
        "added30_frame_001",
        "added20_frame_021",
        "added90_frame_047",
        "added74_frame_016",
        "DataSetVari 28",
        "Screenshot (422)",
        "index31_frame_013",
        "index82_frame_021",
        "added28_frame_008",
        "added18_frame_003",
        "index113_frame_003",
        "added116_frame_012"
    ],
    "samples": [
        [
            "added43_frame_015",
            "added43_frame_016",
            "added43_frame_010",
            "added43_frame_020",
            "added43_frame_014",
            "added43_frame_013",
            "added43_frame_012",
            "added43_frame_005",
            "added43_frame_011",
            "added43_frame_007",
            "added43_frame_030",
            "added43_frame_027",
            "added43_frame_021",
            "added43_frame_028",
            "added43_frame_009",
            "added43_frame_024",
            "added43_frame_004"
        ],
        [
            "added35_frame_024",
            "index107_frame_004",
            "added35_frame_020",
            "index107_frame_018",
            "added35_frame_005",
            "added35_frame_001",
            "added35_frame_014",
            "added35_frame_003",
            "added35_frame_018",
            "index107_frame_011",
            "index107_frame_020",
            "index107_frame_014",
            "index99_frame_014",
            "index99_frame_023",
            "added35_frame_012",
            "index99_frame_020",
            "index99_frame_008"
        ],
        [
            "index88_frame_017",
            "index88_frame_010",
            "index88_frame_027",
            "index88_frame_014",
            "added95_frame_017",
            "index15_frame_019",
            "index88_frame_030",
            "index88_frame_026",
            "index88_frame_002",
            "added33_frame_030",
            "added115_frame_003",
            "added115_frame_023",
            "added95_frame_021",
            "index14_frame_007",
            "added33_frame_003",
            "DataSetVari 5",
            "index14_frame_016"
        ],
        [
            "index104_frame_019",
            "index102_frame_003",
            "index104_frame_020",
            "index104_frame_010",
            "index102_frame_011",
            "index102_frame_018",
            "index104_frame_006",
            "index102_frame_007",
            "index6_frame_006",
            "index104_frame_018",
            "index102_frame_005",
            "Screenshot (677)",
            "index6_frame_012",
            "Screenshot (636)",
            "Screenshot (665)",
            "index6_frame_009",
            "Screenshot (646)"
        ],
        [
            "index66_frame_013",
            "index66_frame_011",
            "added115_frame_012",
            "index9_frame_015",
            "index25_frame_004",
            "index59_frame_013",
            "index71_frame_012",
            "index71_frame_016",
            "index19_frame_011",
            "index71_frame_003",
            "index59_frame_012",
            "index100_frame_015",
            "added115_frame_018",
            "index71_frame_006",
            "index33_frame_010",
            "Foto 209",
            "added53_frame_059"
        ],
        [
            "index57_frame_009",
            "index57_frame_015",
            "index57_frame_020",
            "index74_frame_004",
            "index74_frame_011",
            "index57_frame_012",
            "index74_frame_010",
            "index74_frame_006",
            "index57_frame_017",
            "index57_frame_010",
            "index74_frame_012",
            "index74_frame_019",
            "index74_frame_014",
            "index57_frame_005",
            "index74_frame_008",
            "index57_frame_002",
            "index57_frame_014"
        ],
        [
            "added36_frame_026",
            "added36_frame_016",
            "added30_frame_005",
            "added30_frame_027",
            "added30_frame_010",
            "added36_frame_018",
            "added34_frame_028",
            "added36_frame_010",
            "added36_frame_003",
            "added36_frame_001",
            "added34_frame_024",
            "added30_frame_012",
            "added34_frame_001",
            "added34_frame_013",
            "added34_frame_008",
            "added34_frame_009",
            "added36_frame_023"
        ],
        [
            "added20_frame_006",
            "added20_frame_002",
            "added20_frame_015",
            "added20_frame_020",
            "added20_frame_014",
            "added20_frame_004",
            "added20_frame_010",
            "added20_frame_024",
            "added20_frame_003",
            "added20_frame_007",
            "added20_frame_011",
            "added20_frame_005",
            "added20_frame_013",
            "added20_frame_025",
            "added20_frame_001",
            "added20_frame_017",
            "added20_frame_008"
        ],
        [
            "added90_frame_054",
            "added90_frame_051",
            "added90_frame_033",
            "added90_frame_060",
            "added90_frame_009",
            "added90_frame_025",
            "added90_frame_005",
            "added90_frame_040",
            "added90_frame_003",
            "added90_frame_014",
            "added90_frame_090",
            "added90_frame_056",
            "added90_frame_016",
            "added90_frame_077",
            "added90_frame_001",
            "added90_frame_027",
            "added90_frame_082"
        ],
        [
            "added74_frame_015",
            "added74_frame_011",
            "added74_frame_018",
            "added74_frame_021",
            "added74_frame_013",
            "added74_frame_008",
            "added74_frame_020",
            "added74_frame_017",
            "added74_frame_026",
            "added74_frame_009",
            "added74_frame_002",
            "added74_frame_003",
            "added74_frame_024",
            "added74_frame_001",
            "added74_frame_022",
            "added74_frame_014",
            "added74_frame_023"
        ],
        [
            "Alto 40",
            "DataSetVari 33",
            "Alto 41",
            "Alto 33",
            "Alto 42",
            "Screenshot (2)",
            "Alto 11",
            "Alto 4",
            "Screenshot (12)",
            "DataSetVari 29",
            "Foto 19",
            "index81_frame_009",
            "index81_frame_019",
            "Alto 46",
            "DataSetVari 31",
            "DataSetVari 68",
            "DataSetVari 82"
        ],
        [
            "Screenshot (428)",
            "Screenshot (409)",
            "Screenshot (414)",
            "Screenshot (408)",
            "Screenshot (420)",
            "Screenshot (410)",
            "Screenshot (439)",
            "Screenshot (455)",
            "Screenshot (440)",
            "index20_frame_014",
            "index106_frame_005",
            "DataSetVari 22",
            "Screenshot (482)",
            "index20_frame_013",
            "index20_frame_024",
            "index20_frame_009",
            "index106_frame_018"
        ],
        [
            "added38_frame_019",
            "added38_frame_003",
            "index31_frame_017",
            "added39_frame_007",
            "added39_frame_025",
            "added39_frame_017",
