{
    "k": 14,
    "inertia_score": -174152.140625,
    "silhouette_score": 0.12627850472927094,
    "cluster_counts": [
        102,
        59,
        134,
        143,
        55,
        72,
        37,
        39,
        58,
        30,
        103,
        20,
        99,
        48
    ],
    "centroids": [
        "index2_frame_015",
        "Alto 9",
        "index62_frame_018",
        "index102_frame_006",
        "added90_frame_025",
        "index72_frame_001",
        "added16_frame_011",
        "index57_frame_013",
        "Screenshot (422)",
        "added43_frame_022",
        "index80_frame_004",
        "index70_frame_008",
        "index65_frame_015",
        "added20_frame_006"
    ],
    "samples": [
        [
            "added18_frame_007",
            "index2_frame_014",
            "index2_frame_019",
            "index71_frame_002",
            "index83_frame_012",
            "index71_frame_011",
            "index66_frame_005",
            "index71_frame_009",
            "index59_frame_009",
            "index71_frame_014",
            "index71_frame_015",
            "index59_frame_006",
            "index113_frame_013",
            "index113_frame_007",
            "index113_frame_008",
            "added52_frame_176",
            "index113_frame_001",
            "index113_frame_005",
            "index113_frame_002",
            "Foto 53"
        ],
        [
            "Alto 33",
            "Alto 35",
            "Alto 39",
            "Alto 40",
            "Alto 44",
            "Alto 36",
            "DataSetVari 34",
            "DataSetVari 41",
            "DataSetVari 33",
            "Alto 42",
            "DataSetVari 36",
            "Alto 4",
            "DataSetVari 1",
            "Alto 47",
            "Alto 46",
            "DataSetVari 12",
            "Alto 7",
            "DataSetVari 31",
            "Alto 48",
            "Alto 6"
        ],
        [
            "index62_frame_001",
            "index62_frame_011",
            "index62_frame_012",
            "index62_frame_010",
            "index9_frame_002",
            "index33_frame_004",
            "index107_frame_020",
            "index33_frame_006",
            "index107_frame_014",
            "index16_frame_004",
            "index33_frame_002",
            "Foto 165",
            "index16_frame_003",
            "DataSetVari 26",
            "index33_frame_016",
            "index16_frame_010",
            "added46_frame_013",
            "added89_frame_005",
            "Foto 9",
            "Foto 83"
        ],
        [
            "index102_frame_005",
            "index102_frame_014",
            "index102_frame_020",
            "added32_frame_083",
            "added33_frame_020",
            "index108_frame_004",
            "index32_frame_008",
            "added34_frame_017",
            "index6_frame_020",
            "index6_frame_010",
            "added33_frame_003",
            "Screenshot (646)",
            "added29_frame_007",
            "index6_frame_013",
            "Screenshot (670)",
            "index102_frame_009",
            "Screenshot (673)",
            "Screenshot (674)",
            "Screenshot (644)",
            "index32_frame_011"
        ],
        [
            "added90_frame_027",
            "added90_frame_009",
            "Screenshot (15)",
            "added90_frame_047",
            "added90_frame_001",
            "added90_frame_060",
            "Screenshot (22)",
            "added90_frame_077",
            "added90_frame_056",
            "added90_frame_040",
            "Screenshot (14)",
            "added90_frame_042",
            "added90_frame_068",
            "added90_frame_082",
            "Screenshot (11)",
            "added90_frame_065",
            "Screenshot (18)",
            "added90_frame_070",
            "added90_frame_088",
            "added90_frame_012"
        ],
        [
            "index72_frame_008",
            "index72_frame_029",
            "index72_frame_023",
            "index72_frame_020",
            "added98_frame_024",
            "added98_frame_017",
            "index72_frame_019",
            "added98_frame_014",
            "index72_frame_006",
            "added98_frame_021",
            "index88_frame_020",
            "index88_frame_012",
            "added98_frame_003",
            "index88_frame_029",
            "index88_frame_014",
            "index95_frame_003",
            "index95_frame_005",
            "added98_frame_002",
            "index88_frame_028",
            "index88_frame_007"
        ],
        [
            "added16_frame_021",
            "added16_frame_027",
            "added16_frame_006",
            "added16_frame_028",
            "added16_frame_026",
            "added16_frame_016",
            "added16_frame_017",
            "added16_frame_013",
            "added16_frame_003",
            "added16_frame_010",
            "added16_frame_029",
            "added16_frame_024",
            "added16_frame_014",
            "added16_frame_001",
            "added16_frame_022",
            "added16_frame_002",
            "added16_frame_015",
            "added16_frame_008",
            "added16_frame_019",
            "added16_frame_012"
        ],
        [
            "index57_frame_009",
            "index57_frame_007",
            "index57_frame_015",
            "index57_frame_006",
            "index57_frame_020",
            "index57_frame_018",
            "index74_frame_004",
            "index57_frame_004",
            "index74_frame_011",
            "index57_frame_016",
            "index57_frame_012",
            "index74_frame_007",
            "index74_frame_010",
            "index74_frame_018",
            "index74_frame_006",
            "index74_frame_016",
            "index57_frame_017",
            "index57_frame_011",
            "index57_frame_010",
            "index57_frame_003"
        ],
        [
            "Screenshot (428)",
            "Screenshot (476)",
            "Screenshot (433)",
            "Screenshot (414)",
            "Screenshot (466)",
            "Screenshot (408)",
            "Screenshot (453)",
            "Screenshot (417)",
            "Screenshot (413)",
            "Screenshot (439)",
            "Screenshot (455)",
            "Screenshot (442)",
            "index106_frame_002",
            "Screenshot (445)",
            "index20_frame_005",
            "index106_frame_005",
            "DataSetVari 22",
            "index20_frame_006",
            "Screenshot (482)",
            "index20_frame_013"
        ],
        [
            "added43_frame_015",
            "added43_frame_016",
            "added43_frame_010",
            "added43_frame_020",
            "added43_frame_014",
            "added43_frame_013",
            "added43_frame_012",
            "added43_frame_005",
            "added43_frame_011",
            "added43_frame_007",
            "added43_frame_030",
            "added43_frame_027",
            "added43_frame_021",
            "added43_frame_028",
            "added43_frame_009",
            "added43_frame_024",
            "added43_frame_004",
            "added43_frame_017",
            "added43_frame_003",
            "added43_frame_006"
        ],
        [
            "added28_frame_017",
            "index80_frame_012",
            "added28_frame_001",
            "index80_frame_007",
            "added27_frame_009",
            "index80_frame_018",
            "added27_frame_026",
            "added27_frame_007",
            "index80_frame_008",
            "added27_frame_011",
            "Screenshot (355)",
            "added28_frame_023",
            "index2_frame_011",
            "added27_frame_027",
            "added27_frame_002",
            "index86_frame_082",
            "index86_frame_067",
            "index86_frame_005",
            "Screenshot (388)",
            "index86_frame_070"
        ],
