{
    "k": 3,
    "inertia_score": -234237.078125,
    "silhouette_score": 0.06396259367465973,
    "cluster_counts": [
        377,
        316,
        306
    ],
    "centroids": [
        "index65_frame_015",
        "index2_frame_016",
        "index104_frame_015"
    ],
    "samples": [
        [
            "index65_frame_006",
            "index66_frame_016",
            "index72_frame_005",
            "index72_frame_029",
            "index72_frame_016",
            "index72_frame_023",
            "index71_frame_009",
            "index41_frame_017",
            "index100_frame_013",
            "added98_frame_005",
            "index108_frame_002",
            "added98_frame_028",
            "index26_frame_003",
            "added98_frame_023",
            "index88_frame_023",
            "index62_frame_013",
            "index62_frame_001",
            "index62_frame_024",
            "index62_frame_022",
            "DataSetVari 27",
            "Foto 84",
            "index23_frame_002",
            "index33_frame_010",
            "index95_frame_012",
            "added53_frame_136",
            "index16_frame_003",
            "added16_frame_012",
            "Foto 66",
            "Foto 34"
        ],
        [
            "index2_frame_015",
            "added28_frame_013",
            "added27_frame_009",
            "added43_frame_011",
            "index83_frame_004",
            "index80_frame_019",
            "index83_frame_006",
            "added43_frame_007",
            "index80_frame_014",
            "index2_frame_011",
            "index86_frame_082",
            "added43_frame_026",
            "Screenshot (365)",
            "index86_frame_067",
            "index113_frame_008",
            "index69_frame_004",
            "index113_frame_012",
            "added17_frame_004",
            "index74_frame_007",
            "index74_frame_009",
            "added27_frame_003",
            "added89_frame_001",
            "added17_frame_005",
            "index113_frame_015",
            "added20_frame_025",
            "added74_frame_016",
            "index57_frame_010",
            "added20_frame_007",
            "added20_frame_004"
        ],
        [
            "index104_frame_011",
            "index102_frame_002",
            "index102_frame_014",
            "index6_frame_006",
            "index32_frame_008",
            "Screenshot (428)",
            "Screenshot (463)",
            "added90_frame_003",
            "Screenshot (632)",
            "Screenshot (23)",
            "Screenshot (2)",
            "Screenshot (521)",
            "Alto 12",
            "DataSetVari 23",
            "Screenshot (646)",
            "index106_frame_007",
            "added34_frame_014",
            "Screenshot (674)",
            "Screenshot (469)",
            "index106_frame_005",
            "added90_frame_051",
            "Alto 34",
            "added34_frame_012",
            "Screenshot (417)",
            "added32_frame_051",
            "DataSetVari 44",
            "added34_frame_011",
            "DataSetVari 33",
            "index81_frame_018"
        ]
    ]
}