{
    "k": 11,
    "inertia_score": -186504.609375,
    "silhouette_score": 0.10683917999267578,
    "cluster_counts": [
        149,
        107,
        64,
        177,
        106,
        132,
        55,
        76,
        64,
        39,
        30
    ],
    "centroids": [
        "index102_frame_006",
        "index65_frame_015",
        "added43_frame_009",
        "index2_frame_016",
        "Alto 35",
        "index62_frame_001",
        "added90_frame_025",
        "added98_frame_009",
        "Screenshot (422)",
        "index57_frame_013",
        "added20_frame_021"
    ],
    "samples": [
        [
            "index102_frame_005",
            "index102_frame_018",
            "index104_frame_002",
            "index102_frame_012",
            "Screenshot (625)",
            "added33_frame_030",
            "index108_frame_004",
            "index32_frame_008",
            "added34_frame_017",
            "index108_frame_009",
            "index108_frame_007",
            "index6_frame_005",
            "added33_frame_021",
            "Screenshot (621)",
            "added29_frame_007",
            "index32_frame_003",
            "added33_frame_022",
            "Screenshot (641)",
            "Screenshot (533)",
            "added29_frame_008",
            "index32_frame_018",
            "index6_frame_017"
        ],
        [
            "index65_frame_006",
            "index65_frame_028",
            "index28_frame_004",
            "index28_frame_009",
            "index28_frame_006",
            "index65_frame_004",
            "index41_frame_017",
            "index100_frame_009",
            "DataSetVari 60",
            "index100_frame_013",
            "index100_frame_010",
            "index100_frame_006",
            "index66_frame_007",
            "index100_frame_003",
            "index100_frame_017",
            "index25_frame_004",
            "index25_frame_006",
            "index65_frame_022",
            "index65_frame_021",
            "index18_frame_012",
            "index108_frame_003",
            "index18_frame_004"
        ],
        [
            "added43_frame_019",
            "added43_frame_011",
            "added43_frame_022",
            "added43_frame_028",
            "added43_frame_030",
            "added43_frame_007",
            "added43_frame_020",
            "added43_frame_029",
            "added43_frame_012",
            "added43_frame_003",
            "added43_frame_005",
            "added43_frame_024",
            "added43_frame_018",
            "added43_frame_002",
            "added43_frame_026",
            "index113_frame_011",
            "index113_frame_012",
            "index113_frame_008",
            "index113_frame_018",
            "index113_frame_019",
            "added74_frame_013",
            "added74_frame_017"
        ],
        [
            "index2_frame_015",
            "index2_frame_010",
            "index2_frame_020",
            "index83_frame_003",
            "added27_frame_007",
            "index80_frame_006",
            "index59_frame_002",
            "index80_frame_014",
            "added27_frame_023",
            "added18_frame_001",
            "added27_frame_012",
            "added18_frame_025",
            "index80_frame_011",
            "Screenshot (361)",
            "index66_frame_002",
            "added52_frame_183",
            "index86_frame_082",
            "added54_frame_049",
            "index86_frame_078",
            "index86_frame_049",
            "added53_frame_175",
            "index86_frame_070"
        ],
        [
            "Alto 44",
            "Alto 40",
            "Alto 33",
            "added16_frame_028",
            "added16_frame_027",
            "index70_frame_026",
            "added16_frame_015",
            "Alto 42",
            "added16_frame_019",
            "index70_frame_008",
            "added16_frame_030",
            "DataSetVari 33",
            "index70_frame_005",
            "Alto 10",
            "Alto 51",
            "index70_frame_010",
            "Alto 46",
            "Alto 52",
            "index70_frame_015",
            "index81_frame_019",
            "index70_frame_003",
            "DataSetVari 31"
        ],
        [
            "index62_frame_018",
            "index62_frame_011",
            "index62_frame_003",
            "index88_frame_023",
            "index88_frame_008",
            "added89_frame_008",
            "DataSetVari 17",
            "index23_frame_002",
            "added89_frame_001",
            "index33_frame_010",
            "index88_frame_001",
            "Foto 53",
            "index16_frame_006",
            "index16_frame_001",
            "Foto 129",
            "index16_frame_013",
            "index23_frame_009",
            "Foto 12",
            "added89_frame_024",
            "Foto 78",
            "index23_frame_013",
            "Foto 137"
        ],
        [
            "added90_frame_027",
            "added90_frame_009",
            "Screenshot (15)",
            "added90_frame_047",
            "added90_frame_001",
            "added90_frame_060",
            "Screenshot (22)",
            "added90_frame_077",
            "added90_frame_056",
            "added90_frame_040",
            "Screenshot (14)",
            "added90_frame_042",
            "added90_frame_068",
            "added90_frame_082",
            "Screenshot (11)",
            "added90_frame_065",
            "Screenshot (18)",
            "added90_frame_070",
            "added90_frame_088",
            "added90_frame_012",
            "added90_frame_029",
            "Screenshot (21)"
        ],
        [
            "index72_frame_013",
            "added98_frame_007",
            "index72_frame_025",
            "added98_frame_014",
            "index72_frame_023",
            "index72_frame_012",
            "added98_frame_012",
            "index72_frame_005",
            "added98_frame_001",
            "index72_frame_006",
            "added98_frame_003",
            "index72_frame_002",
            "index72_frame_009",
            "index88_frame_020",
            "index95_frame_001",
            "added98_frame_002",
            "index95_frame_018",
            "index95_frame_014",
            "index88_frame_014",
            "index9_frame_016",
            "index107_frame_020",
            "index95_frame_012"
        ],
        [
            "Screenshot (428)",
            "Screenshot (492)",
            "Screenshot (419)",
            "Screenshot (480)",
            "Screenshot (466)",
            "DataSetVari 21",
            "Screenshot (408)",
            "Screenshot (453)",
            "Screenshot (410)",
            "Screenshot (439)",
            "Screenshot (442)",
            "Screenshot (455)",
            "Screenshot (440)",
            "Screenshot (444)",
            "index20_frame_005",
            "index106_frame_005",
            "index106_frame_001",
            "index106_frame_004",
            "index20_frame_021",
            "index106_frame_007",
            "Screenshot (482)",
            "DataSetVari 5"
        ],
        [
            "index57_frame_009",
            "index57_frame_007",
            "index57_frame_015",
            "index57_frame_006",
            "index57_frame_020",
            "index57_frame_018",
            "index74_frame_004",
            "index57_frame_004",
            "index74_frame_011",
            "index57_frame_016",
            "index57_frame_012",
            "index74_frame_007",
            "index74_frame_010",
            "index74_frame_018",
            "index74_frame_006",
            "index74_frame_016",
            "index57_frame_017",
            "index57_frame_011",
            "index57_frame_010",
            "index57_frame_003",
            "index74_frame_012",
            "index74_frame_003"
        ],
        [
            "added20_frame_006",
            "added20_frame_002",
