{
    "k": 5,
    "inertia_score": -220829.71875,
    "silhouette_score": 0.06589634716510773,
    "cluster_counts": [
        118,
        191,
        221,
        240,
        236
    ],
    "centroids": [
        "added16_frame_003",
        "added33_frame_009",
        "index104_frame_015",
        "index65_frame_015",
        "index2_frame_016"
    ],
    "samples": [
        [
            "added16_frame_011",
            "added16_frame_028",
            "added16_frame_019",
            "added16_frame_010",
            "added16_frame_001",
            "added16_frame_025",
            "index70_frame_026",
            "Alto 39",
            "Alto 40",
            "Alto 36",
            "index70_frame_001",
            "Foto 77",
            "Alto 42",
            "Alto 38",
            "Foto 207",
            "index30_frame_016",
            "DataSetVari 28",
            "index70_frame_009",
            "Foto 196",
            "Foto 129",
            "index81_frame_008",
            "Alto 47",
            "Alto 46",
            "Foto 130",
            "added53_frame_136",
            "Foto 44",
            "Foto 163",
            "Foto 123"
        ],
        [
            "index57_frame_006",
            "index57_frame_018",
            "index74_frame_014",
            "index57_frame_014",
            "index57_frame_003",
            "index57_frame_009",
            "index74_frame_013",
            "index57_frame_005",
            "index57_frame_012",
            "index88_frame_013",
            "added29_frame_015",
            "index57_frame_016",
            "index30_frame_005",
            "added20_frame_011",
            "added74_frame_017",
            "added74_frame_024",
            "added74_frame_020",
            "added33_frame_022",
            "index20_frame_001",
            "added20_frame_007",
            "added74_frame_015",
            "added74_frame_023",
            "index14_frame_016",
            "added89_frame_024",
            "index20_frame_011",
            "added20_frame_024",
            "index23_frame_022",
            "index74_frame_002"
        ],
        [
            "index102_frame_004",
            "index102_frame_002",
            "index102_frame_013",
            "index104_frame_004",
            "index102_frame_007",
            "Screenshot (428)",
            "added90_frame_063",
            "Screenshot (422)",
            "DataSetVari 21",
            "Screenshot (25)",
            "Screenshot (455)",
            "index108_frame_008",
            "Screenshot (11)",
            "index32_frame_003",
            "Screenshot (621)",
            "added90_frame_082",
            "added29_frame_003",
            "added90_frame_042",
            "Screenshot (433)",
            "added90_frame_016",
            "DataSetVari 23",
            "DataSetVari 5",
            "index102_frame_009",
            "Screenshot (7)",
            "Alto 12",
            "Screenshot (644)",
            "Alto 48",
            "index104_frame_005"
        ],
        [
            "index65_frame_006",
            "index72_frame_001",
            "index28_frame_010",
            "index65_frame_014",
            "index65_frame_026",
            "index72_frame_015",
            "index25_frame_005",
            "index66_frame_004",
            "index25_frame_004",
            "index59_frame_002",
            "index72_frame_020",
            "index100_frame_010",
            "index72_frame_002",
            "index100_frame_020",
            "index26_frame_018",
            "added98_frame_017",
            "index28_frame_014",
            "added98_frame_021",
            "added98_frame_023",
            "index18_frame_004",
            "index18_frame_002",
            "index28_frame_018",
            "index26_frame_010",
            "Screenshot (521)",
            "index33_frame_006",
            "index33_frame_003",
            "index59_frame_014",
            "index95_frame_012"
        ],
        [
            "index2_frame_015",
            "added28_frame_001",
            "added27_frame_019",
            "index2_frame_009",
            "index69_frame_011",
            "index2_frame_012",
            "index80_frame_019",
            "added18_frame_023",
            "added27_frame_011",
            "added43_frame_009",
            "added18_frame_001",
            "added27_frame_027",
            "added43_frame_022",
            "added43_frame_010",
            "index71_frame_016",
            "Screenshot (371)",
            "Screenshot (349)",
            "index62_frame_018",
            "added54_frame_051",
            "added54_frame_049",
            "index86_frame_021",
            "added17_frame_004",
            "index62_frame_006",
            "index86_frame_049",
            "index71_frame_005",
            "index113_frame_002",
            "index62_frame_013",
            "Foto 29"
        ]
    ]
}