{
    "k": 19,
    "inertia_score": -160247.296875,
    "silhouette_score": 0.1538865715265274,
    "cluster_counts": [
        30,
        118,
        28,
        62,
        51,
        47,
        83,
        46,
        50,
        171,
        18,
        56,
        55,
        16,
        30,
        39,
        64,
        26,
        8
    ],
    "centroids": [
        "added43_frame_022",
        "index65_frame_015",
        "added90_frame_047",
        "Screenshot (422)",
        "Alto 9",
        "index88_frame_020",
        "added33_frame_002",
        "added16_frame_011",
        "index62_frame_001",
        "index2_frame_016",
        "added74_frame_016",
        "index72_frame_008",
        "Foto 77",
        "index32_frame_018",
        "added20_frame_021",
        "index57_frame_013",
        "index104_frame_015",
        "Screenshot (2)",
        "index81_frame_008"
    ],
    "samples": [
        [
            "added43_frame_015",
            "added43_frame_016",
            "added43_frame_010",
            "added43_frame_020",
            "added43_frame_014",
            "added43_frame_013",
            "added43_frame_012",
            "added43_frame_005",
            "added43_frame_011",
            "added43_frame_007",
            "added43_frame_030",
            "added43_frame_027",
            "added43_frame_021",
            "added43_frame_028",
            "added43_frame_009",
            "added43_frame_024"
        ],
        [
            "index65_frame_006",
            "index65_frame_008",
            "index65_frame_001",
            "index28_frame_008",
            "index28_frame_005",
            "index41_frame_020",
            "index41_frame_013",
            "index100_frame_020",
            "index100_frame_017",
            "index66_frame_004",
            "index65_frame_021",
            "index65_frame_030",
            "index25_frame_002",
            "index28_frame_018",
            "index28_frame_012",
            "index16_frame_004"
        ],
        [
            "added90_frame_054",
            "added90_frame_051",
            "added90_frame_033",
            "added90_frame_060",
            "added90_frame_009",
            "added90_frame_025",
            "added90_frame_005",
            "added90_frame_040",
            "added90_frame_003",
            "added90_frame_014",
            "added90_frame_090",
            "added90_frame_056",
            "added90_frame_016",
            "added90_frame_077",
            "added90_frame_001",
            "added90_frame_027"
        ],
        [
            "Screenshot (428)",
            "Screenshot (409)",
            "Screenshot (480)",
            "Screenshot (420)",
            "Screenshot (417)",
            "Screenshot (461)",
            "Screenshot (439)",
            "Screenshot (438)",
            "Screenshot (440)",
            "index20_frame_014",
            "index106_frame_005",
            "index106_frame_004",
            "DataSetVari 25",
            "index20_frame_013",
            "index20_frame_001",
            "index20_frame_009"
        ],
        [
            "Alto 11",
            "Alto 35",
            "Alto 39",
            "Alto 36",
            "DataSetVari 41",
            "Alto 37",
            "Alto 38",
            "Alto 51",
            "Alto 52",
            "Alto 47",
            "DataSetVari 29",
            "DataSetVari 37",
            "Alto 50",
            "Alto 45",
            "DataSetVari 82",
            "DataSetVari 78"
        ],
        [
            "index88_frame_002",
            "index88_frame_006",
            "index88_frame_014",
            "index88_frame_008",
            "index59_frame_006",
            "index59_frame_003",
            "index59_frame_001",
            "DataSetVari 56",
            "index59_frame_005",
            "DataSetVari 27",
            "index59_frame_013",
            "DataSetVari 3",
            "DataSetVari 20",
            "index88_frame_013",
            "index59_frame_010",
            "DataSetVari 5"
        ],
        [
            "added33_frame_020",
            "added34_frame_005",
            "added33_frame_009",
            "index108_frame_002",
            "index107_frame_020",
            "index107_frame_006",
            "added32_frame_075",
            "index108_frame_008",
            "added33_frame_003",
            "added29_frame_017",
            "added34_frame_013",
            "added32_frame_082",
            "index108_frame_009",
            "Screenshot (518)",
            "added34_frame_001",
            "Screenshot (534)"
        ],
        [
            "added16_frame_027",
            "added16_frame_006",
            "added16_frame_010",
            "added16_frame_026",
            "added16_frame_002",
            "added16_frame_029",
            "added16_frame_013",
            "added16_frame_014",
            "added16_frame_001",
            "added16_frame_025",
            "added16_frame_019",
            "added16_frame_030",
            "index70_frame_008",
            "index70_frame_001",
            "index70_frame_016",
            "index70_frame_026"
        ],
        [
            "index62_frame_018",
            "index62_frame_024",
            "index62_frame_021",
            "index62_frame_017",
            "index62_frame_012",
            "index62_frame_022",
            "index9_frame_011",
            "index9_frame_002",
            "added89_frame_008",
            "index9_frame_004",
            "index9_frame_010",
            "index23_frame_001",
            "DataSetVari 49",
            "added89_frame_009",
            "index23_frame_018",
            "index23_frame_013"
        ],
        [
            "index2_frame_015",
            "index80_frame_004",
            "index2_frame_020",
            "added28_frame_006",
            "index69_frame_007",
            "index80_frame_019",
            "index83_frame_009",
            "added27_frame_016",
            "index69_frame_010",
            "index113_frame_011",
            "Screenshot (361)",
            "index71_frame_012",
            "index66_frame_002",
            "index71_frame_013",
            "index86_frame_078",
            "added17_frame_004"
        ],
        [
            "added74_frame_015",
            "added74_frame_011",
            "added74_frame_018",
            "added74_frame_021",
            "added74_frame_013",
            "added74_frame_008",
            "added74_frame_020",
            "added74_frame_017",
            "added74_frame_026",
            "added74_frame_009",
            "added74_frame_002",
            "added74_frame_003",
            "added74_frame_024",
            "added74_frame_001",
            "added74_frame_022",
            "added74_frame_014"
        ],
        [
            "index72_frame_013",
            "added98_frame_024",
            "index72_frame_007",
            "index72_frame_029",
            "added98_frame_017",
            "added98_frame_023",
            "added98_frame_005",
            "index72_frame_019",
            "added98_frame_028",
            "added98_frame_026",
            "index72_frame_027",
            "index72_frame_002",
            "added98_frame_003",
            "index95_frame_005",
            "index95_frame_018",
            "index95_frame_009"
        ],
        [
            "Foto 84",
            "Foto 27",
            "index30_frame_016",
            "Foto 92",
            "added53_frame_027",
            "Foto 129",
            "Foto 130",
            "Foto 122",
            "Foto 11",
            "Foto 29",
            "Foto 204",
            "Foto 113",
            "Foto 44",
            "Foto 126",
            "Foto 23",
            "Foto 89"
        ],
        [
            "index32_frame_017",
            "index32_frame_008",
            "index32_frame_010",
            "index32_frame_007",
            "index32_frame_009",
            "index32_frame_004",
            "index32_frame_011",
