{
    "k": 10,
    "inertia_score": -189978.609375,
    "silhouette_score": 0.10545533895492554,
    "cluster_counts": [
        139,
        173,
        48,
        140,
        39,
        61,
        185,
        73,
        110,
        30
    ],
    "centroids": [
        "index102_frame_006",
        "index28_frame_007",
        "added20_frame_006",
        "index88_frame_029",
        "index57_frame_013",
        "added16_frame_011",
        "index2_frame_016",
        "Screenshot (422)",
        "Screenshot (24)",
        "added43_frame_022"
    ],
    "samples": [
        [
            "index102_frame_005",
            "index102_frame_017",
            "index102_frame_013",
            "index104_frame_002",
            "index104_frame_003",
            "index102_frame_007",
            "index108_frame_005",
            "added29_frame_019",
            "added34_frame_017",
            "added33_frame_009",
            "index108_frame_008",
            "index6_frame_020",
            "added29_frame_017",
            "added34_frame_018",
            "index108_frame_019",
            "added34_frame_014",
            "added34_frame_024",
            "index6_frame_009",
            "Screenshot (533)",
            "Screenshot (522)",
            "added33_frame_024",
            "index32_frame_002",
            "Screenshot (644)"
        ],
        [
            "index65_frame_015",
            "index65_frame_018",
            "index65_frame_008",
            "index28_frame_005",
            "index65_frame_010",
            "index41_frame_019",
            "index41_frame_020",
            "index41_frame_013",
            "index66_frame_003",
            "index25_frame_004",
            "index72_frame_017",
            "index72_frame_022",
            "index95_frame_001",
            "index95_frame_002",
            "added98_frame_010",
            "index72_frame_009",
            "index95_frame_003",
            "index18_frame_018",
            "index65_frame_022",
            "index26_frame_015",
            "index95_frame_005",
            "added98_frame_002",
            "DataSetVari 64"
        ],
        [
            "added20_frame_015",
            "added20_frame_002",
            "added20_frame_014",
            "added20_frame_013",
            "added20_frame_007",
            "added20_frame_003",
            "added20_frame_001",
            "added20_frame_024",
            "added20_frame_009",
            "added20_frame_018",
            "added20_frame_008",
            "added20_frame_027",
            "added74_frame_017",
            "added20_frame_028",
            "added20_frame_029",
            "added74_frame_015",
            "added74_frame_021",
            "added74_frame_008",
            "added74_frame_011",
            "added20_frame_019",
            "added74_frame_001",
            "added74_frame_023",
            "added74_frame_014"
        ],
        [
            "index62_frame_018",
            "index62_frame_017",
            "index62_frame_024",
            "index88_frame_023",
            "index88_frame_008",
            "index88_frame_003",
            "index62_frame_029",
            "index33_frame_004",
            "index23_frame_002",
            "index33_frame_003",
            "index14_frame_007",
            "index30_frame_005",
            "Foto 77",
            "Foto 209",
            "index33_frame_011",
            "index16_frame_006",
            "index16_frame_001",
            "index23_frame_001",
            "Foto 56",
            "index23_frame_010",
            "added89_frame_005",
            "index23_frame_013",
            "index23_frame_030"
        ],
        [
            "index57_frame_009",
            "index57_frame_007",
            "index57_frame_015",
            "index57_frame_006",
            "index57_frame_020",
            "index57_frame_018",
            "index74_frame_004",
            "index57_frame_004",
            "index74_frame_011",
            "index57_frame_016",
            "index57_frame_012",
            "index74_frame_007",
            "index74_frame_010",
            "index74_frame_018",
            "index74_frame_006",
            "index74_frame_016",
            "index57_frame_017",
            "index57_frame_011",
            "index57_frame_010",
            "index57_frame_003",
            "index74_frame_012",
            "index74_frame_003",
            "index74_frame_019"
        ],
        [
            "added16_frame_006",
            "added16_frame_027",
            "added16_frame_003",
            "added16_frame_016",
            "added16_frame_010",
            "added16_frame_014",
            "added16_frame_024",
            "added16_frame_029",
            "added16_frame_001",
            "added16_frame_019",
            "added16_frame_005",
            "added16_frame_030",
            "index70_frame_019",
            "index70_frame_030",
            "index70_frame_027",
            "index70_frame_016",
            "index70_frame_003",
            "index70_frame_010",
            "Foto 206",
            "index70_frame_022",
            "index70_frame_015",
            "Foto 207",
            "index70_frame_011"
        ],
        [
            "index2_frame_015",
            "added28_frame_013",
            "index83_frame_015",
            "index83_frame_003",
            "index2_frame_012",
            "index71_frame_002",
            "added27_frame_009",
            "added28_frame_019",
            "added28_frame_023",
            "index80_frame_005",
            "added27_frame_010",
            "index71_frame_011",
            "index71_frame_004",
            "added28_frame_022",
            "index71_frame_010",
            "index71_frame_007",
            "index86_frame_082",
            "added54_frame_049",
            "index113_frame_017",
            "index86_frame_049",
            "index113_frame_015",
            "added53_frame_175",
            "added53_frame_059"
        ],
        [
            "Screenshot (428)",
            "Screenshot (414)",
            "Screenshot (419)",
            "DataSetVari 21",
            "Screenshot (417)",
            "Screenshot (413)",
            "Screenshot (461)",
            "Screenshot (440)",
            "Screenshot (455)",
            "index20_frame_014",
            "index20_frame_005",
            "DataSetVari 22",
            "index106_frame_007",
            "Screenshot (482)",
            "index20_frame_013",
            "index20_frame_001",
            "Screenshot (670)",
            "Screenshot (674)",
            "index106_frame_018",
            "index20_frame_025",
            "index104_frame_012",
            "index104_frame_008",
            "added70_frame_004"
        ],
        [
            "Screenshot (8)",
            "Screenshot (11)",
            "Screenshot (14)",
            "Screenshot (18)",
            "Alto 37",
            "Alto 35",
            "added90_frame_003",
            "Alto 9",
            "added90_frame_047",
            "Alto 44",
            "added90_frame_009",
            "Alto 40",
            "DataSetVari 40",
            "added90_frame_068",
            "DataSetVari 41",
            "added90_frame_082",
            "Alto 4",
            "Foto 19",
            "DataSetVari 36",
            "Alto 12",
            "Alto 48",
            "Alto 46",
            "DataSetVari 30"
        ],
        [
            "added43_frame_015",
            "added43_frame_016",
            "added43_frame_010",
            "added43_frame_020",
            "added43_frame_014",
            "added43_frame_013",
            "added43_frame_012",
            "added43_frame_005",
            "added43_frame_011",
            "added43_frame_007",
            "added43_frame_030",
            "added43_frame_027",
            "added43_frame_021",
            "added43_frame_028",
            "added43_frame_009",
            "added43_frame_024",
            "added43_frame_004",
