{
    "k": 20,
    "inertia_score": -159583.734375,
    "silhouette_score": 0.1445551961660385,
    "cluster_counts": [
        30,
        41,
        72,
        58,
        79,
        59,
        63,
        105,
        39,
        58,
        92,
        35,
        26,
        42,
        30,
        18,
        16,
        28,
        58,
        57
    ],
    "centroids": [
        "added20_frame_021",
        "Screenshot (422)",
        "added98_frame_009",
        "index2_frame_006",
        "index65_frame_007",
        "Alto 9",
        "index104_frame_015",
        "index2_frame_015",
        "index57_frame_013",
        "index108_frame_016",
        "index62_frame_001",
        "index20_frame_026",
        "Screenshot (2)",
        "added28_frame_014",
        "added43_frame_022",
        "added74_frame_016",
        "index95_frame_004",
        "added90_frame_047",
        "added16_frame_011",
        "added33_frame_020"
    ],
    "samples": [
        [
            "added20_frame_006",
            "added20_frame_015",
            "added20_frame_014",
            "added20_frame_010",
            "added20_frame_003",
            "added20_frame_011",
            "added20_frame_013",
            "added20_frame_001",
            "added20_frame_008",
            "added20_frame_012",
            "added20_frame_022",
            "added20_frame_023",
            "added20_frame_029",
            "added20_frame_019",
            "added20_frame_030"
        ],
        [
            "Screenshot (428)",
            "Screenshot (409)",
            "Screenshot (419)",
            "Screenshot (414)",
            "DataSetVari 21",
            "Screenshot (453)",
            "Screenshot (408)",
            "Screenshot (417)",
            "Screenshot (410)",
            "Screenshot (461)",
            "Screenshot (455)",
            "Screenshot (442)",
            "Screenshot (440)",
            "index106_frame_002",
            "index106_frame_004"
        ],
        [
            "index72_frame_029",
            "index72_frame_023",
            "added98_frame_024",
            "added98_frame_028",
            "added98_frame_021",
            "index72_frame_005",
            "index72_frame_006",
            "added98_frame_023",
            "added98_frame_003",
            "index88_frame_029",
            "index107_frame_011",
            "index88_frame_006",
            "index88_frame_028",
            "index107_frame_007",
            "index107_frame_016"
        ],
        [
            "index80_frame_004",
            "index2_frame_004",
            "index80_frame_013",
            "index80_frame_015",
            "index2_frame_001",
            "index80_frame_019",
            "index80_frame_011",
            "Screenshot (369)",
            "Screenshot (374)",
            "index2_frame_002",
            "index2_frame_018",
            "Screenshot (361)",
            "index86_frame_005",
            "index86_frame_067",
            "Screenshot (349)"
        ],
        [
            "index65_frame_018",
            "index65_frame_020",
            "index65_frame_026",
            "index41_frame_018",
            "index100_frame_004",
            "index100_frame_010",
            "index100_frame_005",
            "index41_frame_008",
            "index28_frame_005",
            "index100_frame_015",
            "index28_frame_003",
            "index25_frame_004",
            "index18_frame_012",
            "DataSetVari 66",
            "index18_frame_008"
        ],
        [
            "Alto 33",
            "Alto 11",
            "Alto 40",
            "Alto 41",
            "DataSetVari 34",
            "Alto 38",
            "Alto 42",
            "Alto 51",
            "DataSetVari 1",
            "added99_frame_010",
            "DataSetVari 12",
            "DataSetVari 29",
            "Alto 48",
            "Alto 50",
            "index81_frame_018"
        ],
        [
            "index104_frame_019",
            "index102_frame_014",
            "index102_frame_004",
            "index102_frame_011",
            "index102_frame_018",
            "index102_frame_007",
            "index6_frame_006",
            "index104_frame_004",
            "index6_frame_004",
            "index6_frame_012",
            "Screenshot (637)",
            "Screenshot (641)",
            "Screenshot (673)",
            "index102_frame_009",
            "Screenshot (632)"
        ],
        [
            "added18_frame_007",
            "index2_frame_019",
            "index66_frame_011",
            "index83_frame_003",
            "added18_frame_017",
            "index71_frame_009",
            "index59_frame_009",
            "index2_frame_012",
            "index71_frame_004",
            "index71_frame_007",
            "index59_frame_010",
            "added52_frame_176",
            "index59_frame_008",
            "added53_frame_175",
            "index59_frame_004"
        ],
        [
            "index57_frame_009",
            "index57_frame_015",
            "index57_frame_020",
            "index74_frame_004",
            "index74_frame_011",
            "index57_frame_012",
            "index74_frame_010",
            "index74_frame_006",
            "index57_frame_017",
            "index57_frame_010",
            "index74_frame_012",
            "index74_frame_019",
            "index74_frame_014",
            "index57_frame_005",
            "index74_frame_008"
        ],
        [
            "index32_frame_008",
            "index108_frame_005",
            "index108_frame_019",
            "index32_frame_011",
            "Screenshot (518)",
            "index32_frame_017",
            "index108_frame_012",
            "DataSetVari 56",
            "index32_frame_010",
            "index108_frame_006",
            "Screenshot (521)",
            "index28_frame_012",
            "Screenshot (517)",
            "DataSetVari 3",
            "DataSetVari 55"
        ],
        [
            "index62_frame_006",
            "index62_frame_028",
            "index62_frame_014",
            "index9_frame_016",
            "added89_frame_008",
            "Foto 27",
            "index33_frame_006",
            "index16_frame_003",
            "index33_frame_009",
            "DataSetVari 11",
            "index16_frame_011",
            "index16_frame_013",
            "index23_frame_010",
            "Foto 59",
            "Foto 163"
        ],
        [
            "index20_frame_014",
            "index20_frame_009",
            "index20_frame_004",
            "index20_frame_012",
            "index20_frame_022",
            "index20_frame_025",
            "index20_frame_017",
            "index20_frame_011",
            "index20_frame_016",
            "index20_frame_001",
            "index20_frame_007",
            "index14_frame_006",
            "added89_frame_024",
            "added70_frame_030",
            "added70_frame_004"
        ],
        [
            "Screenshot (16)",
            "Screenshot (14)",
            "Screenshot (24)",
            "Screenshot (25)",
            "Screenshot (23)",
            "Screenshot (8)",
            "Screenshot (11)",
            "Screenshot (20)",
            "Screenshot (22)",
            "Screenshot (6)",
            "Screenshot (17)",
            "Screenshot (7)",
            "Screenshot (15)",
            "Screenshot (21)",
            "Screenshot (9)"
        ],
        [
            "added28_frame_012",
            "added28_frame_008",
            "added28_frame_013",
            "added27_frame_019",
            "added27_frame_009",
            "added28_frame_020",
            "added28_frame_021",
            "added27_frame_012",
            "added27_frame_016",
            "added27_frame_023",
            "added28_frame_019",
            "added27_frame_027",
            "index69_frame_011",
            "added28_frame_023",
            "index69_frame_008"
        ],
        [
