{
    "k": 17,
    "inertia_score": -185271.859375,
    "silhouette_score": 0.12621501088142395,
    "cluster_counts": [
        39,
        105,
        75,
        35,
        81,
        193,
        71,
        72,
        30,
        30,
        26,
        110,
        51,
        18,
        55,
        58,
        79
    ],
    "centroids": [
        "index57_frame_013",
        "index25_frame_004",
        "index62_frame_018",
        "added90_frame_047",
        "added28_frame_008",
        "added18_frame_007",
        "index102_frame_017",
        "added37_frame_014",
        "added43_frame_022",
        "added20_frame_021",
        "index82_frame_016",
        "index88_frame_024",
        "added30_frame_029",
        "index31_frame_013",
        "added38_frame_019",
        "Screenshot (422)",
        "DataSetVari 28"
    ],
    "samples": [
        [
            "index57_frame_009",
            "index57_frame_015",
            "index57_frame_020",
            "index74_frame_004",
            "index74_frame_011",
            "index57_frame_012",
            "index74_frame_010",
            "index74_frame_006",
            "index57_frame_017",
            "index57_frame_010",
            "index74_frame_012",
            "index74_frame_019",
            "index74_frame_014",
            "index57_frame_005",
            "index74_frame_008",
            "index57_frame_002",
            "index57_frame_014",
            "index74_frame_017"
        ],
        [
            "index100_frame_009",
            "index100_frame_010",
            "index100_frame_005",
            "index32_frame_008",
            "index100_frame_001",
            "index26_frame_004",
            "index18_frame_008",
            "index95_frame_004",
            "index95_frame_005",
            "index33_frame_009",
            "index95_frame_018",
            "index32_frame_016",
            "index32_frame_003",
            "index32_frame_004",
            "index16_frame_016",
            "index32_frame_001",
            "index95_frame_011",
            "index9_frame_002"
        ],
        [
            "added35_frame_007",
            "index107_frame_007",
            "index107_frame_017",
            "added35_frame_005",
            "index62_frame_013",
            "index62_frame_022",
            "index62_frame_001",
            "added35_frame_022",
            "index107_frame_014",
            "index62_frame_023",
            "index62_frame_011",
            "added32_frame_082",
            "index99_frame_020",
            "index99_frame_023",
            "added115_frame_004",
            "added35_frame_012",
            "added32_frame_051",
            "DataSetVari 49"
        ],
        [
            "added90_frame_033",
            "added90_frame_040",
            "added90_frame_054",
            "added90_frame_060",
            "added90_frame_003",
            "added90_frame_051",
            "added90_frame_090",
            "added90_frame_025",
            "added90_frame_016",
            "added90_frame_005",
            "added90_frame_014",
            "added90_frame_009",
            "added90_frame_077",
            "added90_frame_056",
            "added90_frame_027",
            "added90_frame_001",
            "added90_frame_042",
            "added90_frame_026"
        ],
        [
            "index80_frame_004",
            "added28_frame_012",
            "index80_frame_006",
            "index2_frame_004",
            "added28_frame_020",
            "index80_frame_019",
            "index80_frame_005",
            "index80_frame_007",
            "added17_frame_016",
            "index2_frame_010",
            "index2_frame_012",
            "index80_frame_018",
            "index2_frame_013",
            "added28_frame_023",
            "index2_frame_018",
            "added17_frame_028",
            "added27_frame_021",
            "added17_frame_004"
        ],
        [
            "index2_frame_015",
            "index83_frame_003",
            "index83_frame_004",
            "index2_frame_009",
            "index8_frame_022",
            "added44_frame_014",
            "added45_frame_002",
            "index83_frame_011",
            "index113_frame_011",
            "index19_frame_025",
            "added44_frame_022",
            "index69_frame_005",
            "added44_frame_020",
            "index19_frame_026",
            "added44_frame_023",
            "index86_frame_067",
            "added54_frame_049",
            "added45_frame_028"
        ],
        [
            "index102_frame_016",
            "index102_frame_004",
            "added116_frame_003",
            "added116_frame_029",
            "index102_frame_005",
            "index102_frame_001",
            "index102_frame_010",
            "added116_frame_005",
            "index102_frame_011",
            "index102_frame_013",
            "index104_frame_011",
            "added116_frame_021",
            "index104_frame_010",
            "added116_frame_014",
            "index104_frame_006",
            "added116_frame_010",
            "added116_frame_027",
            "index108_frame_011"
        ],
        [
            "added37_frame_029",
            "added33_frame_014",
            "added37_frame_001",
            "added37_frame_023",
            "added29_frame_023",
            "added29_frame_026",
            "Screenshot (625)",
            "added33_frame_003",
            "index6_frame_003",
            "added29_frame_007",
            "DataSetVari 9",
            "Screenshot (677)",
            "Screenshot (665)",
            "Screenshot (641)",
            "index6_frame_012",
            "DataSetVari 23",
            "added37_frame_017",
            "index6_frame_017"
        ],
        [
            "added43_frame_015",
            "added43_frame_016",
            "added43_frame_010",
            "added43_frame_020",
            "added43_frame_014",
            "added43_frame_013",
            "added43_frame_012",
            "added43_frame_005",
            "added43_frame_011",
            "added43_frame_007",
            "added43_frame_030",
            "added43_frame_027",
            "added43_frame_021",
            "added43_frame_028",
            "added43_frame_009",
            "added43_frame_024",
            "added43_frame_004",
            "added43_frame_017"
        ],
        [
            "added20_frame_006",
            "added20_frame_002",
            "added20_frame_015",
            "added20_frame_020",
            "added20_frame_014",
            "added20_frame_004",
            "added20_frame_010",
            "added20_frame_024",
            "added20_frame_003",
            "added20_frame_007",
            "added20_frame_011",
            "added20_frame_005",
            "added20_frame_013",
            "added20_frame_025",
            "added20_frame_001",
            "added20_frame_017",
            "added20_frame_008",
            "added20_frame_027"
        ],
        [
            "index82_frame_023",
            "index82_frame_021",
            "index82_frame_018",
            "index82_frame_015",
            "index82_frame_011",
            "index82_frame_022",
            "index82_frame_026",
            "index82_frame_019",
            "index82_frame_027",
            "index82_frame_010",
            "index82_frame_009",
            "index82_frame_003",
            "index82_frame_024",
            "index82_frame_028",
            "index82_frame_025",
            "index82_frame_020",
            "index82_frame_017",
            "index82_frame_001"
        ],
        [
            "added95_frame_009",
            "index88_frame_010",
            "index88_frame_009",
            "index88_frame_014",
            "index88_frame_011",
            "index88_frame_025",
            "added115_frame_007",
            "index15_frame_011",
            "added115_frame_025",
            "index15_frame_028",
            "index15_frame_009",
