{
    "k": 20,
    "inertia_score": -178248.734375,
    "silhouette_score": 0.13653109967708588,
    "cluster_counts": [
        27,
        62,
        84,
        184,
        33,
        59,
        43,
        48,
        73,
        30,
        86,
        53,
        60,
        30,
        53,
        77,
        6,
        39,
        49,
        32
    ],
    "centroids": [
        "Screenshot (673)",
        "added29_frame_003",
        "added90_frame_003",
        "index2_frame_016",
        "Screenshot (422)",
        "index88_frame_024",
        "Screenshot (25)",
        "index102_frame_006",
        "added38_frame_019",
        "added20_frame_021",
        "added30_frame_001",
        "index20_frame_017",
        "added44_frame_013",
        "added43_frame_022",
        "added116_frame_012",
        "index19_frame_030",
        "added70_frame_002",
        "index57_frame_013",
        "index82_frame_021",
        "added115_frame_027"
    ],
    "samples": [
        [
            "Screenshot (639)",
            "Screenshot (640)",
            "Screenshot (675)",
            "index106_frame_002",
            "Screenshot (637)",
            "index106_frame_004",
            "Screenshot (621)",
            "index104_frame_018",
            "Screenshot (674)",
            "Screenshot (670)",
            "index106_frame_001",
            "index106_frame_005",
            "index106_frame_014",
            "index104_frame_004",
            "index106_frame_011"
        ],
        [
            "added33_frame_012",
            "added37_frame_030",
            "added33_frame_005",
            "added37_frame_029",
            "added33_frame_003",
            "added37_frame_007",
            "index15_frame_001",
            "index15_frame_029",
            "index15_frame_028",
            "added29_frame_017",
            "added37_frame_005",
            "DataSetVari 48",
            "added33_frame_021",
            "added33_frame_022",
            "added37_frame_004"
        ],
        [
            "added90_frame_033",
            "added90_frame_047",
            "Alto 40",
            "added90_frame_016",
            "added90_frame_026",
            "DataSetVari 41",
            "Alto 33",
            "Alto 39",
            "added90_frame_012",
            "added90_frame_068",
            "DataSetVari 77",
            "added90_frame_070",
            "Alto 50",
            "index81_frame_019",
            "index99_frame_010"
        ],
        [
            "index2_frame_015",
            "index2_frame_013",
            "index2_frame_020",
            "added27_frame_019",
            "added28_frame_019",
            "index83_frame_008",
            "added27_frame_022",
            "added18_frame_017",
            "index71_frame_004",
            "index71_frame_012",
            "index69_frame_003",
            "index113_frame_019",
            "index113_frame_004",
            "index59_frame_008",
            "added53_frame_027"
        ],
        [
            "Screenshot (428)",
            "Screenshot (419)",
            "Screenshot (492)",
            "Screenshot (480)",
            "Screenshot (414)",
            "DataSetVari 21",
            "Screenshot (417)",
            "Screenshot (420)",
            "Screenshot (439)",
            "Screenshot (455)",
            "Screenshot (438)",
            "Screenshot (444)",
            "Screenshot (413)",
            "Screenshot (463)",
            "Screenshot (482)"
        ],
        [
            "index88_frame_017",
            "added95_frame_009",
            "index88_frame_018",
            "index88_frame_027",
            "index88_frame_013",
            "added95_frame_019",
            "index88_frame_014",
            "index88_frame_028",
            "index88_frame_023",
            "added95_frame_013",
            "added95_frame_016",
            "added95_frame_014",
            "index88_frame_019",
            "added95_frame_018",
            "added95_frame_022"
        ],
        [
            "Screenshot (8)",
            "Screenshot (16)",
            "Screenshot (2)",
            "Screenshot (13)",
            "Screenshot (23)",
            "index100_frame_013",
            "Screenshot (20)",
            "Screenshot (6)",
            "Screenshot (22)",
            "Screenshot (7)",
            "index100_frame_002",
            "index100_frame_004",
            "Screenshot (18)",
            "index100_frame_017",
            "index100_frame_006"
        ],
        [
            "index102_frame_003",
            "index102_frame_001",
            "index102_frame_008",
            "index102_frame_017",
            "index104_frame_019",
            "index6_frame_006",
            "index6_frame_003",
            "index104_frame_020",
            "index104_frame_003",
            "index104_frame_006",
            "index6_frame_002",
            "index104_frame_016",
            "index6_frame_009",
            "Screenshot (636)",
            "Screenshot (665)"
        ],
        [
            "added38_frame_022",
            "added39_frame_012",
            "added38_frame_025",
            "added39_frame_007",
            "added38_frame_007",
            "added38_frame_027",
            "added38_frame_011",
            "added38_frame_009",
            "index31_frame_009",
            "added38_frame_017",
            "added38_frame_001",
            "added36_frame_026",
            "added38_frame_023",
            "added36_frame_022",
            "added36_frame_013"
        ],
        [
            "added20_frame_006",
            "added20_frame_015",
            "added20_frame_014",
            "added20_frame_010",
            "added20_frame_003",
            "added20_frame_011",
            "added20_frame_013",
            "added20_frame_001",
            "added20_frame_008",
            "added20_frame_012",
            "added20_frame_022",
            "added20_frame_023",
            "added20_frame_029",
            "added20_frame_019",
            "added20_frame_030"
        ],
        [
            "added34_frame_014",
            "added35_frame_007",
            "added30_frame_005",
            "added35_frame_014",
            "added30_frame_027",
            "added32_frame_083",
            "added34_frame_013",
            "added32_frame_075",
            "added74_frame_018",
            "added35_frame_003",
            "added32_frame_051",
            "added35_frame_012",
            "added34_frame_012",
            "added74_frame_017",
            "added74_frame_015"
        ],
        [
            "index95_frame_020",
            "index20_frame_014",
            "index95_frame_008",
            "index95_frame_001",
            "index95_frame_009",
            "index33_frame_010",
            "index33_frame_001",
            "index9_frame_016",
            "index33_frame_011",
            "index20_frame_013",
            "index20_frame_021",
            "index9_frame_012",
            "index20_frame_024",
            "index9_frame_003",
            "index20_frame_006"
        ],
        [
            "added44_frame_014",
            "added44_frame_028",
            "added18_frame_003",
            "added44_frame_026",
            "index8_frame_027",
            "added44_frame_021",
            "added18_frame_005",
            "added18_frame_012",
            "added44_frame_022",
            "index8_frame_001",
            "added18_frame_010",
            "added18_frame_025",
            "DataSetVari 56",
            "DataSetVari 54",
            "DataSetVari 55"
        ],
        [
            "added43_frame_015",
            "added43_frame_010",
            "added43_frame_014",
            "added43_frame_012",
            "added43_frame_011",
            "added43_frame_030",
            "added43_frame_021",
            "added43_frame_009",
            "added43_frame_004",
            "added43_frame_003",
            "added43_frame_026",
            "added43_frame_001",
