{
    "k": 18,
    "inertia_score": -163330.90625,
    "silhouette_score": 0.14479607343673706,
    "cluster_counts": [
        56,
        69,
        183,
        72,
        60,
        20,
        24,
        63,
        39,
        72,
        30,
        30,
        95,
        20,
        66,
        19,
        30,
        51
    ],
    "centroids": [
        "Foto 77",
        "index72_frame_013",
        "index2_frame_016",
        "Screenshot (422)",
        "index88_frame_007",
        "Screenshot (2)",
        "added16_frame_027",
        "Alto 9",
        "index57_frame_013",
        "index102_frame_006",
        "added43_frame_022",
        "added90_frame_047",
        "index28_frame_007",
        "index70_frame_008",
        "added33_frame_020",
        "index18_frame_010",
        "added20_frame_021",
        "index62_frame_027"
    ],
    "samples": [
        [
            "Foto 84",
            "Foto 206",
            "added52_frame_176",
            "Foto 92",
            "added53_frame_175",
            "Foto 129",
            "added53_frame_136",
            "Foto 31",
            "Foto 30",
            "Foto 29",
            "Foto 11",
            "Foto 113",
            "Foto 44",
            "Foto 196",
            "added46_frame_013",
            "Foto 89",
            "Foto 166"
        ],
        [
            "added98_frame_024",
            "index72_frame_025",
            "added98_frame_014",
            "index72_frame_020",
            "added98_frame_028",
            "index72_frame_005",
            "added98_frame_030",
            "added98_frame_019",
            "added98_frame_003",
            "index72_frame_009",
            "index95_frame_001",
            "index95_frame_003",
            "index95_frame_008",
            "index95_frame_009",
            "index107_frame_014",
            "index107_frame_020",
            "index107_frame_003"
        ],
        [
            "index2_frame_015",
            "added28_frame_018",
            "index2_frame_020",
            "index69_frame_008",
            "index80_frame_006",
            "index59_frame_002",
            "index83_frame_009",
            "index71_frame_001",
            "index80_frame_007",
            "index83_frame_010",
            "Screenshot (355)",
            "index69_frame_002",
            "index59_frame_001",
            "added27_frame_029",
            "added54_frame_051",
            "index86_frame_062",
            "index86_frame_034"
        ],
        [
            "Screenshot (428)",
            "Screenshot (492)",
            "Screenshot (466)",
            "index104_frame_002",
            "Screenshot (447)",
            "Screenshot (438)",
            "index104_frame_019",
            "Screenshot (442)",
            "Screenshot (455)",
            "Screenshot (445)",
            "DataSetVari 22",
            "Screenshot (444)",
            "index106_frame_001",
            "Screenshot (674)",
            "DataSetVari 25",
            "Screenshot (644)",
            "index106_frame_003"
        ],
        [
            "index88_frame_020",
            "index88_frame_002",
            "index88_frame_003",
            "index88_frame_012",
            "index14_frame_007",
            "index14_frame_017",
            "DataSetVari 17",
            "index9_frame_012",
            "index9_frame_003",
            "added89_frame_008",
            "index9_frame_019",
            "index23_frame_015",
            "DataSetVari 49",
            "index14_frame_018",
            "index23_frame_010",
            "added70_frame_030",
            "added70_frame_002"
        ],
        [
            "Screenshot (14)",
            "Screenshot (11)",
            "Screenshot (16)",
            "Screenshot (25)",
            "Screenshot (8)",
            "Screenshot (24)",
            "Screenshot (7)",
            "Screenshot (20)",
            "Screenshot (17)",
            "Screenshot (21)",
            "Screenshot (23)",
            "Screenshot (22)",
            "Screenshot (18)",
            "Screenshot (6)",
            "Screenshot (13)",
            "Screenshot (15)",
            "Screenshot (12)"
        ],
        [
            "added16_frame_021",
            "added16_frame_029",
            "added16_frame_010",
            "added16_frame_011",
            "added16_frame_017",
            "added16_frame_015",
            "added16_frame_006",
            "added16_frame_002",
            "added16_frame_028",
            "added16_frame_024",
            "added16_frame_026",
            "added16_frame_016",
            "added16_frame_022",
            "added16_frame_001",
            "added16_frame_012",
            "added16_frame_025",
            "added16_frame_013"
        ],
        [
            "Alto 33",
            "Alto 35",
            "DataSetVari 34",
            "Alto 40",
            "Alto 43",
            "DataSetVari 33",
            "Alto 10",
            "Alto 51",
            "DataSetVari 1",
            "Alto 46",
            "DataSetVari 29",
            "Alto 7",
            "Alto 48",
            "index81_frame_009",
            "index81_frame_013",
            "Alto 5",
            "DataSetVari 77"
        ],
        [
            "index57_frame_009",
            "index57_frame_015",
            "index57_frame_020",
            "index74_frame_004",
            "index74_frame_011",
            "index57_frame_012",
            "index74_frame_010",
            "index74_frame_006",
            "index57_frame_017",
            "index57_frame_010",
            "index74_frame_012",
            "index74_frame_019",
            "index74_frame_014",
            "index57_frame_005",
            "index74_frame_008",
            "index57_frame_002",
            "index57_frame_014"
        ],
        [
            "index102_frame_017",
            "index102_frame_016",
            "index102_frame_001",
            "index108_frame_009",
            "index108_frame_016",
            "index108_frame_004",
            "index6_frame_003",
            "index108_frame_008",
            "index6_frame_012",
            "index108_frame_012",
            "index6_frame_004",
            "index6_frame_010",
            "Screenshot (677)",
            "index32_frame_019",
            "Screenshot (632)",
            "index32_frame_020",
            "index32_frame_016"
        ],
        [
            "added43_frame_015",
            "added43_frame_016",
            "added43_frame_010",
            "added43_frame_020",
            "added43_frame_014",
            "added43_frame_013",
            "added43_frame_012",
            "added43_frame_005",
            "added43_frame_011",
            "added43_frame_007",
            "added43_frame_030",
            "added43_frame_027",
            "added43_frame_021",
            "added43_frame_028",
            "added43_frame_009",
            "added43_frame_024",
            "added43_frame_004"
        ],
        [
            "added90_frame_033",
            "added90_frame_051",
            "added90_frame_054",
            "added90_frame_025",
            "added90_frame_060",
            "added90_frame_009",
            "added90_frame_005",
            "added90_frame_003",
            "added90_frame_040",
            "added90_frame_014",
            "added90_frame_090",
            "added90_frame_016",
            "added90_frame_056",
            "added90_frame_077",
            "added90_frame_027",
            "added90_frame_001",
            "added90_frame_082"
        ],
        [
            "index28_frame_001",
            "index65_frame_028",
            "index28_frame_010",
            "index65_frame_011",
            "index65_frame_002",
            "index41_frame_017",
            "index28_frame_003",
            "index65_frame_001",
            "index100_frame_013",
            "index41_frame_001",
            "index66_frame_013",
            "index25_frame_005",
            "index25_frame_004",
