{
    "k": 13,
    "inertia_score": -180426.796875,
    "silhouette_score": 0.12265884131193161,
    "cluster_counts": [
        94,
        169,
        30,
        109,
        84,
        59,
        55,
        46,
        138,
        70,
        39,
        49,
        64
    ],
    "centroids": [
        "index72_frame_001",
        "index2_frame_016",
        "added43_frame_022",
        "index65_frame_015",
        "index62_frame_013",
        "Alto 9",
        "added90_frame_025",
        "added16_frame_011",
        "index102_frame_006",
        "Screenshot (422)",
        "index57_frame_013",
        "index20_frame_014",
        "added20_frame_015"
    ],
    "samples": [
        [
            "index72_frame_013",
            "index72_frame_029",
            "index72_frame_022",
            "added98_frame_009",
            "index72_frame_015",
            "added98_frame_023",
            "added98_frame_012",
            "added98_frame_001",
            "added98_frame_021",
            "index95_frame_004",
            "added98_frame_019",
            "added98_frame_030",
            "index88_frame_023",
            "index88_frame_008",
            "index88_frame_028",
            "index95_frame_011",
            "added102_frame_025",
            "index14_frame_017",
            "index9_frame_011",
            "index33_frame_004",
            "added102_frame_027"
        ],
        [
            "index2_frame_015",
            "index2_frame_010",
            "added28_frame_021",
            "index2_frame_006",
            "index2_frame_012",
            "index69_frame_011",
            "added18_frame_013",
            "index66_frame_008",
            "added28_frame_023",
            "index66_frame_005",
            "index83_frame_008",
            "index80_frame_005",
            "added27_frame_002",
            "Screenshot (374)",
            "index71_frame_003",
            "index59_frame_006",
            "index69_frame_002",
            "index71_frame_007",
            "added53_frame_021",
            "Screenshot (624)",
            "added53_frame_059"
        ],
        [
            "added43_frame_015",
            "added43_frame_016",
            "added43_frame_010",
            "added43_frame_020",
            "added43_frame_014",
            "added43_frame_013",
            "added43_frame_012",
            "added43_frame_005",
            "added43_frame_011",
            "added43_frame_007",
            "added43_frame_030",
            "added43_frame_027",
            "added43_frame_021",
            "added43_frame_028",
            "added43_frame_009",
            "added43_frame_024",
            "added43_frame_004",
            "added43_frame_017",
            "added43_frame_003",
            "added43_frame_006",
            "added43_frame_026"
        ],
        [
            "index65_frame_006",
            "index65_frame_028",
            "index65_frame_026",
            "index65_frame_001",
            "index65_frame_014",
            "index28_frame_005",
            "index41_frame_002",
            "index100_frame_004",
            "index100_frame_005",
            "index66_frame_009",
            "index100_frame_017",
            "index25_frame_003",
            "index25_frame_006",
            "index65_frame_021",
            "DataSetVari 58",
            "index18_frame_004",
            "index26_frame_015",
            "index108_frame_002",
            "index18_frame_014",
            "index28_frame_012",
            "index16_frame_004"
        ],
        [
            "index62_frame_001",
            "index62_frame_028",
            "index62_frame_003",
            "index62_frame_012",
            "index62_frame_023",
            "index62_frame_016",
            "Foto 84",
            "index107_frame_018",
            "index107_frame_009",
            "index23_frame_002",
            "index107_frame_017",
            "Foto 53",
            "Foto 44",
            "Foto 22",
            "Foto 204",
            "index23_frame_022",
            "Foto 56",
            "Foto 34",
            "Foto 31",
            "Foto 110",
            "Foto 200"
        ],
        [
            "Alto 33",
            "Alto 35",
            "Alto 39",
            "Alto 40",
            "Alto 44",
            "Alto 36",
            "DataSetVari 34",
            "DataSetVari 41",
            "DataSetVari 33",
            "Alto 42",
            "DataSetVari 36",
            "Alto 4",
            "DataSetVari 1",
            "Alto 47",
            "Alto 46",
            "DataSetVari 12",
            "Alto 7",
            "DataSetVari 31",
            "Alto 48",
            "Alto 6",
            "index81_frame_019"
        ],
        [
            "added90_frame_027",
            "added90_frame_009",
            "Screenshot (15)",
            "added90_frame_047",
            "added90_frame_001",
            "added90_frame_060",
            "Screenshot (22)",
            "added90_frame_077",
            "added90_frame_056",
            "added90_frame_040",
            "Screenshot (14)",
            "added90_frame_042",
            "added90_frame_068",
            "added90_frame_082",
            "Screenshot (11)",
            "added90_frame_065",
            "Screenshot (18)",
            "added90_frame_070",
            "added90_frame_088",
            "added90_frame_012",
            "added90_frame_029"
        ],
        [
            "added16_frame_027",
            "added16_frame_006",
            "added16_frame_010",
            "added16_frame_026",
            "added16_frame_002",
            "added16_frame_029",
            "added16_frame_013",
            "added16_frame_014",
            "added16_frame_001",
            "added16_frame_025",
            "added16_frame_019",
            "added16_frame_030",
            "index70_frame_008",
            "index70_frame_001",
            "index70_frame_016",
            "index70_frame_026",
            "index70_frame_010",
            "index70_frame_022",
            "index70_frame_015",
            "index70_frame_023",
            "index70_frame_025"
        ],
        [
            "index102_frame_005",
            "index102_frame_002",
            "index102_frame_013",
            "added33_frame_005",
            "DataSetVari 46",
            "DataSetVari 48",
            "added33_frame_011",
            "added34_frame_017",
            "added29_frame_019",
            "index6_frame_002",
            "Screenshot (677)",
            "added34_frame_024",
            "index6_frame_012",
            "index6_frame_020",
            "added32_frame_080",
            "index6_frame_009",
            "index32_frame_001",
            "Screenshot (533)",
            "index32_frame_011",
            "added34_frame_011",
            "index32_frame_010"
        ],
        [
            "Screenshot (428)",
            "Screenshot (453)",
            "Screenshot (469)",
            "Screenshot (439)",
            "index104_frame_002",
            "Screenshot (447)",
            "index106_frame_002",
            "Screenshot (440)",
            "Screenshot (413)",
            "Screenshot (442)",
            "index106_frame_004",
            "Screenshot (461)",
            "index104_frame_020",
            "DataSetVari 22",
            "Screenshot (670)",
            "index106_frame_007",
            "index106_frame_001",
            "index104_frame_016",
            "DataSetVari 5",
            "Screenshot (482)",
            "Screenshot (644)"
        ],
        [
            "index57_frame_009",
            "index57_frame_007",
            "index57_frame_015",
            "index57_frame_006",
            "index57_frame_020",
            "index57_frame_018",
            "index74_frame_004",
            "index57_frame_004",
            "index74_frame_011",
            "index57_frame_016",
            "index57_frame_012",
            "index74_frame_007",
            "index74_frame_010",
