{
    "k": 8,
    "inertia_score": -200370.28125,
    "silhouette_score": 0.09937284886837006,
    "cluster_counts": [
        199,
        211,
        282,
        30,
        74,
        55,
        108,
        39
    ],
    "centroids": [
        "index2_frame_016",
        "index102_frame_006",
        "index65_frame_015",
        "added20_frame_021",
        "Screenshot (422)",
        "added90_frame_025",
        "added16_frame_017",
        "index57_frame_013"
    ],
    "samples": [
        [
            "index2_frame_015",
            "added28_frame_015",
            "index2_frame_019",
            "index69_frame_009",
            "added27_frame_017",
            "added27_frame_007",
            "added18_frame_012",
            "added27_frame_012",
            "index80_frame_015",
            "added43_frame_009",
            "index71_frame_001",
            "added27_frame_011",
            "index69_frame_010",
            "added43_frame_013",
            "added43_frame_030",
            "Screenshot (361)",
            "added43_frame_012",
            "added43_frame_008",
            "index113_frame_003",
            "index86_frame_043",
            "Screenshot (365)",
            "added43_frame_024",
            "added17_frame_006",
            "added54_frame_051",
            "Screenshot (347)"
        ],
        [
            "added32_frame_083",
            "index104_frame_010",
            "added33_frame_009",
            "index102_frame_011",
            "index102_frame_012",
            "index102_frame_001",
            "Screenshot (677)",
            "index108_frame_006",
            "added33_frame_022",
            "index62_frame_021",
            "index108_frame_007",
            "index62_frame_001",
            "Screenshot (636)",
            "added34_frame_018",
            "added34_frame_024",
            "added29_frame_008",
            "index62_frame_029",
            "Screenshot (641)",
            "added89_frame_001",
            "added74_frame_026",
            "index32_frame_009",
            "index9_frame_009",
            "added74_frame_009",
            "added74_frame_022",
            "index23_frame_009"
        ],
        [
            "index65_frame_006",
            "index66_frame_013",
            "index65_frame_011",
            "index72_frame_025",
            "index72_frame_005",
            "index72_frame_017",
            "index41_frame_017",
            "index9_frame_015",
            "index72_frame_002",
            "added98_frame_005",
            "index25_frame_002",
            "index26_frame_018",
            "index18_frame_010",
            "index95_frame_004",
            "added98_frame_030",
            "added98_frame_016",
            "index95_frame_005",
            "Foto 206",
            "DataSetVari 65",
            "index107_frame_014",
            "index20_frame_018",
            "index33_frame_002",
            "Foto 196",
            "index16_frame_006",
            "Foto 163"
        ],
        [
            "added20_frame_006",
            "added20_frame_002",
            "added20_frame_015",
            "added20_frame_020",
            "added20_frame_014",
            "added20_frame_004",
            "added20_frame_010",
            "added20_frame_024",
            "added20_frame_003",
            "added20_frame_007",
            "added20_frame_011",
            "added20_frame_005",
            "added20_frame_013",
            "added20_frame_025",
            "added20_frame_001",
            "added20_frame_017",
            "added20_frame_008",
            "added20_frame_027",
            "added20_frame_012",
            "added20_frame_026",
            "added20_frame_022",
            "added20_frame_009",
            "added20_frame_023",
            "added20_frame_018",
            "added20_frame_029"
        ],
        [
            "Screenshot (428)",
            "Screenshot (492)",
            "Screenshot (476)",
            "DataSetVari 21",
            "Screenshot (419)",
            "Screenshot (469)",
            "Screenshot (453)",
            "Screenshot (417)",
            "Screenshot (413)",
            "Screenshot (410)",
            "Screenshot (447)",
            "Screenshot (438)",
            "Screenshot (442)",
            "Screenshot (444)",
            "index106_frame_004",
            "index106_frame_001",
            "DataSetVari 22",
            "index20_frame_005",
            "Screenshot (639)",
            "index20_frame_006",
            "index104_frame_004",
            "DataSetVari 25",
            "Screenshot (675)",
            "Screenshot (482)",
            "Screenshot (463)"
        ],
        [
            "added90_frame_027",
            "added90_frame_009",
            "Screenshot (15)",
            "added90_frame_047",
            "added90_frame_001",
            "added90_frame_060",
            "Screenshot (22)",
            "added90_frame_077",
            "added90_frame_056",
            "added90_frame_040",
            "Screenshot (14)",
            "added90_frame_042",
            "added90_frame_068",
            "added90_frame_082",
            "Screenshot (11)",
            "added90_frame_065",
            "Screenshot (18)",
            "added90_frame_070",
            "added90_frame_088",
            "added90_frame_012",
            "added90_frame_029",
            "Screenshot (21)",
            "added90_frame_058",
            "Screenshot (13)",
            "DataSetVari 44"
        ],
        [
            "Alto 35",
            "Alto 34",
            "Alto 36",
            "added16_frame_005",
            "Alto 41",
            "added16_frame_002",
            "added16_frame_013",
            "added16_frame_019",
            "Alto 42",
            "Alto 37",
            "added16_frame_024",
            "DataSetVari 33",
            "index70_frame_005",
            "index70_frame_025",
            "DataSetVari 41",
            "DataSetVari 36",
            "index81_frame_017",
            "Alto 52",
            "Foto 166",
            "index81_frame_019",
            "DataSetVari 12",
            "Alto 53",
            "index81_frame_013",
            "Foto 207",
            "Alto 45"
        ],
        [
            "index57_frame_009",
            "index57_frame_007",
            "index57_frame_015",
            "index57_frame_006",
            "index57_frame_020",
            "index57_frame_018",
            "index74_frame_004",
            "index57_frame_004",
            "index74_frame_011",
            "index57_frame_016",
            "index57_frame_012",
            "index74_frame_007",
            "index74_frame_010",
            "index74_frame_018",
            "index74_frame_006",
            "index74_frame_016",
            "index57_frame_017",
            "index57_frame_011",
            "index57_frame_010",
            "index57_frame_003",
            "index74_frame_012",
            "index74_frame_003",
            "index74_frame_019",
            "index74_frame_013",
            "index74_frame_014"
        ]
    ]
}