{
    "k": 7,
    "inertia_score": -205777.015625,
    "silhouette_score": 0.08093930035829544,
    "cluster_counts": [
        189,
        183,
        55,
        107,
        157,
        188,
        119
    ],
    "centroids": [
        "index2_frame_016",
        "index104_frame_011",
        "added90_frame_025",
        "added16_frame_017",
        "index88_frame_029",
        "index65_frame_015",
        "index57_frame_006"
    ],
    "samples": [
        [
            "index2_frame_015",
            "added28_frame_013",
            "added28_frame_018",
            "index2_frame_020",
            "index69_frame_011",
            "index2_frame_018",
            "index80_frame_001",
            "added27_frame_009",
            "index59_frame_003",
            "index71_frame_001",
            "added18_frame_001",
            "added27_frame_016",
            "index71_frame_014",
            "index80_frame_018",
            "index71_frame_004",
            "index71_frame_012",
            "Screenshot (371)",
            "index113_frame_013",
            "added27_frame_029",
            "index86_frame_043",
            "added17_frame_006",
            "index86_frame_026",
            "index71_frame_005",
            "Foto 20",
            "added52_frame_176",
            "index113_frame_009"
        ],
        [
            "index104_frame_015",
            "index102_frame_005",
            "index102_frame_011",
            "index104_frame_004",
            "Screenshot (442)",
            "added33_frame_030",
            "index104_frame_016",
            "DataSetVari 21",
            "index108_frame_004",
            "added29_frame_023",
            "index106_frame_014",
            "DataSetVari 22",
            "added33_frame_009",
            "added29_frame_026",
            "added33_frame_011",
            "added29_frame_015",
            "index32_frame_003",
            "index108_frame_011",
            "Screenshot (675)",
            "index32_frame_017",
            "added32_frame_075",
            "added29_frame_008",
            "Screenshot (417)",
            "index32_frame_002",
            "index104_frame_005",
            "added34_frame_009"
        ],
        [
            "added90_frame_027",
            "added90_frame_009",
            "Screenshot (15)",
            "added90_frame_047",
            "added90_frame_001",
            "added90_frame_060",
            "Screenshot (22)",
            "added90_frame_077",
            "added90_frame_056",
            "added90_frame_040",
            "Screenshot (14)",
            "added90_frame_042",
            "added90_frame_068",
            "added90_frame_082",
            "Screenshot (11)",
            "added90_frame_065",
            "Screenshot (18)",
            "added90_frame_070",
            "added90_frame_088",
            "added90_frame_012",
            "added90_frame_029",
            "Screenshot (21)",
            "added90_frame_058",
            "Screenshot (13)",
            "DataSetVari 44",
            "DataSetVari 35"
        ],
        [
            "Alto 35",
            "Alto 34",
            "Alto 33",
            "added16_frame_006",
            "added16_frame_008",
            "added16_frame_002",
            "index70_frame_024",
            "added16_frame_026",
            "added16_frame_001",
            "added16_frame_012",
            "added16_frame_024",
            "DataSetVari 33",
            "index70_frame_005",
            "Alto 10",
            "Alto 51",
            "DataSetVari 36",
            "index81_frame_017",
            "Alto 52",
            "index70_frame_015",
            "index81_frame_019",
            "DataSetVari 12",
            "index70_frame_011",
            "index81_frame_013",
            "Alto 5",
            "Alto 45",
            "Foto 110"
        ],
        [
            "index62_frame_018",
            "index62_frame_028",
            "index62_frame_024",
            "index88_frame_006",
            "index62_frame_022",
            "index62_frame_010",
            "Foto 92",
            "DataSetVari 17",
            "added89_frame_001",
            "index9_frame_019",
            "index30_frame_005",
            "index20_frame_005",
            "Foto 100",
            "Foto 11",
            "Foto 165",
            "index33_frame_016",
            "index14_frame_018",
            "added89_frame_024",
            "index23_frame_009",
            "index14_frame_001",
            "Foto 23",
            "Foto 25",
            "Foto 31",
            "Foto 78",
            "Foto 123",
            "Foto 111"
        ],
        [
            "index28_frame_007",
            "index28_frame_001",
            "index72_frame_001",
            "index28_frame_011",
            "index65_frame_026",
            "index28_frame_003",
            "index66_frame_011",
            "index41_frame_020",
            "index41_frame_013",
            "index72_frame_005",
            "index72_frame_012",
            "index100_frame_020",
            "index100_frame_015",
            "index100_frame_001",
            "index95_frame_002",
            "added98_frame_017",
            "added98_frame_026",
            "index28_frame_014",
            "index107_frame_007",
            "index108_frame_005",
            "index18_frame_002",
            "index95_frame_018",
            "index95_frame_014",
            "index107_frame_016",
            "index107_frame_018",
            "index107_frame_003"
        ],
        [
            "added43_frame_030",
            "added43_frame_023",
            "added43_frame_012",
            "index57_frame_018",
            "added43_frame_015",
            "added43_frame_016",
            "added43_frame_009",
            "added43_frame_029",
            "index57_frame_009",
            "added43_frame_005",
            "index74_frame_013",
            "index57_frame_005",
            "index74_frame_001",
            "index57_frame_011",
            "added20_frame_012",
            "index74_frame_012",
            "index74_frame_017",
            "index86_frame_078",
            "added20_frame_022",
            "added20_frame_021",
            "added74_frame_018",
            "added74_frame_020",
            "added20_frame_018",
            "added74_frame_013",
            "added74_frame_021",
            "added20_frame_024"
        ]
    ]
}