{
    "k": 15,
    "inertia_score": -173460.953125,
    "silhouette_score": 0.13049839437007904,
    "cluster_counts": [
        54,
        73,
        77,
        66,
        59,
        30,
        16,
        123,
        139,
        108,
        39,
        46,
        61,
        30,
        85
    ],
    "centroids": [
        "added90_frame_025",
        "index72_frame_001",
        "index66_frame_016",
        "Screenshot (422)",
        "Alto 9",
        "added43_frame_022",
        "index32_frame_018",
        "index65_frame_015",
        "index2_frame_016",
        "index62_frame_001",
        "index57_frame_013",
        "added16_frame_011",
        "added34_frame_005",
        "added20_frame_021",
        "index104_frame_015"
    ],
    "samples": [
        [
            "added90_frame_027",
            "added90_frame_009",
            "added90_frame_051",
            "added90_frame_047",
            "Screenshot (24)",
            "added90_frame_060",
            "added90_frame_016",
            "added90_frame_077",
            "added90_frame_063",
            "added90_frame_056",
            "added90_frame_054",
            "added90_frame_090",
            "added90_frame_068",
            "Screenshot (2)",
            "Screenshot (11)",
            "added90_frame_065",
            "Screenshot (8)",
            "Screenshot (6)",
            "added90_frame_012"
        ],
        [
            "index72_frame_013",
            "added98_frame_007",
            "index72_frame_007",
            "added98_frame_009",
            "added98_frame_024",
            "added98_frame_017",
            "index72_frame_019",
            "added98_frame_014",
            "index72_frame_027",
            "added98_frame_021",
            "added98_frame_026",
            "added98_frame_010",
            "added98_frame_003",
            "index88_frame_029",
            "index88_frame_014",
            "index95_frame_020",
            "index95_frame_018",
            "index88_frame_002",
            "index88_frame_008"
        ],
        [
            "index66_frame_013",
            "index66_frame_011",
            "index71_frame_001",
            "added18_frame_012",
            "index66_frame_005",
            "index66_frame_009",
            "index66_frame_002",
            "index59_frame_001",
            "added18_frame_023",
            "added18_frame_025",
            "index107_frame_006",
            "index107_frame_002",
            "index71_frame_017",
            "index71_frame_005",
            "index107_frame_009",
            "index107_frame_020",
            "index107_frame_017",
            "added53_frame_175",
            "Foto 20"
        ],
        [
            "Screenshot (428)",
            "Screenshot (433)",
            "Screenshot (414)",
            "Screenshot (408)",
            "Screenshot (417)",
            "Screenshot (410)",
            "Screenshot (461)",
            "Screenshot (447)",
            "Screenshot (438)",
            "index20_frame_006",
            "index20_frame_013",
            "DataSetVari 22",
            "index106_frame_001",
            "index20_frame_001",
            "index20_frame_009",
            "DataSetVari 5",
            "DataSetVari 20",
            "index20_frame_008",
            "index106_frame_018"
        ],
        [
            "Alto 33",
            "Alto 11",
            "Alto 40",
            "Alto 41",
            "DataSetVari 34",
            "Alto 38",
            "Alto 42",
            "Alto 51",
            "DataSetVari 1",
            "added99_frame_010",
            "DataSetVari 12",
            "DataSetVari 29",
            "Alto 48",
            "Alto 50",
            "index81_frame_018",
            "Alto 5",
            "index81_frame_003",
            "Alto 45",
            "DataSetVari 78"
        ],
        [
            "added43_frame_015",
            "added43_frame_016",
            "added43_frame_010",
            "added43_frame_020",
            "added43_frame_014",
            "added43_frame_013",
            "added43_frame_012",
            "added43_frame_005",
            "added43_frame_011",
            "added43_frame_007",
            "added43_frame_030",
            "added43_frame_027",
            "added43_frame_021",
            "added43_frame_028",
            "added43_frame_009",
            "added43_frame_024",
            "added43_frame_004",
            "added43_frame_017",
            "added43_frame_003"
        ],
        [
            "index32_frame_017",
            "index32_frame_008",
            "index32_frame_010",
            "index32_frame_007",
            "index32_frame_009",
            "index32_frame_004",
            "index32_frame_011",
            "index32_frame_001",
            "index32_frame_003",
            "index32_frame_006",
            "index32_frame_016",
            "index32_frame_002",
            "index32_frame_019",
            "index32_frame_005",
            "index32_frame_020"
        ],
        [
            "index65_frame_006",
            "index65_frame_008",
            "index28_frame_001",
            "index65_frame_004",
            "index28_frame_010",
            "index41_frame_016",
            "index41_frame_008",
            "index28_frame_002",
            "index25_frame_005",
            "index26_frame_004",
            "index18_frame_015",
            "DataSetVari 58",
            "index18_frame_018",
            "Screenshot (521)",
            "index28_frame_018",
            "DataSetVari 62",
            "index28_frame_012",
            "index33_frame_003",
            "index16_frame_004"
        ],
        [
            "index2_frame_015",
            "added28_frame_013",
            "added28_frame_015",
            "index69_frame_011",
            "index80_frame_001",
            "index2_frame_018",
            "index80_frame_013",
            "index80_frame_003",
            "added27_frame_016",
            "added27_frame_012",
            "index83_frame_008",
            "Screenshot (357)",
            "Screenshot (371)",
            "index86_frame_082",
            "index86_frame_067",
            "index86_frame_078",
            "index113_frame_001",
            "index113_frame_004",
            "index113_frame_005"
        ],
        [
            "index62_frame_006",
            "index62_frame_021",
            "index62_frame_011",
            "index62_frame_023",
            "added89_frame_008",
            "index9_frame_002",
            "index9_frame_010",
            "Foto 100",
            "index30_frame_005",
            "index23_frame_022",
            "Foto 30",
            "DataSetVari 49",
            "Foto 66",
            "index23_frame_009",
            "Foto 12",
            "Foto 113",
            "index14_frame_019",
            "Foto 89",
            "added70_frame_004"
        ],
        [
            "index57_frame_009",
            "index57_frame_015",
            "index57_frame_020",
            "index74_frame_004",
            "index74_frame_011",
            "index57_frame_012",
            "index74_frame_010",
            "index74_frame_006",
            "index57_frame_017",
            "index57_frame_010",
            "index74_frame_012",
            "index74_frame_019",
            "index74_frame_014",
            "index57_frame_005",
            "index74_frame_008",
            "index57_frame_002",
            "index57_frame_014",
            "index74_frame_017",
            "index74_frame_009"
        ],
        [
            "added16_frame_027",
            "added16_frame_006",
            "added16_frame_010",
            "added16_frame_026",
            "added16_frame_002",
            "added16_frame_029",
            "added16_frame_013",
            "added16_frame_014",
            "added16_frame_001",
            "added16_frame_025",
            "added16_frame_019",
            "added16_frame_030",
            "index70_frame_008",
            "index70_frame_001",
