{
    "k": 15,
    "inertia_score": -171287.09375,
    "silhouette_score": 0.12896472215652466,
    "cluster_counts": [
        51,
        109,
        55,
        118,
        102,
        30,
        59,
        39,
        30,
        75,
        92,
        55,
        37,
        100,
        46
    ],
    "centroids": [
        "Foto 77",
        "index72_frame_013",
        "added90_frame_025",
        "index2_frame_016",
        "index65_frame_015",
        "added43_frame_022",
        "Alto 9",
        "index57_frame_013",
        "added20_frame_021",
        "index2_frame_006",
        "added33_frame_020",
        "Screenshot (422)",
        "added74_frame_018",
        "index102_frame_006",
        "added16_frame_011"
    ],
    "samples": [
        [
            "Foto 84",
            "Foto 141",
            "Foto 206",
            "index30_frame_016",
            "Foto 100",
            "added53_frame_135",
            "Foto 165",
            "added53_frame_021",
            "Foto 130",
            "Foto 122",
            "Foto 66",
            "Foto 123",
            "Foto 11",
            "Foto 204",
            "Foto 30",
            "Foto 56",
            "Foto 113",
            "Foto 12",
            "Foto 44"
        ],
        [
            "index72_frame_016",
            "index72_frame_005",
            "index72_frame_007",
            "index72_frame_015",
            "index72_frame_027",
            "added98_frame_028",
            "added98_frame_005",
            "added98_frame_012",
            "added98_frame_019",
            "index107_frame_006",
            "index107_frame_007",
            "index107_frame_004",
            "index62_frame_022",
            "index95_frame_011",
            "index62_frame_017",
            "index62_frame_029",
            "index33_frame_001",
            "added102_frame_025",
            "index33_frame_003"
        ],
        [
            "added90_frame_027",
            "added90_frame_009",
            "Screenshot (15)",
            "added90_frame_047",
            "added90_frame_001",
            "added90_frame_060",
            "Screenshot (22)",
            "added90_frame_077",
            "added90_frame_056",
            "added90_frame_040",
            "Screenshot (14)",
            "added90_frame_042",
            "added90_frame_068",
            "added90_frame_082",
            "Screenshot (11)",
            "added90_frame_065",
            "Screenshot (18)",
            "added90_frame_070",
            "added90_frame_088"
        ],
        [
            "index2_frame_015",
            "added28_frame_014",
            "index66_frame_007",
            "index59_frame_003",
            "added27_frame_026",
            "added28_frame_006",
            "index83_frame_007",
            "index83_frame_005",
            "added27_frame_009",
            "index2_frame_018",
            "index69_frame_007",
            "added18_frame_025",
            "added27_frame_017",
            "index69_frame_005",
            "index71_frame_004",
            "index71_frame_015",
            "added28_frame_022",
            "index71_frame_007",
            "added54_frame_049"
        ],
        [
            "index65_frame_006",
            "index65_frame_028",
            "index65_frame_026",
            "index28_frame_009",
            "index65_frame_004",
            "index28_frame_005",
            "index100_frame_002",
            "index100_frame_004",
            "index41_frame_013",
            "index100_frame_020",
            "index100_frame_001",
            "index25_frame_003",
            "index18_frame_012",
            "index28_frame_017",
            "index28_frame_014",
            "index18_frame_013",
            "index18_frame_008",
            "Screenshot (521)",
            "index28_frame_012"
        ],
        [
            "added43_frame_015",
            "added43_frame_016",
            "added43_frame_010",
            "added43_frame_020",
            "added43_frame_014",
            "added43_frame_013",
            "added43_frame_012",
            "added43_frame_005",
            "added43_frame_011",
            "added43_frame_007",
            "added43_frame_030",
            "added43_frame_027",
            "added43_frame_021",
            "added43_frame_028",
            "added43_frame_009",
            "added43_frame_024",
            "added43_frame_004",
            "added43_frame_017",
            "added43_frame_003"
        ],
        [
            "Alto 33",
            "Alto 11",
            "Alto 40",
            "Alto 41",
            "DataSetVari 34",
            "Alto 38",
            "Alto 42",
            "Alto 51",
            "DataSetVari 1",
            "added99_frame_010",
            "DataSetVari 12",
            "DataSetVari 29",
            "Alto 48",
            "Alto 50",
            "index81_frame_018",
            "Alto 5",
            "index81_frame_003",
            "Alto 45",
            "DataSetVari 78"
        ],
        [
            "index57_frame_009",
            "index57_frame_015",
            "index57_frame_020",
            "index74_frame_004",
            "index74_frame_011",
            "index57_frame_012",
            "index74_frame_010",
            "index74_frame_006",
            "index57_frame_017",
            "index57_frame_010",
            "index74_frame_012",
            "index74_frame_019",
            "index74_frame_014",
            "index57_frame_005",
            "index74_frame_008",
            "index57_frame_002",
            "index57_frame_014",
            "index74_frame_017",
            "index74_frame_009"
        ],
        [
            "added20_frame_006",
            "added20_frame_002",
            "added20_frame_015",
            "added20_frame_020",
            "added20_frame_014",
            "added20_frame_004",
            "added20_frame_010",
            "added20_frame_024",
            "added20_frame_003",
            "added20_frame_007",
            "added20_frame_011",
            "added20_frame_005",
            "added20_frame_013",
            "added20_frame_025",
            "added20_frame_001",
            "added20_frame_017",
            "added20_frame_008",
            "added20_frame_027",
            "added20_frame_012"
        ],
        [
            "index80_frame_004",
            "index2_frame_004",
            "index80_frame_006",
            "index80_frame_007",
            "index80_frame_018",
            "index80_frame_016",
            "index80_frame_003",
            "index113_frame_011",
            "index2_frame_002",
            "Screenshot (353)",
            "index113_frame_003",
            "Screenshot (374)",
            "index113_frame_019",
            "Screenshot (361)",
            "index113_frame_001",
            "index113_frame_017",
            "Screenshot (349)",
            "index86_frame_049",
            "Screenshot (367)"
        ],
        [
            "added33_frame_009",
            "index88_frame_002",
            "index88_frame_007",
            "index88_frame_008",
            "index88_frame_006",
            "index88_frame_028",
            "index88_frame_013",
            "index88_frame_001",
            "added29_frame_015",
            "index108_frame_014",
            "added29_frame_007",
            "added33_frame_022",
            "index30_frame_005",
            "added32_frame_051",
            "DataSetVari 57",
            "index20_frame_018",
            "added89_frame_024",
            "index9_frame_010",
            "index23_frame_010"
        ],
        [
            "Screenshot (428)",
            "Screenshot (476)",
            "Screenshot (433)",
            "Screenshot (414)",
            "Screenshot (466)",
            "DataSetVari 21",
            "Screenshot (420)",
            "Screenshot (417)",
            "Screenshot (461)",
            "Screenshot (439)",
            "Screenshot (438)",
            "Screenshot (442)",
