{
    "k": 17,
    "inertia_score": -166927.96875,
    "silhouette_score": 0.1414182484149933,
    "cluster_counts": [
        20,
        43,
        37,
        101,
        55,
        30,
        100,
        104,
        42,
        30,
        31,
        59,
        129,
        39,
        18,
        39,
        129
    ],
    "centroids": [
        "index70_frame_008",
        "Screenshot (422)",
        "added16_frame_011",
        "index2_frame_015",
        "added90_frame_025",
        "added20_frame_021",
        "index65_frame_015",
        "index80_frame_004",
        "index72_frame_013",
        "added43_frame_022",
        "index20_frame_026",
        "Alto 9",
        "index102_frame_006",
        "index57_frame_013",
        "added74_frame_016",
        "index95_frame_004",
        "index88_frame_029"
    ],
    "samples": [
        [
            "index70_frame_016",
            "index70_frame_010",
            "index70_frame_003",
            "index70_frame_015",
            "index70_frame_021",
            "index70_frame_001",
            "index70_frame_030",
            "index70_frame_022",
            "index70_frame_006",
            "index70_frame_009",
            "index70_frame_019",
            "index70_frame_018",
            "index70_frame_011",
            "index70_frame_024",
            "index70_frame_027",
            "index70_frame_026",
            "index70_frame_005",
            "index70_frame_023"
        ],
        [
            "Screenshot (428)",
            "Screenshot (409)",
            "Screenshot (480)",
            "Screenshot (414)",
            "DataSetVari 21",
            "Screenshot (469)",
            "Screenshot (408)",
            "Screenshot (417)",
            "Screenshot (447)",
            "Screenshot (413)",
            "Screenshot (455)",
            "Screenshot (442)",
            "Screenshot (445)",
            "index106_frame_002",
            "index106_frame_004",
            "index106_frame_005",
            "index106_frame_007",
            "index106_frame_001"
        ],
        [
            "added16_frame_021",
            "added16_frame_006",
            "added16_frame_026",
            "added16_frame_017",
            "added16_frame_003",
            "added16_frame_029",
            "added16_frame_014",
            "added16_frame_022",
            "added16_frame_015",
            "added16_frame_019",
            "added16_frame_025",
            "added16_frame_005",
            "Foto 129",
            "Foto 207",
            "Foto 54",
            "Foto 122",
            "Foto 31",
            "Foto 137"
        ],
        [
            "added18_frame_007",
            "index66_frame_016",
            "added18_frame_005",
            "index83_frame_013",
            "index66_frame_014",
            "added18_frame_017",
            "index66_frame_005",
            "index71_frame_001",
            "index83_frame_006",
            "index83_frame_010",
            "index71_frame_012",
            "index71_frame_003",
            "index71_frame_007",
            "index9_frame_015",
            "index113_frame_019",
            "added54_frame_049",
            "index59_frame_008",
            "index113_frame_017"
        ],
        [
            "added90_frame_027",
            "added90_frame_051",
            "added90_frame_047",
            "Screenshot (24)",
            "Screenshot (22)",
            "added90_frame_033",
            "added90_frame_040",
            "Screenshot (20)",
            "added90_frame_068",
            "added90_frame_026",
            "added90_frame_065",
            "Screenshot (8)",
            "added90_frame_088",
            "Screenshot (9)",
            "Screenshot (21)",
            "Screenshot (19)",
            "DataSetVari 44",
            "DataSetVari 39"
        ],
        [
            "added20_frame_006",
            "added20_frame_002",
            "added20_frame_015",
            "added20_frame_020",
            "added20_frame_014",
            "added20_frame_004",
            "added20_frame_010",
            "added20_frame_024",
            "added20_frame_003",
            "added20_frame_007",
            "added20_frame_011",
            "added20_frame_005",
            "added20_frame_013",
            "added20_frame_025",
            "added20_frame_001",
            "added20_frame_017",
            "added20_frame_008",
            "added20_frame_027"
        ],
        [
            "index65_frame_006",
            "index65_frame_019",
            "index28_frame_009",
            "index65_frame_009",
            "index28_frame_010",
            "index41_frame_005",
            "index41_frame_002",
            "index100_frame_013",
            "index100_frame_010",
            "index100_frame_015",
            "index28_frame_020",
            "index25_frame_003",
            "index26_frame_012",
            "index28_frame_014",
            "index65_frame_030",
            "index28_frame_018",
            "Screenshot (521)",
            "DataSetVari 65"
        ],
        [
            "added28_frame_017",
            "added28_frame_014",
            "index80_frame_006",
            "added28_frame_020",
            "index80_frame_015",
            "index69_frame_011",
            "added28_frame_006",
            "index80_frame_005",
            "added27_frame_012",
            "added28_frame_019",
            "index86_frame_037",
            "index2_frame_002",
            "Screenshot (361)",
            "index69_frame_003",
            "added27_frame_021",
            "Screenshot (365)",
            "index86_frame_078",
            "index86_frame_026"
        ],
        [
            "added98_frame_024",
            "index72_frame_001",
            "index72_frame_008",
            "index72_frame_030",
            "index72_frame_023",
            "index72_frame_016",
            "added98_frame_021",
            "added98_frame_028",
            "added98_frame_005",
            "index72_frame_022",
            "index72_frame_012",
            "index72_frame_007",
            "added98_frame_026",
            "index72_frame_027",
            "added98_frame_019",
            "index72_frame_005",
            "index72_frame_015",
            "added98_frame_003"
        ],
        [
            "added43_frame_015",
            "added43_frame_016",
            "added43_frame_010",
            "added43_frame_020",
            "added43_frame_014",
            "added43_frame_013",
            "added43_frame_012",
            "added43_frame_005",
            "added43_frame_011",
            "added43_frame_007",
            "added43_frame_030",
            "added43_frame_027",
            "added43_frame_021",
            "added43_frame_028",
            "added43_frame_009",
            "added43_frame_024",
            "added43_frame_004",
            "added43_frame_017"
        ],
        [
            "index20_frame_014",
            "index20_frame_005",
            "index20_frame_006",
            "index20_frame_009",
            "index20_frame_013",
            "index20_frame_021",
            "index20_frame_004",
            "index20_frame_022",
            "index20_frame_024",
            "index20_frame_012",
            "index20_frame_025",
            "index20_frame_019",
            "index20_frame_017",
            "index20_frame_011",
            "index20_frame_008",
            "index20_frame_016",
            "index20_frame_001",
            "index20_frame_002"
        ],
        [
            "Alto 33",
            "Alto 11",
            "Alto 40",
            "Alto 41",
            "DataSetVari 34",
            "Alto 38",
            "Alto 42",
            "Alto 51",
            "DataSetVari 1",
            "added99_frame_010",
            "DataSetVari 12",
            "DataSetVari 29",
            "Alto 48",
            "Alto 50",
            "index81_frame_018",
            "Alto 5",
            "index81_frame_003",
            "Alto 45"
