{
    "k": 20,
    "inertia_score": -157584.734375,
    "silhouette_score": 0.15414632856845856,
    "cluster_counts": [
        30,
        61,
        89,
        63,
        39,
        74,
        69,
        59,
        16,
        30,
        24,
        17,
        59,
        57,
        58,
        55,
        6,
        116,
        20,
        57
    ],
    "centroids": [
        "added43_frame_022",
        "index28_frame_007",
        "added33_frame_002",
        "index104_frame_015",
        "index57_frame_013",
        "index72_frame_001",
        "index62_frame_001",
        "index2_frame_006",
        "index32_frame_018",
        "added20_frame_021",
        "added16_frame_027",
        "index113_frame_001",
        "Alto 9",
        "index65_frame_015",
        "Screenshot (422)",
        "added90_frame_025",
        "added70_frame_002",
        "index2_frame_015",
        "index70_frame_008",
        "Foto 77"
    ],
    "samples": [
        [
            "added43_frame_015",
            "added43_frame_010",
            "added43_frame_014",
            "added43_frame_012",
            "added43_frame_011",
            "added43_frame_030",
            "added43_frame_021",
            "added43_frame_009",
            "added43_frame_004",
            "added43_frame_003",
            "added43_frame_026",
            "added43_frame_001",
            "added43_frame_008",
            "added43_frame_025",
            "added43_frame_029"
        ],
        [
            "index28_frame_001",
            "index28_frame_010",
            "index41_frame_002",
            "index28_frame_008",
            "index100_frame_009",
            "index100_frame_013",
            "index100_frame_019",
            "index100_frame_015",
            "index100_frame_001",
            "index25_frame_004",
            "index25_frame_006",
            "DataSetVari 56",
            "index26_frame_018",
            "DataSetVari 64",
            "Screenshot (573)"
        ],
        [
            "added33_frame_005",
            "added34_frame_005",
            "index108_frame_003",
            "DataSetVari 46",
            "DataSetVari 48",
            "index107_frame_006",
            "added33_frame_027",
            "added32_frame_075",
            "added34_frame_014",
            "added29_frame_017",
            "added29_frame_023",
            "added32_frame_080",
            "added33_frame_024",
            "added33_frame_022",
            "added34_frame_011"
        ],
        [
            "index104_frame_019",
            "index102_frame_014",
            "index102_frame_004",
            "index102_frame_011",
            "index102_frame_010",
            "index102_frame_007",
            "index6_frame_006",
            "index104_frame_004",
            "index6_frame_004",
            "index6_frame_012",
            "Screenshot (637)",
            "Screenshot (641)",
            "Screenshot (646)",
            "Screenshot (624)",
            "Screenshot (631)"
        ],
        [
            "index57_frame_009",
            "index57_frame_015",
            "index57_frame_020",
            "index74_frame_004",
            "index74_frame_011",
            "index57_frame_012",
            "index74_frame_010",
            "index74_frame_006",
            "index57_frame_017",
            "index57_frame_010",
            "index74_frame_012",
            "index74_frame_019",
            "index74_frame_014",
            "index57_frame_005",
            "index74_frame_008"
        ],
        [
            "index72_frame_008",
            "added98_frame_007",
            "index72_frame_020",
            "added98_frame_024",
            "added98_frame_005",
            "index72_frame_015",
            "index72_frame_006",
            "index72_frame_028",
            "index88_frame_020",
            "added98_frame_030",
            "index95_frame_004",
            "index95_frame_003",
            "index95_frame_018",
            "index95_frame_008",
            "index88_frame_028"
        ],
        [
            "index62_frame_021",
            "index62_frame_024",
            "index62_frame_022",
            "index62_frame_013",
            "index62_frame_010",
            "index9_frame_002",
            "added74_frame_017",
            "index62_frame_029",
            "added74_frame_020",
            "index9_frame_003",
            "index9_frame_010",
            "added74_frame_001",
            "added74_frame_023",
            "added89_frame_004",
            "added89_frame_005"
        ],
        [
            "index80_frame_004",
            "index80_frame_006",
            "index80_frame_009",
            "index80_frame_015",
            "index86_frame_037",
            "index80_frame_008",
            "Screenshot (355)",
            "index69_frame_008",
            "Screenshot (407)",
            "Screenshot (361)",
            "Screenshot (357)",
            "index86_frame_082",
            "Screenshot (365)",
            "index86_frame_024",
            "Screenshot (367)"
        ],
        [
            "index32_frame_017",
            "index32_frame_008",
            "index32_frame_010",
            "index32_frame_007",
            "index32_frame_009",
            "index32_frame_004",
            "index32_frame_011",
            "index32_frame_001",
            "index32_frame_003",
            "index32_frame_006",
            "index32_frame_016",
            "index32_frame_002",
            "index32_frame_019",
            "index32_frame_005",
            "index32_frame_020"
        ],
        [
            "added20_frame_006",
            "added20_frame_015",
            "added20_frame_014",
            "added20_frame_010",
            "added20_frame_003",
            "added20_frame_011",
            "added20_frame_013",
            "added20_frame_001",
            "added20_frame_008",
            "added20_frame_012",
            "added20_frame_022",
            "added20_frame_023",
            "added20_frame_029",
            "added20_frame_019",
            "added20_frame_030"
        ],
        [
            "added16_frame_021",
            "added16_frame_029",
            "added16_frame_010",
            "added16_frame_011",
            "added16_frame_017",
            "added16_frame_015",
            "added16_frame_006",
            "added16_frame_002",
            "added16_frame_028",
            "added16_frame_024",
            "added16_frame_026",
            "added16_frame_016",
            "added16_frame_022",
            "added16_frame_001",
            "added16_frame_012"
        ],
        [
            "index113_frame_003",
            "index113_frame_012",
            "index113_frame_007",
            "index113_frame_005",
            "index113_frame_013",
            "index113_frame_008",
            "index113_frame_011",
            "index113_frame_004",
            "index113_frame_017",
            "index113_frame_018",
            "index113_frame_009",
            "index113_frame_015",
            "index113_frame_019",
            "index113_frame_020",
            "index113_frame_002"
        ],
        [
            "Alto 33",
            "Alto 11",
            "Alto 40",
            "Alto 41",
            "DataSetVari 34",
            "Alto 38",
            "Alto 42",
            "Alto 51",
            "DataSetVari 1",
            "added99_frame_010",
            "DataSetVari 12",
            "DataSetVari 29",
            "Alto 48",
            "Alto 50",
            "index81_frame_018"
        ],
        [
            "index65_frame_006",
            "index65_frame_019",
            "index65_frame_016",
            "index65_frame_028",
            "index65_frame_009",
            "index65_frame_014",
            "index18_frame_010",
            "index18_frame_002",
            "index65_frame_021",
            "index18_frame_006",
            "index26_frame_012",
            "index9_frame_016",
            "index26_frame_010",
