{
    "k": 12,
    "inertia_score": -181741.390625,
    "silhouette_score": 0.11423986405134201,
    "cluster_counts": [
        145,
        81,
        137,
        116,
        124,
        88,
        56,
        39,
        55,
        69,
        59,
        30
    ],
    "centroids": [
        "index2_frame_016",
        "added20_frame_015",
        "index71_frame_002",
        "index102_frame_006",
        "index65_frame_015",
        "added98_frame_009",
        "added16_frame_011",
        "index57_frame_013",
        "added90_frame_025",
        "Screenshot (422)",
        "Alto 9",
        "added43_frame_022"
    ],
    "samples": [
        [
            "index2_frame_015",
            "added28_frame_013",
            "index2_frame_019",
            "index2_frame_013",
            "index83_frame_003",
            "index83_frame_013",
            "index80_frame_014",
            "index80_frame_013",
            "index83_frame_006",
            "index80_frame_005",
            "added18_frame_011",
            "index83_frame_008",
            "Screenshot (355)",
            "index69_frame_005",
            "Screenshot (361)",
            "Screenshot (371)",
            "index113_frame_013",
            "Screenshot (365)",
            "added27_frame_029",
            "index113_frame_017",
            "index86_frame_034",
            "index86_frame_049"
        ],
        [
            "added20_frame_006",
            "added33_frame_020",
            "added20_frame_002",
            "added20_frame_021",
            "added33_frame_002",
            "added33_frame_014",
            "added74_frame_016",
            "added20_frame_011",
            "added74_frame_020",
            "added74_frame_018",
            "added74_frame_026",
            "added20_frame_024",
            "added20_frame_025",
            "added20_frame_018",
            "added74_frame_008",
            "added32_frame_082",
            "added32_frame_058",
            "added20_frame_028",
            "added74_frame_001",
            "added74_frame_023",
            "added20_frame_019",
            "added20_frame_016"
        ],
        [
            "index71_frame_001",
            "index71_frame_009",
            "index62_frame_028",
            "index62_frame_025",
            "index71_frame_014",
            "index62_frame_016",
            "index71_frame_015",
            "index62_frame_010",
            "index71_frame_007",
            "Foto 100",
            "Foto 27",
            "index16_frame_016",
            "Foto 209",
            "added53_frame_175",
            "index9_frame_004",
            "index14_frame_016",
            "Foto 11",
            "index9_frame_009",
            "index16_frame_013",
            "index14_frame_018",
            "index23_frame_001",
            "Foto 75"
        ],
        [
            "index102_frame_005",
            "index102_frame_016",
            "index104_frame_011",
            "index102_frame_020",
            "index102_frame_007",
            "index6_frame_003",
            "index108_frame_005",
            "index108_frame_009",
            "index108_frame_018",
            "index108_frame_007",
            "DataSetVari 48",
            "Screenshot (518)",
            "Screenshot (636)",
            "added34_frame_018",
            "index32_frame_017",
            "Screenshot (631)",
            "index32_frame_001",
            "added29_frame_026",
            "added33_frame_021",
            "Screenshot (522)",
            "index32_frame_002",
            "Screenshot (520)"
        ],
        [
            "index65_frame_006",
            "index65_frame_007",
            "index65_frame_016",
            "index28_frame_009",
            "index28_frame_008",
            "DataSetVari 60",
            "index41_frame_018",
            "index41_frame_020",
            "index100_frame_013",
            "index66_frame_016",
            "added18_frame_003",
            "index25_frame_004",
            "index41_frame_001",
            "index100_frame_001",
            "DataSetVari 54",
            "index26_frame_018",
            "index18_frame_015",
            "index65_frame_030",
            "index18_frame_002",
            "DataSetVari 3",
            "index26_frame_015",
            "index26_frame_010"
        ],
        [
            "index72_frame_013",
            "index72_frame_008",
            "added98_frame_024",
            "added98_frame_005",
            "index72_frame_012",
            "index72_frame_005",
            "index88_frame_020",
            "added98_frame_010",
            "index72_frame_002",
            "index72_frame_028",
            "index107_frame_011",
            "index95_frame_004",
            "index95_frame_001",
            "index88_frame_028",
            "index95_frame_018",
            "index88_frame_011",
            "index95_frame_014",
            "index95_frame_009",
            "index107_frame_016",
            "index95_frame_012",
            "index107_frame_003",
            "index23_frame_015"
        ],
        [
            "added16_frame_006",
            "added16_frame_017",
            "added16_frame_016",
            "added16_frame_003",
            "added16_frame_013",
            "added16_frame_014",
            "added16_frame_024",
            "added16_frame_029",
            "added16_frame_022",
            "added16_frame_019",
            "added16_frame_005",
            "added16_frame_030",
            "index70_frame_019",
            "index70_frame_001",
            "index70_frame_027",
            "index70_frame_016",
            "index70_frame_023",
            "index70_frame_021",
            "index70_frame_005",
            "index70_frame_022",
            "index70_frame_015",
            "Foto 166"
        ],
        [
            "index57_frame_009",
            "index57_frame_007",
            "index57_frame_015",
            "index57_frame_006",
            "index57_frame_020",
            "index57_frame_018",
            "index74_frame_004",
            "index57_frame_004",
            "index74_frame_011",
            "index57_frame_016",
            "index57_frame_012",
            "index74_frame_007",
            "index74_frame_010",
            "index74_frame_018",
            "index74_frame_006",
            "index74_frame_016",
            "index57_frame_017",
            "index57_frame_011",
            "index57_frame_010",
            "index57_frame_003",
            "index74_frame_012",
            "index74_frame_003"
        ],
        [
            "added90_frame_027",
            "added90_frame_009",
            "Screenshot (15)",
            "added90_frame_047",
            "added90_frame_001",
            "added90_frame_060",
            "Screenshot (22)",
            "added90_frame_077",
            "added90_frame_056",
            "added90_frame_040",
            "Screenshot (14)",
            "added90_frame_042",
            "added90_frame_068",
            "added90_frame_082",
            "Screenshot (11)",
            "added90_frame_065",
            "Screenshot (18)",
            "added90_frame_070",
            "added90_frame_088",
            "added90_frame_012",
            "added90_frame_029",
            "Screenshot (21)"
        ],
        [
            "Screenshot (428)",
            "Screenshot (414)",
            "Screenshot (480)",
            "Screenshot (466)",
            "Screenshot (453)",
            "Screenshot (439)",
            "index106_frame_002",
            "Screenshot (440)",
            "Screenshot (442)",
            "index106_frame_014",
            "index20_frame_014",
            "index20_frame_005",
            "DataSetVari 5",
            "Screenshot (482)",
            "Screenshot (463)",
            "index20_frame_013",
            "Screenshot (675)",
            "DataSetVari 20",
            "index20_frame_026",
            "DataSetVari 23",
            "index20_frame_011",
