{
    "k": 19,
    "inertia_score": -162507.359375,
    "silhouette_score": 0.15115052461624146,
    "cluster_counts": [
        39,
        105,
        93,
        67,
        162,
        30,
        25,
        84,
        56,
        20,
        57,
        16,
        8,
        35,
        79,
        18,
        28,
        30,
        54
    ],
    "centroids": [
        "index57_frame_013",
        "index65_frame_015",
        "index88_frame_029",
        "index102_frame_006",
        "index2_frame_016",
        "added20_frame_021",
        "added16_frame_027",
        "added33_frame_005",
        "index72_frame_008",
        "index70_frame_008",
        "Screenshot (422)",
        "index32_frame_018",
        "index81_frame_008",
        "index113_frame_003",
        "Alto 11",
        "added74_frame_016",
        "added90_frame_047",
        "added43_frame_022",
        "index62_frame_018"
    ],
    "samples": [
        [
            "index57_frame_009",
            "index57_frame_015",
            "index57_frame_020",
            "index74_frame_004",
            "index74_frame_011",
            "index57_frame_012",
            "index74_frame_010",
            "index74_frame_006",
            "index57_frame_017",
            "index57_frame_010",
            "index74_frame_012",
            "index74_frame_019",
            "index74_frame_014",
            "index57_frame_005",
            "index74_frame_008",
            "index57_frame_002"
        ],
        [
            "index65_frame_006",
            "index28_frame_007",
            "index28_frame_009",
            "index65_frame_010",
            "index100_frame_009",
            "DataSetVari 60",
            "index100_frame_004",
            "index100_frame_005",
            "index66_frame_007",
            "index100_frame_001",
            "index25_frame_004",
            "index28_frame_017",
            "index28_frame_014",
            "index108_frame_003",
            "index26_frame_003",
            "DataSetVari 62"
        ],
        [
            "index88_frame_002",
            "index88_frame_006",
            "index9_frame_011",
            "Foto 92",
            "index88_frame_011",
            "index9_frame_003",
            "added89_frame_008",
            "Foto 27",
            "index9_frame_019",
            "index16_frame_006",
            "index16_frame_010",
            "DataSetVari 49",
            "Foto 56",
            "index23_frame_009",
            "added70_frame_029",
            "Foto 200"
        ],
        [
            "index102_frame_003",
            "index102_frame_002",
            "index102_frame_007",
            "index102_frame_008",
            "index102_frame_020",
            "index104_frame_002",
            "index104_frame_003",
            "index108_frame_009",
            "index6_frame_012",
            "index108_frame_018",
            "index104_frame_016",
            "index104_frame_004",
            "Screenshot (636)",
            "Screenshot (624)",
            "index108_frame_012",
            "Screenshot (518)"
        ],
        [
            "index2_frame_015",
            "index80_frame_004",
            "index2_frame_009",
            "index2_frame_012",
            "index69_frame_011",
            "index80_frame_001",
            "index80_frame_019",
            "index2_frame_011",
            "added18_frame_017",
            "added27_frame_002",
            "added27_frame_027",
            "index71_frame_015",
            "index59_frame_006",
            "index71_frame_007",
            "index69_frame_004",
            "Foto 29"
        ],
        [
            "added20_frame_006",
            "added20_frame_002",
            "added20_frame_015",
            "added20_frame_020",
            "added20_frame_014",
            "added20_frame_004",
            "added20_frame_010",
            "added20_frame_024",
            "added20_frame_003",
            "added20_frame_007",
            "added20_frame_011",
            "added20_frame_005",
            "added20_frame_013",
            "added20_frame_025",
            "added20_frame_001",
            "added20_frame_017"
        ],
        [
            "added16_frame_021",
            "added16_frame_029",
            "added16_frame_011",
            "added16_frame_010",
            "added16_frame_017",
            "added16_frame_006",
            "added16_frame_015",
            "added16_frame_028",
            "added16_frame_002",
            "added16_frame_024",
            "added16_frame_026",
            "added16_frame_016",
            "added16_frame_022",
            "added16_frame_001",
            "added16_frame_012",
            "added16_frame_014"
        ],
        [
            "added33_frame_020",
            "index20_frame_014",
            "added34_frame_028",
            "added34_frame_019",
            "added34_frame_024",
            "index20_frame_005",
            "index20_frame_021",
            "added34_frame_021",
            "index20_frame_004",
            "DataSetVari 20",
            "added34_frame_001",
            "index14_frame_016",
            "added33_frame_022",
            "added34_frame_030",
            "index20_frame_022",
            "index20_frame_002"
        ],
        [
            "index72_frame_013",
            "added98_frame_024",
            "index72_frame_020",
            "index72_frame_029",
            "added98_frame_017",
            "added98_frame_023",
            "added98_frame_005",
            "added98_frame_021",
            "index72_frame_006",
            "index72_frame_028",
            "index72_frame_027",
            "index72_frame_002",
            "added98_frame_003",
            "index95_frame_005",
            "index95_frame_018",
            "index95_frame_009"
        ],
        [
            "index70_frame_016",
            "index70_frame_010",
            "index70_frame_003",
            "index70_frame_015",
            "index70_frame_021",
            "index70_frame_001",
            "index70_frame_030",
            "index70_frame_022",
            "index70_frame_006",
            "index70_frame_009",
            "index70_frame_019",
            "index70_frame_018",
            "index70_frame_011",
            "index70_frame_024",
            "index70_frame_027",
            "index70_frame_026"
        ],
        [
            "Screenshot (428)",
            "DataSetVari 21",
            "Screenshot (469)",
            "Screenshot (476)",
            "Screenshot (408)",
            "Screenshot (417)",
            "Screenshot (455)",
            "index106_frame_002",
            "Screenshot (461)",
            "index106_frame_004",
            "index106_frame_005",
            "index106_frame_001",
            "index104_frame_018",
            "Screenshot (675)",
            "DataSetVari 5",
            "Screenshot (621)"
        ],
        [
            "index32_frame_017",
            "index32_frame_008",
            "index32_frame_010",
            "index32_frame_007",
            "index32_frame_009",
            "index32_frame_004",
            "index32_frame_011",
            "index32_frame_001",
            "index32_frame_003",
            "index32_frame_006",
            "index32_frame_016",
            "index32_frame_002",
            "index32_frame_019",
            "index32_frame_005",
            "index32_frame_020"
        ],
        [
            "index81_frame_013",
            "index81_frame_018",
            "index81_frame_019",
            "index81_frame_017",
            "index81_frame_002",
            "index81_frame_003",
            "index81_frame_009"
        ],
        [
            "index113_frame_011",
            "index113_frame_007",
            "index113_frame_019",
            "index113_frame_012",
            "index86_frame_043",
            "index86_frame_067",
            "index113_frame_004",
            "index113_frame_009",
            "index113_frame_020",
