{
    "k": 17,
    "inertia_score": -165834.84375,
    "silhouette_score": 0.1443452686071396,
    "cluster_counts": [
        123,
        54,
        78,
        81,
        69,
        80,
        46,
        39,
        39,
        59,
        30,
        27,
        16,
        30,
        152,
        58,
        18
    ],
    "centroids": [
        "index65_frame_015",
        "added90_frame_025",
        "added33_frame_002",
        "index62_frame_002",
        "index72_frame_001",
        "index104_frame_015",
        "added16_frame_011",
        "index57_frame_013",
        "Screenshot (422)",
        "Alto 9",
        "added20_frame_021",
        "index20_frame_014",
        "index32_frame_018",
        "added43_frame_022",
        "index2_frame_016",
        "Foto 77",
        "added74_frame_016"
    ],
    "samples": [
        [
            "index65_frame_006",
            "index65_frame_008",
            "index28_frame_001",
            "index28_frame_009",
            "index28_frame_010",
            "index41_frame_016",
            "index41_frame_008",
            "index66_frame_009",
            "index66_frame_007",
            "index100_frame_015",
            "index100_frame_001",
            "index25_frame_006",
            "index18_frame_010",
            "index65_frame_030",
            "DataSetVari 9",
            "index18_frame_008",
            "index18_frame_014",
            "DataSetVari 55"
        ],
        [
            "added90_frame_027",
            "Screenshot (15)",
            "added90_frame_047",
            "added90_frame_001",
            "added90_frame_016",
            "added90_frame_033",
            "added90_frame_056",
            "Screenshot (20)",
            "added90_frame_068",
            "added90_frame_026",
            "added90_frame_065",
            "Screenshot (18)",
            "added90_frame_012",
            "added90_frame_088",
            "Screenshot (21)",
            "Screenshot (19)",
            "DataSetVari 44",
            "DataSetVari 39"
        ],
        [
            "added33_frame_005",
            "added34_frame_005",
            "added33_frame_030",
            "added33_frame_012",
            "index108_frame_002",
            "added29_frame_019",
            "added32_frame_064",
            "added34_frame_028",
            "index108_frame_011",
            "index108_frame_005",
            "added33_frame_027",
            "added29_frame_015",
            "index62_frame_030",
            "added34_frame_021",
            "added33_frame_007",
            "added33_frame_018",
            "index107_frame_003",
            "index59_frame_005"
        ],
        [
            "index62_frame_001",
            "added27_frame_016",
            "index62_frame_016",
            "index62_frame_003",
            "index62_frame_027",
            "added27_frame_021",
            "index62_frame_010",
            "Screenshot (355)",
            "index62_frame_028",
            "index62_frame_013",
            "Screenshot (365)",
            "index62_frame_029",
            "Screenshot (371)",
            "index88_frame_013",
            "added89_frame_004",
            "added54_frame_049",
            "index30_frame_005",
            "index23_frame_015"
        ],
        [
            "index72_frame_008",
            "index72_frame_016",
            "index72_frame_023",
            "index72_frame_020",
            "added98_frame_009",
            "added98_frame_017",
            "added98_frame_014",
            "index72_frame_015",
            "added98_frame_001",
            "added98_frame_021",
            "index72_frame_002",
            "added98_frame_030",
            "index88_frame_012",
            "index95_frame_004",
            "index95_frame_002",
            "index95_frame_003",
            "added98_frame_002",
            "index95_frame_014"
        ],
        [
            "index104_frame_011",
            "index104_frame_010",
            "index102_frame_006",
            "index102_frame_004",
            "index104_frame_018",
            "index102_frame_008",
            "index102_frame_017",
            "Screenshot (637)",
            "index102_frame_002",
            "Screenshot (621)",
            "index6_frame_012",
            "index6_frame_010",
            "index106_frame_014",
            "index106_frame_004",
            "Screenshot (644)",
            "index102_frame_009",
            "Screenshot (534)",
            "index104_frame_005"
        ],
        [
            "added16_frame_027",
            "added16_frame_006",
            "added16_frame_010",
            "added16_frame_026",
            "added16_frame_002",
            "added16_frame_029",
            "added16_frame_013",
            "added16_frame_014",
            "added16_frame_001",
            "added16_frame_025",
            "added16_frame_019",
            "added16_frame_030",
            "index70_frame_008",
            "index70_frame_001",
            "index70_frame_016",
            "index70_frame_026",
            "index70_frame_010",
            "index70_frame_022"
        ],
        [
            "index57_frame_009",
            "index57_frame_015",
            "index57_frame_020",
            "index74_frame_004",
            "index74_frame_011",
            "index57_frame_012",
            "index74_frame_010",
            "index74_frame_006",
            "index57_frame_017",
            "index57_frame_010",
            "index74_frame_012",
            "index74_frame_019",
            "index74_frame_014",
            "index57_frame_005",
            "index74_frame_008",
            "index57_frame_002",
            "index57_frame_014",
            "index74_frame_017"
        ],
        [
            "Screenshot (428)",
            "Screenshot (409)",
            "Screenshot (492)",
            "Screenshot (480)",
            "Screenshot (466)",
            "Screenshot (433)",
            "Screenshot (417)",
            "Screenshot (447)",
            "Screenshot (439)",
            "Screenshot (442)",
            "Screenshot (455)",
            "Screenshot (410)",
            "Screenshot (413)",
            "Screenshot (463)",
            "DataSetVari 22",
            "DataSetVari 5",
            "added70_frame_002",
            "added70_frame_004"
        ],
        [
            "Alto 33",
            "Alto 11",
            "Alto 40",
            "Alto 41",
            "DataSetVari 34",
            "Alto 38",
            "Alto 42",
            "Alto 51",
            "DataSetVari 1",
            "added99_frame_010",
            "DataSetVari 12",
            "DataSetVari 29",
            "Alto 48",
            "Alto 50",
            "index81_frame_018",
            "Alto 5",
            "index81_frame_003",
            "Alto 45"
        ],
        [
            "added20_frame_006",
            "added20_frame_002",
            "added20_frame_015",
            "added20_frame_020",
            "added20_frame_014",
            "added20_frame_004",
            "added20_frame_010",
            "added20_frame_024",
            "added20_frame_003",
            "added20_frame_007",
            "added20_frame_011",
            "added20_frame_005",
            "added20_frame_013",
            "added20_frame_025",
            "added20_frame_001",
            "added20_frame_017",
            "added20_frame_008",
            "added20_frame_027"
        ],
        [
            "index20_frame_009",
            "index20_frame_005",
            "index20_frame_026",
            "index20_frame_013",
            "index20_frame_006",
            "index20_frame_021",
            "index20_frame_024",
            "index20_frame_017",
            "index20_frame_004",
            "index20_frame_025",
            "index20_frame_012",
            "index20_frame_018",
            "index20_frame_001",
            "index20_frame_011",
            "index14_frame_007",
            "index14_frame_017",
